{"stats":{"minecraft:mined":{"minecraft:blue_carpet":2,"minecraft:attached_melon_stem":3,"minecraft:white_bed":4,"minecraft:brewing_stand":1,"minecraft:granite":122,"minecraft:acacia_log":81,"minecraft:grass_block":357,"minecraft:composter":3,"minecraft:oxeye_daisy":3,"minecraft:iron_ore":27,"minecraft:cobbled_deepslate":4,"minecraft:azure_bluet":3,"minecraft:dirt_path":37,"minecraft:orange_bed":3,"minecraft:deepslate_redstone_ore":1,"minecraft:melon_stem":12,"minecraft:smoker":2,"minecraft:torch":16,"minecraft:blast_furnace":3,"minecraft:melon":20,"minecraft:cobblestone":1,"minecraft:grindstone":2,"minecraft:sugar_cane":416,"minecraft:wall_torch":9,"minecraft:wheat":232,"minecraft:waxed_copper_block":1,"minecraft:oak_log":21,"minecraft:beetroots":3,"minecraft:sand":6,"minecraft:dirt":457,"minecraft:stonecutter":3,"minecraft:netherrack":64,"minecraft:deepslate":72,"minecraft:oak_leaves":26,"minecraft:emerald_block":1,"minecraft:red_carpet":2,"minecraft:deepslate_diamond_ore":1,"minecraft:ladder":6,"minecraft:spruce_leaves":67,"minecraft:cartography_table":1,"minecraft:sandstone":2,"minecraft:hay_block":40,"minecraft:spruce_sapling":2,"minecraft:furnace":6,"minecraft:andesite":23,"minecraft:cobblestone_slab":12,"minecraft:deepslate_iron_ore":1,"minecraft:stone":535,"minecraft:smithing_table":1,"minecraft:acacia_leaves":3,"minecraft:soul_sand":4,"minecraft:dandelion":20,"minecraft:crafting_table":1,"minecraft:cornflower":2,"minecraft:short_grass":127,"minecraft:lectern":272,"minecraft:tall_grass":12,"minecraft:copper_ore":3,"minecraft:deepslate_gold_ore":33,"minecraft:diorite":123,"minecraft:lime_bed":5,"minecraft:spruce_log":270,"minecraft:yellow_bed":1,"minecraft:coal_ore":103,"minecraft:gravel":185,"minecraft:acacia_planks":5,"minecraft:gold_ore":9},"minecraft:custom":{"minecraft:interact_with_crafting_table":56,"minecraft:open_barrel":4,"minecraft:leave_game":2,"minecraft:time_since_death":108215,"minecraft:sprint_one_cm":1300748,"minecraft:damage_blocked_by_shield":1845,"minecraft:drop":159,"minecraft:talked_to_villager":373,"minecraft:play_time":409898,"minecraft:deaths":4,"minecraft:jump":7043,"minecraft:walk_on_water_one_cm":41119,"minecraft:interact_with_furnace":130,"minecraft:traded_with_villager":22,"minecraft:interact_with_cartography_table":1,"minecraft:sleep_in_bed":11,"minecraft:damage_dealt":10664,"minecraft:crouch_one_cm":165070,"minecraft:interact_with_smoker":14,"minecraft:mob_kills":97,"minecraft:climb_one_cm":12191,"minecraft:walk_one_cm":971552,"minecraft:raid_win":1,"minecraft:sneak_time":42560,"minecraft:walk_under_water_one_cm":25794,"minecraft:interact_with_blast_furnace":2,"minecraft:total_world_time":409898,"minecraft:raid_trigger":1,"minecraft:interact_with_grindstone":2,"minecraft:interact_with_stonecutter":1,"minecraft:time_since_rest":37376,"minecraft:damage_taken":4935,"minecraft:swim_one_cm":60312,"minecraft:fly_one_cm":1774404,"minecraft:open_chest":573,"minecraft:fall_one_cm":184262},"minecraft:broken":{"minecraft:iron_shovel":3,"minecraft:stone_pickaxe":3,"minecraft:stone_shovel":1,"minecraft:shield":1,"minecraft:iron_axe":1,"minecraft:iron_pickaxe":2},"minecraft:used":{"minecraft:iron_shovel":766,"minecraft:ladder":7,"minecraft:chest":3,"minecraft:shield":33,"minecraft:iron_sword":39,"minecraft:rotten_flesh":2,"minecraft:bow":116,"minecraft:ominous_bottle":1,"minecraft:furnace":8,"minecraft:diorite":65,"minecraft:stone_pickaxe":479,"minecraft:wooden_pickaxe":22,"minecraft:composter":3,"minecraft:diamond_axe":282,"minecraft:sugar_cane":182,"minecraft:blast_furnace":3,"minecraft:bread":52,"minecraft:melon_slice":13,"minecraft:lectern":274,"minecraft:gravel":168,"minecraft:diamond_sword":35,"minecraft:grindstone":3,"minecraft:smithing_table":1,"minecraft:andesite":5,"minecraft:bone_meal":27,"minecraft:stone_shovel":131,"minecraft:stone_hoe":86,"minecraft:cooked_chicken":1,"minecraft:netherrack":34,"minecraft:trial_key":2,"minecraft:orange_bed":2,"minecraft:torch":128,"minecraft:dirt":655,"minecraft:spruce_fence":72,"minecraft:granite":12,"minecraft:polished_diorite":9,"minecraft:iron_axe":525,"minecraft:diamond_chestplate":1,"minecraft:golden_carrot":2,"minecraft:emerald_block":2,"minecraft:cooked_beef":15,"minecraft:acacia_planks":26,"minecraft:cobbled_deepslate":73,"minecraft:iron_leggings":2,"minecraft:wheat_seeds":104,"minecraft:cooked_mutton":21,"minecraft:water_bucket":25,"minecraft:cartography_table":1,"minecraft:stonecutter":4,"minecraft:cobblestone_slab":170,"minecraft:waxed_copper_block":1,"minecraft:crafting_table":5,"minecraft:lime_bed":5,"minecraft:white_bed":1,"minecraft:smoker":2,"minecraft:spruce_log":14,"minecraft:ominous_trial_key":1,"minecraft:wind_charge":1,"minecraft:iron_pickaxe":674,"minecraft:spruce_sapling":22,"minecraft:stone_axe":99,"minecraft:cobblestone":27,"minecraft:cooked_porkchop":2,"minecraft:bucket":26,"minecraft:yellow_bed":1,"minecraft:diamond_leggings":1},"minecraft:dropped":{"minecraft:acacia_boat":1,"minecraft:diamond_axe":1,"minecraft:crossbow":3,"minecraft:saddle":1,"minecraft:dirt":64,"minecraft:cornflower":2,"minecraft:iron_pickaxe":5,"minecraft:bone":18,"minecraft:oak_door":1,"minecraft:stone_axe":4,"minecraft:rotten_flesh":108,"minecraft:oak_planks":1,"minecraft:cooked_mutton":8,"minecraft:azure_bluet":4,"minecraft:chainmail_chestplate":13,"minecraft:poppy":1,"minecraft:leather_boots":1,"minecraft:chainmail_boots":12,"minecraft:spruce_slab":5,"minecraft:netherrack":12,"minecraft:lectern":1,"minecraft:egg":1,"minecraft:bread":24,"minecraft:oak_slab":4,"minecraft:wheat_seeds":90,"minecraft:poisonous_potato":2,"minecraft:iron_helmet":2,"minecraft:book":1,"minecraft:copper_ingot":1,"minecraft:oxeye_daisy":4,"minecraft:lava_bucket":2,"minecraft:torch":114,"minecraft:melon_slice":39,"minecraft:diamond_helmet":1,"minecraft:iron_leggings":13,"minecraft:dead_bush":1,"minecraft:white_banner":2,"minecraft:iron_axe":7,"minecraft:orange_bed":2,"minecraft:smooth_stone":3,"minecraft:iron_shovel":1,"minecraft:blue_carpet":1,"minecraft:dandelion":24,"minecraft:furnace":1,"minecraft:raw_copper":9,"minecraft:guster_banner_pattern":1,"minecraft:iron_boots":2,"minecraft:shield":3,"minecraft:flower_pot":1,"minecraft:iron_chestplate":6,"minecraft:diamond_pickaxe":1,"minecraft:bow":1},"minecraft:picked_up":{"minecraft:iron_chestplate":1,"minecraft:wheat":156,"minecraft:smithing_table":1,"minecraft:diamond_sword":3,"minecraft:enchanted_book":2,"minecraft:brewing_stand":1,"minecraft:string":17,"minecraft:raw_copper":9,"minecraft:iron_leggings":1,"minecraft:beetroot":1,"minecraft:diamond_leggings":3,"minecraft:cobbled_deepslate":73,"minecraft:smooth_stone":6,"minecraft:trial_key":3,"minecraft:cobblestone_slab":156,"minecraft:iron_pickaxe":3,"minecraft:enchanted_golden_apple":2,"minecraft:melon_slice":116,"minecraft:furnace":6,"minecraft:tipped_arrow":2,"minecraft:stick":16,"minecraft:composter":3,"minecraft:torch":23,"minecraft:acacia_log":100,"minecraft:porkchop":14,"minecraft:diorite":122,"minecraft:orange_bed":4,"minecraft:rotten_flesh":41,"minecraft:cobblestone":512,"minecraft:cooked_beef":5,"minecraft:andesite":19,"minecraft:smoker":2,"minecraft:potato":12,"minecraft:flint":15,"minecraft:dirt":999,"minecraft:bone":11,"minecraft:acacia_planks":5,"minecraft:stonecutter":3,"minecraft:wheat_seeds":542,"minecraft:raw_gold":47,"minecraft:grindstone":2,"minecraft:guster_banner_pattern":2,"minecraft:diamond_helmet":4,"minecraft:oak_planks":45,"minecraft:sand":6,"minecraft:diamond":2,"minecraft:crossbow":3,"minecraft:granite":121,"minecraft:bread":21,"minecraft:emerald":141,"minecraft:netherrack":62,"minecraft:ominous_trial_key":1,"minecraft:diamond_pickaxe":1,"minecraft:crafting_table":1,"minecraft:azure_bluet":4,"minecraft:ominous_bottle":3,"minecraft:ladder":7,"minecraft:shield":2,"minecraft:wind_charge":7,"minecraft:cornflower":6,"minecraft:iron_axe":4,"minecraft:cartography_table":1,"minecraft:beef":25,"minecraft:poppy":1,"minecraft:lectern":273,"minecraft:sugar_cane":863,"minecraft:egg":3,"minecraft:raw_iron":28,"minecraft:sandstone":2,"minecraft:stone":5,"minecraft:copper_ingot":1,"minecraft:carrot":15,"minecraft:redstone":1,"minecraft:blue_carpet":1,"minecraft:arrow":25,"minecraft:diamond_chestplate":2,"minecraft:beetroot_seeds":5,"minecraft:hay_block":40,"minecraft:diamond_boots":3,"minecraft:saddle":1,"minecraft:totem_of_undying":5,"minecraft:mutton":30,"minecraft:white_wool":18,"minecraft:oxeye_daisy":3,"minecraft:lime_bed":5,"minecraft:golden_carrot":3,"minecraft:glow_ink_sac":1,"minecraft:leather":12,"minecraft:oak_log":20,"minecraft:waxed_copper_block":3,"minecraft:yellow_bed":1,"minecraft:gunpowder":2,"minecraft:white_banner":2,"minecraft:cooked_mutton":13,"minecraft:iron_ingot":8,"minecraft:soul_sand":4,"minecraft:book":5,"minecraft:emerald_block":2,"minecraft:dandelion":24,"minecraft:gravel":169,"minecraft:lava_bucket":1,"minecraft:spruce_sapling":48,"minecraft:blast_furnace":3,"minecraft:white_bed":4,"minecraft:spruce_log":270,"minecraft:spider_eye":2,"minecraft:diamond_axe":2,"minecraft:melon_seeds":25,"minecraft:coal":142},"minecraft:crafted":{"minecraft:grindstone":1,"minecraft:smooth_stone":3,"minecraft:cobblestone_slab":186,"minecraft:stone":11,"minecraft:cooked_mutton":8,"minecraft:bow":1,"minecraft:chest":3,"minecraft:stone_hoe":1,"minecraft:emerald":16,"minecraft:cooked_porkchop":5,"minecraft:crafting_table":4,"minecraft:spruce_planks":148,"minecraft:baked_potato":104,"minecraft:wooden_pickaxe":1,"minecraft:iron_chestplate":2,"minecraft:paper":384,"minecraft:shield":2,"minecraft:stick":100,"minecraft:stone_slab":6,"minecraft:iron_ingot":65,"minecraft:iron_pickaxe":3,"minecraft:gold_ingot":19,"minecraft:stone_shovel":1,"minecraft:fishing_rod":1,"minecraft:furnace":3,"minecraft:bone_meal":63,"minecraft:spruce_fence":84,"minecraft:polished_diorite":12,"minecraft:iron_axe":3,"minecraft:stone_pickaxe":4,"minecraft:wheat":90,"minecraft:cooked_beef":50,"minecraft:diamond_sword":1,"minecraft:bucket":3,"minecraft:stone_axe":1,"minecraft:enchanted_book":4,"minecraft:bread":54,"minecraft:air":0,"minecraft:iron_shovel":3,"minecraft:iron_leggings":2,"minecraft:stonecutter":1,"minecraft:acacia_planks":104,"minecraft:torch":200},"minecraft:killed_by":{"minecraft:vindicator":1,"minecraft:zombie":2,"minecraft:skeleton":1},"minecraft:killed":{"minecraft:witch":2,"minecraft:spider":3,"minecraft:skeleton":8,"minecraft:pig":7,"minecraft:iron_golem":1,"minecraft:creeper":2,"minecraft:sheep":18,"minecraft:pillager":11,"minecraft:zombie":14,"minecraft:cow":10,"minecraft:evoker":1,"minecraft:vex":7,"minecraft:bogged":1,"minecraft:vindicator":6,"minecraft:drowned":2}},"DataVersion":3955}