{"stats":{"minecraft:broken":{"minecraft:iron_shovel":1,"minecraft:golden_shovel":2,"minecraft:golden_axe":1,"minecraft:iron_axe":3,"minecraft:stone_axe":1,"minecraft:iron_pickaxe":3,"minecraft:wooden_axe":1},"minecraft:custom":{"minecraft:mob_kills":95,"minecraft:animals_bred":1,"minecraft:interact_with_crafting_table":67,"minecraft:interact_with_campfire":14,"minecraft:bell_ring":16,"minecraft:leave_game":3,"minecraft:time_since_death":137614,"minecraft:climb_one_cm":658,"minecraft:sprint_one_cm":1264414,"minecraft:walk_one_cm":659796,"minecraft:damage_blocked_by_shield":2250,"minecraft:drop":58,"minecraft:talked_to_villager":18,"minecraft:play_time":331470,"minecraft:sneak_time":26278,"minecraft:deaths":10,"minecraft:walk_under_water_one_cm":19770,"minecraft:boat_one_cm":51579,"minecraft:jump":6372,"minecraft:interact_with_blast_furnace":1,"minecraft:walk_on_water_one_cm":20903,"minecraft:total_world_time":331470,"minecraft:interact_with_furnace":175,"minecraft:interact_with_stonecutter":1,"minecraft:sleep_in_bed":16,"minecraft:time_since_rest":35083,"minecraft:damage_taken":6439,"minecraft:damage_dealt":10595,"minecraft:swim_one_cm":65746,"minecraft:fly_one_cm":1336163,"minecraft:open_chest":146,"minecraft:crouch_one_cm":95334,"minecraft:fall_one_cm":175532},"minecraft:mined":{"minecraft:tuff":20,"minecraft:spruce_planks":1,"minecraft:white_bed":5,"minecraft:deepslate_diamond_ore":1,"minecraft:cobblestone_stairs":1,"minecraft:brewing_stand":1,"minecraft:cave_vines_plant":6,"minecraft:granite":13,"minecraft:grass_block":175,"minecraft:spruce_leaves":19,"minecraft:composter":1,"minecraft:moss_block":3,"minecraft:large_fern":5,"minecraft:hay_block":6,"minecraft:magma_block":5,"minecraft:redstone_ore":3,"minecraft:furnace":7,"minecraft:fire":1,"minecraft:iron_ore":47,"minecraft:andesite":27,"minecraft:moss_carpet":1,"minecraft:pumpkin":1,"minecraft:fletching_table":1,"minecraft:bookshelf":2,"minecraft:pointed_dripstone":7,"minecraft:cave_vines":42,"minecraft:deepslate_iron_ore":39,"minecraft:cobblestone_slab":10,"minecraft:rail":2,"minecraft:oak_stairs":4,"minecraft:stripped_oak_log":1,"minecraft:stone":527,"minecraft:podzol":4,"minecraft:deepslate_redstone_ore":7,"minecraft:brown_mushroom":11,"minecraft:dandelion":1,"minecraft:powder_snow":1,"minecraft:clay":11,"minecraft:oak_fence":2,"minecraft:crafting_table":9,"minecraft:torch":12,"minecraft:poppy":1,"minecraft:chest":1,"minecraft:copper_ore":2,"minecraft:lectern":11,"minecraft:tall_grass":12,"minecraft:glass":1,"minecraft:cobblestone":9,"minecraft:deepslate_gold_ore":35,"minecraft:lapis_ore":8,"minecraft:oak_planks":205,"minecraft:grindstone":1,"minecraft:sugar_cane":8,"minecraft:blue_bed":13,"minecraft:diorite":7,"minecraft:wall_torch":14,"minecraft:spruce_stairs":12,"minecraft:birch_planks":18,"minecraft:coarse_dirt":1,"minecraft:birch_log":10,"minecraft:wheat":7,"minecraft:sweet_berry_bush":24,"minecraft:spruce_log":26,"minecraft:birch_leaves":3,"minecraft:yellow_bed":7,"minecraft:grass":30,"minecraft:oak_log":373,"minecraft:coal_ore":273,"minecraft:gravel":5,"minecraft:sand":193,"minecraft:dripstone_block":1,"minecraft:dirt":80,"minecraft:stonecutter":3,"minecraft:gold_ore":14,"minecraft:oak_leaves":37,"minecraft:deepslate":444,"minecraft:fern":4},"minecraft:picked_up":{"minecraft:wooden_axe":1,"minecraft:iron_chestplate":4,"minecraft:coarse_dirt":1,"minecraft:crafting_table":14,"minecraft:wheat":21,"minecraft:chicken":4,"minecraft:clay_ball":92,"minecraft:brown_mushroom":10,"minecraft:wooden_pickaxe":1,"minecraft:oak_stairs":4,"minecraft:brewing_stand":2,"minecraft:shield":2,"minecraft:string":1,"minecraft:raw_copper":8,"minecraft:iron_axe":1,"minecraft:iron_leggings":3,"minecraft:iron_shovel":1,"minecraft:cobbled_deepslate":289,"minecraft:spruce_planks":3,"minecraft:beef":23,"minecraft:oak_boat":4,"minecraft:cobblestone_slab":11,"minecraft:light_gray_wool":1,"minecraft:lectern":11,"minecraft:sugar_cane":20,"minecraft:chest":1,"minecraft:birch_sapling":4,"minecraft:furnace":9,"minecraft:iron_boots":4,"minecraft:egg":3,"minecraft:stick":68,"minecraft:raw_iron":97,"minecraft:composter":1,"minecraft:oak_fence":7,"minecraft:torch":161,"minecraft:spruce_stairs":26,"minecraft:porkchop":37,"minecraft:pointed_dripstone":20,"minecraft:diorite":8,"minecraft:redstone":56,"minecraft:arrow":17,"minecraft:rotten_flesh":43,"minecraft:tropical_fish":1,"minecraft:pumpkin_pie":2,"minecraft:hay_block":6,"minecraft:gold_ingot":3,"minecraft:glow_berries":17,"minecraft:mutton":82,"minecraft:rail":2,"minecraft:white_wool":52,"minecraft:cobblestone":529,"minecraft:stripped_oak_log":1,"minecraft:birch_log":30,"minecraft:magma_block":5,"minecraft:andesite":27,"minecraft:leather":14,"minecraft:potato":23,"minecraft:birch_planks":18,"minecraft:flint":10,"minecraft:tuff":35,"minecraft:oak_log":567,"minecraft:yellow_bed":7,"minecraft:gunpowder":1,"minecraft:cobblestone_stairs":1,"minecraft:lapis_lazuli":107,"minecraft:blue_bed":15,"minecraft:dirt":341,"minecraft:name_tag":2,"minecraft:cooked_mutton":9,"minecraft:bone":27,"minecraft:apple":4,"minecraft:stonecutter":3,"minecraft:bow":1,"minecraft:wheat_seeds":67,"minecraft:raw_gold":73,"minecraft:grindstone":1,"minecraft:iron_ingot":35,"minecraft:stone_pickaxe":5,"minecraft:fletching_table":4,"minecraft:moss_block":5,"minecraft:iron_sword":2,"minecraft:oak_planks":215,"minecraft:book":6,"minecraft:cooked_porkchop":24,"minecraft:pumpkin":3,"minecraft:sweet_berries":140,"minecraft:dandelion":1,"minecraft:dripstone_block":3,"minecraft:gravel":3,"minecraft:sand":193,"minecraft:spruce_sapling":2,"minecraft:white_bed":7,"minecraft:spruce_log":28,"minecraft:diamond":1,"minecraft:stone_axe":2,"minecraft:iron_helmet":3,"minecraft:granite":13,"minecraft:gray_wool":2,"minecraft:bread":9,"minecraft:oak_sapling":27,"minecraft:coal":542,"minecraft:diamond_pickaxe":3},"minecraft:killed_by":{"minecraft:player":1,"minecraft:creeper":1,"minecraft:skeleton":3,"minecraft:zombie":1},"minecraft:used":{"minecraft:oak_fence":62,"minecraft:moss_block":2,"minecraft:iron_shovel":254,"minecraft:chest":3,"minecraft:spruce_planks":85,"minecraft:shield":37,"minecraft:rotten_flesh":5,"minecraft:oak_door":2,"minecraft:iron_chestplate":1,"minecraft:torch":223,"minecraft:dirt":83,"minecraft:spruce_stairs":35,"minecraft:golden_shovel":65,"minecraft:tuff":3,"minecraft:glass":127,"minecraft:wooden_axe":60,"minecraft:iron_axe":634,"minecraft:oak_stairs":8,"minecraft:iron_helmet":1,"minecraft:iron_boots":1,"minecraft:sweet_berries":31,"minecraft:furnace":9,"minecraft:cooked_beef":13,"minecraft:golden_axe":25,"minecraft:iron_leggings":1,"minecraft:wheat_seeds":7,"minecraft:cooked_mutton":24,"minecraft:cobblestone_stairs":25,"minecraft:birch_planks":42,"minecraft:stone_pickaxe":200,"minecraft:baked_potato":3,"minecraft:oak_planks":552,"minecraft:blue_bed":9,"minecraft:wooden_pickaxe":36,"minecraft:cobblestone_slab":2,"minecraft:white_wool":3,"minecraft:glow_berries":14,"minecraft:white_bed":4,"minecraft:sand":8,"minecraft:crafting_table":10,"minecraft:dripstone_block":1,"minecraft:oak_log":73,"minecraft:diamond_pickaxe":655,"minecraft:apple":1,"minecraft:bread":17,"minecraft:iron_pickaxe":732,"minecraft:lectern":11,"minecraft:oak_pressure_plate":2,"minecraft:gravel":1,"minecraft:stone_axe":177,"minecraft:cobblestone":339,"minecraft:cooked_porkchop":8,"minecraft:andesite":25,"minecraft:yellow_bed":6,"minecraft:oak_boat":4},"minecraft:killed":{"minecraft:skeleton":5,"minecraft:chicken":1,"minecraft:pig":12,"minecraft:zombie_villager":1,"minecraft:sheep":34,"minecraft:zombie":23,"minecraft:cow":11},"minecraft:crafted":{"minecraft:oak_door":3,"minecraft:oak_planks":684,"minecraft:oak_pressure_plate":2,"minecraft:cooked_chicken":1,"minecraft:furnace":7,"minecraft:cobblestone_stairs":24,"minecraft:bone_meal":15,"minecraft:cooked_mutton":51,"minecraft:glass":185,"minecraft:spruce_stairs":32,"minecraft:iron_boots":1,"minecraft:iron_axe":6,"minecraft:stone_pickaxe":4,"minecraft:chest":2,"minecraft:oak_fence":57,"minecraft:cooked_beef":31,"minecraft:cooked_porkchop":3,"minecraft:crafting_table":5,"minecraft:spruce_planks":156,"minecraft:iron_helmet":1,"minecraft:baked_potato":6,"minecraft:wooden_pickaxe":3,"minecraft:iron_sword":1,"minecraft:golden_shovel":2,"minecraft:fletching_table":2,"minecraft:birch_planks":40,"minecraft:stone_axe":1,"minecraft:bread":2,"minecraft:air":0,"minecraft:oak_boat":1,"minecraft:iron_chestplate":2,"minecraft:shield":2,"minecraft:stick":156,"minecraft:iron_ingot":43,"minecraft:iron_pickaxe":1,"minecraft:oak_stairs":4,"minecraft:wooden_axe":1,"minecraft:iron_shovel":1,"minecraft:iron_leggings":2,"minecraft:gold_ingot":32,"minecraft:torch":268},"minecraft:dropped":{"minecraft:bread":6,"minecraft:iron_ingot":14,"minecraft:moss_block":3,"minecraft:wheat_seeds":3,"minecraft:oak_log":16,"minecraft:baked_potato":3,"minecraft:cooked_porkchop":7,"minecraft:golden_apple":1,"minecraft:dirt":17,"minecraft:diorite":1,"minecraft:torch":1,"minecraft:iron_leggings":1,"minecraft:pumpkin_pie":1,"minecraft:spruce_sapling":2,"minecraft:blue_bed":1,"minecraft:dandelion":1,"minecraft:cobbled_deepslate":1,"minecraft:grindstone":1,"minecraft:rotten_flesh":5,"minecraft:light_gray_wool":1,"minecraft:oak_planks":16,"minecraft:iron_boots":1,"minecraft:white_bed":1,"minecraft:gunpowder":1,"minecraft:spruce_planks":2,"minecraft:iron_chestplate":2,"minecraft:egg":3}},"DataVersion":3465}