{"stats":{"minecraft:killed":{"minecraft:spider":2,"minecraft:skeleton":6,"minecraft:pig":7,"minecraft:iron_golem":1,"minecraft:creeper":1,"minecraft:sheep":18,"minecraft:zombie":12,"minecraft:cow":9},"minecraft:used":{"minecraft:iron_shovel":1,"minecraft:stone_shovel":131,"minecraft:chest":1,"minecraft:shield":9,"minecraft:iron_sword":29,"minecraft:stone_hoe":86,"minecraft:orange_bed":2,"minecraft:torch":91,"minecraft:dirt":149,"minecraft:granite":12,"minecraft:polished_diorite":9,"minecraft:iron_axe":253,"minecraft:furnace":3,"minecraft:cooked_beef":10,"minecraft:cobbled_deepslate":73,"minecraft:acacia_planks":26,"minecraft:iron_leggings":2,"minecraft:cooked_mutton":2,"minecraft:wheat_seeds":104,"minecraft:water_bucket":1,"minecraft:diorite":65,"minecraft:stone_pickaxe":479,"minecraft:wooden_pickaxe":22,"minecraft:composter":3,"minecraft:crafting_table":5,"minecraft:lime_bed":1,"minecraft:smoker":1,"minecraft:bread":44,"minecraft:melon_slice":13,"minecraft:iron_pickaxe":586,"minecraft:stone_axe":99,"minecraft:cobblestone":27,"minecraft:cooked_porkchop":2,"minecraft:andesite":5,"minecraft:bucket":3},"minecraft:dropped":{"minecraft:bread":24,"minecraft:book":1,"minecraft:lava_bucket":2,"minecraft:torch":97,"minecraft:melon_slice":39,"minecraft:iron_leggings":1,"minecraft:iron_axe":2,"minecraft:iron_pickaxe":1,"minecraft:orange_bed":2,"minecraft:shield":1,"minecraft:iron_chestplate":1},"minecraft:picked_up":{"minecraft:crafting_table":1,"minecraft:iron_chestplate":1,"minecraft:wheat":156,"minecraft:smithing_table":1,"minecraft:brewing_stand":1,"minecraft:shield":1,"minecraft:string":7,"minecraft:raw_copper":9,"minecraft:iron_axe":2,"minecraft:iron_leggings":1,"minecraft:beetroot":1,"minecraft:cartography_table":1,"minecraft:cobbled_deepslate":73,"minecraft:beef":24,"minecraft:iron_pickaxe":1,"minecraft:melon_slice":116,"minecraft:sugar_cane":104,"minecraft:egg":3,"minecraft:stick":2,"minecraft:raw_iron":28,"minecraft:sandstone":2,"minecraft:composter":3,"minecraft:torch":12,"minecraft:acacia_log":100,"minecraft:porkchop":14,"minecraft:diorite":122,"minecraft:carrot":15,"minecraft:blue_carpet":1,"minecraft:orange_bed":4,"minecraft:arrow":9,"minecraft:rotten_flesh":12,"minecraft:beetroot_seeds":5,"minecraft:hay_block":40,"minecraft:mutton":30,"minecraft:cobblestone":511,"minecraft:white_wool":18,"minecraft:lime_bed":2,"minecraft:cooked_beef":5,"minecraft:glow_ink_sac":1,"minecraft:andesite":19,"minecraft:leather":10,"minecraft:smoker":1,"minecraft:potato":12,"minecraft:flint":1,"minecraft:oak_log":20,"minecraft:gunpowder":2,"minecraft:dirt":235,"minecraft:cooked_mutton":11,"minecraft:bone":7,"minecraft:acacia_planks":5,"minecraft:wheat_seeds":514,"minecraft:raw_gold":47,"minecraft:iron_ingot":4,"minecraft:lava_bucket":1,"minecraft:gravel":15,"minecraft:sand":6,"minecraft:spruce_sapling":5,"minecraft:blast_furnace":1,"minecraft:spruce_log":17,"minecraft:spider_eye":2,"minecraft:diamond":1,"minecraft:granite":121,"minecraft:bread":13,"minecraft:netherrack":12,"minecraft:melon_seeds":25,"minecraft:coal":136},"minecraft:killed_by":{"minecraft:skeleton":1},"minecraft:broken":{"minecraft:stone_pickaxe":3,"minecraft:iron_pickaxe":2,"minecraft:stone_shovel":1},"minecraft:custom":{"minecraft:mob_kills":58,"minecraft:interact_with_crafting_table":35,"minecraft:leave_game":1,"minecraft:time_since_death":106974,"minecraft:climb_one_cm":356,"minecraft:sprint_one_cm":731506,"minecraft:walk_one_cm":328001,"minecraft:damage_blocked_by_shield":585,"minecraft:drop":32,"minecraft:talked_to_villager":13,"minecraft:play_time":189041,"minecraft:deaths":1,"minecraft:sneak_time":20512,"minecraft:walk_under_water_one_cm":20594,"minecraft:jump":4387,"minecraft:interact_with_blast_furnace":1,"minecraft:walk_on_water_one_cm":31101,"minecraft:total_world_time":189041,"minecraft:interact_with_furnace":86,"minecraft:interact_with_cartography_table":1,"minecraft:interact_with_grindstone":1,"minecraft:interact_with_stonecutter":1,"minecraft:sleep_in_bed":2,"minecraft:time_since_rest":38551,"minecraft:damage_taken":2551,"minecraft:damage_dealt":7400,"minecraft:swim_one_cm":41152,"minecraft:fly_one_cm":1104105,"minecraft:open_chest":129,"minecraft:crouch_one_cm":53046,"minecraft:interact_with_smoker":10,"minecraft:fall_one_cm":117547},"minecraft:mined":{"minecraft:blue_carpet":2,"minecraft:red_carpet":2,"minecraft:attached_melon_stem":3,"minecraft:deepslate_diamond_ore":1,"minecraft:brewing_stand":1,"minecraft:granite":122,"minecraft:acacia_log":81,"minecraft:grass_block":10,"minecraft:spruce_leaves":41,"minecraft:composter":3,"minecraft:cartography_table":1,"minecraft:oxeye_daisy":1,"minecraft:sandstone":2,"minecraft:hay_block":40,"minecraft:furnace":3,"minecraft:iron_ore":27,"minecraft:cobbled_deepslate":4,"minecraft:andesite":23,"minecraft:deepslate_iron_ore":1,"minecraft:stone":535,"minecraft:orange_bed":3,"minecraft:smithing_table":1,"minecraft:deepslate_redstone_ore":1,"minecraft:acacia_leaves":3,"minecraft:melon_stem":12,"minecraft:smoker":1,"minecraft:crafting_table":1,"minecraft:torch":7,"minecraft:short_grass":59,"minecraft:blast_furnace":1,"minecraft:melon":20,"minecraft:copper_ore":3,"minecraft:tall_grass":6,"minecraft:deepslate_gold_ore":33,"minecraft:sugar_cane":41,"minecraft:diorite":123,"minecraft:wall_torch":6,"minecraft:lime_bed":2,"minecraft:wheat":232,"minecraft:spruce_log":17,"minecraft:coal_ore":103,"minecraft:oak_log":21,"minecraft:beetroots":3,"minecraft:gravel":17,"minecraft:sand":6,"minecraft:dirt":228,"minecraft:acacia_planks":5,"minecraft:netherrack":12,"minecraft:gold_ore":9,"minecraft:oak_leaves":26,"minecraft:deepslate":72},"minecraft:crafted":{"minecraft:stone_shovel":1,"minecraft:furnace":3,"minecraft:polished_diorite":12,"minecraft:iron_axe":2,"minecraft:stone_pickaxe":4,"minecraft:chest":1,"minecraft:stone_hoe":1,"minecraft:wheat":90,"minecraft:cooked_beef":21,"minecraft:cooked_porkchop":5,"minecraft:crafting_table":4,"minecraft:spruce_planks":4,"minecraft:wooden_pickaxe":1,"minecraft:bucket":3,"minecraft:stone_axe":1,"minecraft:bread":54,"minecraft:air":0,"minecraft:iron_chestplate":2,"minecraft:shield":2,"minecraft:stick":60,"minecraft:iron_ingot":63,"minecraft:iron_pickaxe":3,"minecraft:iron_shovel":1,"minecraft:gold_ingot":19,"minecraft:iron_leggings":2,"minecraft:acacia_planks":100,"minecraft:torch":176}},"DataVersion":3955}