{"stats":{"minecraft:crafted":{"minecraft:oak_planks":2192,"minecraft:cobblestone_slab":768,"minecraft:oak_pressure_plate":2,"minecraft:cooked_chicken":1,"minecraft:crimson_sign":18,"minecraft:stone":9,"minecraft:cobblestone_stairs":64,"minecraft:cooked_mutton":69,"minecraft:glass":185,"minecraft:hopper":2,"minecraft:bow":3,"minecraft:iron_boots":2,"minecraft:chest":8,"minecraft:oak_fence":57,"minecraft:oak_slab":30,"minecraft:emerald":158,"minecraft:cooked_porkchop":8,"minecraft:crafting_table":6,"minecraft:spruce_planks":156,"minecraft:baked_potato":254,"minecraft:wooden_pickaxe":3,"minecraft:iron_helmet":14,"minecraft:fletching_table":2,"minecraft:birch_planks":608,"minecraft:dispenser":4,"minecraft:iron_chestplate":3,"minecraft:diamond_pickaxe":1,"minecraft:shield":4,"minecraft:stick":4651,"minecraft:iron_ingot":361,"minecraft:iron_pickaxe":7,"minecraft:iron_block":5,"minecraft:gold_ingot":71,"minecraft:redstone_torch":6,"minecraft:shears":1,"minecraft:golden_carrot":28,"minecraft:oak_door":3,"minecraft:iron_nugget":59,"minecraft:furnace":7,"minecraft:bone_meal":33,"minecraft:flint_and_steel":1,"minecraft:lantern":6,"minecraft:spruce_stairs":32,"minecraft:iron_axe":9,"minecraft:ladder":12,"minecraft:iron_hoe":1,"minecraft:stone_pickaxe":4,"minecraft:wheat":54,"minecraft:cooked_beef":31,"minecraft:crimson_planks":48,"minecraft:iron_sword":1,"minecraft:golden_shovel":2,"minecraft:bucket":4,"minecraft:stone_axe":1,"minecraft:bread":26,"minecraft:air":0,"minecraft:oak_boat":1,"minecraft:golden_apple":2,"minecraft:gold_nugget":225,"minecraft:chainmail_boots":12,"minecraft:oak_stairs":4,"minecraft:wooden_axe":1,"minecraft:crimson_fence":6,"minecraft:iron_shovel":4,"minecraft:iron_leggings":3,"minecraft:anvil":1,"minecraft:torch":364},"minecraft:dropped":{"minecraft:moss_block":3,"minecraft:oak_log":29,"minecraft:baked_potato":3,"minecraft:cooked_porkchop":7,"minecraft:flint":1,"minecraft:dirt":17,"minecraft:pumpkin_pie":1,"minecraft:iron_pickaxe":1,"minecraft:blue_bed":1,"minecraft:gravel":1,"minecraft:cobbled_deepslate":4,"minecraft:birch_sapling":3,"minecraft:rotten_flesh":11,"minecraft:grindstone":1,"minecraft:oak_planks":17,"minecraft:cooked_mutton":7,"minecraft:white_bed":1,"minecraft:carrot":91,"minecraft:gunpowder":1,"minecraft:leather_boots":1,"minecraft:chainmail_boots":16,"minecraft:netherrack":1,"minecraft:egg":3,"minecraft:bread":6,"minecraft:iron_ingot":14,"minecraft:wheat_seeds":17,"minecraft:iron_helmet":20,"minecraft:apple":5,"minecraft:golden_apple":1,"minecraft:stick":8,"minecraft:diorite":1,"minecraft:golden_carrot":14,"minecraft:torch":1,"minecraft:iron_leggings":1,"minecraft:iron_shovel":1,"minecraft:spruce_sapling":2,"minecraft:dandelion":1,"minecraft:coarse_dirt":1,"minecraft:light_gray_wool":1,"minecraft:iron_boots":2,"minecraft:villager_spawn_egg":2,"minecraft:blast_furnace":1,"minecraft:potato":49,"minecraft:spruce_planks":2,"minecraft:diamond_pickaxe":1,"minecraft:iron_chestplate":2},"minecraft:killed_by":{"minecraft:ghast":1,"minecraft:creeper":3,"minecraft:piglin":1,"minecraft:zombie":1,"minecraft:player":1,"minecraft:spider":1,"minecraft:skeleton":5},"minecraft:picked_up":{"minecraft:wooden_axe":1,"minecraft:iron_chestplate":8,"minecraft:wheat":121,"minecraft:chainmail_boots":6,"minecraft:anvil":1,"minecraft:oak_stairs":4,"minecraft:brewing_stand":2,"minecraft:string":7,"minecraft:raw_copper":8,"minecraft:iron_leggings":7,"minecraft:beetroot":1,"minecraft:gold_nugget":6,"minecraft:cobbled_deepslate":563,"minecraft:spruce_planks":3,"minecraft:redstone_torch":1,"minecraft:cobblestone_slab":26,"minecraft:iron_pickaxe":2,"minecraft:furnace":9,"minecraft:iron_boots":5,"minecraft:stick":1053,"minecraft:composter":2,"minecraft:oak_fence":15,"minecraft:torch":384,"minecraft:spruce_stairs":26,"minecraft:porkchop":40,"minecraft:pointed_dripstone":20,"minecraft:diorite":8,"minecraft:rotten_flesh":97,"minecraft:tropical_fish":1,"minecraft:obsidian":5,"minecraft:cobblestone":792,"minecraft:birch_log":318,"minecraft:magma_block":5,"minecraft:andesite":27,"minecraft:potato":766,"minecraft:flint":12,"minecraft:tuff":82,"minecraft:lapis_lazuli":120,"minecraft:dirt":1438,"minecraft:name_tag":2,"minecraft:bone":32,"minecraft:stonecutter":3,"minecraft:bow":1,"minecraft:wheat_seeds":160,"minecraft:raw_gold":73,"minecraft:grindstone":1,"minecraft:fletching_table":8,"minecraft:moss_block":5,"minecraft:oak_planks":223,"minecraft:cooked_porkchop":24,"minecraft:poisonous_potato":6,"minecraft:sand":193,"minecraft:grass_block":1,"minecraft:iron_hoe":4,"minecraft:dispenser":1,"minecraft:diamond":1,"minecraft:granite":13,"minecraft:emerald":6,"minecraft:bread":9,"minecraft:oak_sapling":101,"minecraft:netherrack":362,"minecraft:bricks":1,"minecraft:oak_leaves":327,"minecraft:crimson_roots":6,"minecraft:diamond_pickaxe":4,"minecraft:coarse_dirt":2,"minecraft:crafting_table":19,"minecraft:chicken":4,"minecraft:ladder":21,"minecraft:clay_ball":108,"minecraft:brown_mushroom":10,"minecraft:wooden_pickaxe":1,"minecraft:shield":6,"minecraft:iron_axe":5,"minecraft:iron_shovel":1,"minecraft:beef":23,"minecraft:oak_boat":13,"minecraft:light_gray_wool":1,"minecraft:lectern":20,"minecraft:sugar_cane":37,"minecraft:chest":1,"minecraft:birch_sapling":63,"minecraft:egg":3,"minecraft:raw_iron":102,"minecraft:carrot":466,"minecraft:redstone":202,"minecraft:weeping_vines":1,"minecraft:arrow":68,"minecraft:beetroot_seeds":72,"minecraft:pumpkin_pie":2,"minecraft:hay_block":6,"minecraft:gold_ingot":3,"minecraft:glow_berries":17,"minecraft:mutton":83,"minecraft:white_wool":53,"minecraft:rail":9,"minecraft:oxeye_daisy":1,"minecraft:stripped_oak_log":1,"minecraft:birch_leaves":199,"minecraft:glow_ink_sac":1,"minecraft:crimson_stem":12,"minecraft:leather":29,"minecraft:birch_planks":18,"minecraft:crimson_fungus":1,"minecraft:oak_log":1391,"minecraft:nether_wart_block":5,"minecraft:yellow_bed":12,"minecraft:gunpowder":1,"minecraft:cobblestone_stairs":4,"minecraft:blue_bed":17,"minecraft:cooked_mutton":9,"minecraft:apple":52,"minecraft:stone_pickaxe":5,"minecraft:iron_ingot":35,"minecraft:iron_sword":6,"minecraft:book":6,"minecraft:oak_slab":50,"minecraft:warped_fungus":1,"minecraft:pumpkin":3,"minecraft:sweet_berries":140,"minecraft:quartz":94,"minecraft:dandelion":4,"minecraft:dripstone_block":3,"minecraft:gravel":38,"minecraft:spruce_sapling":2,"minecraft:blast_furnace":1,"minecraft:white_bed":12,"minecraft:spruce_log":28,"minecraft:spider_eye":5,"minecraft:stone_axe":2,"minecraft:iron_helmet":17,"minecraft:gray_wool":2,"minecraft:baked_potato":16,"minecraft:coal":550},"minecraft:used":{"minecraft:moss_block":2,"minecraft:iron_shovel":997,"minecraft:dispenser":5,"minecraft:ladder":21,"minecraft:chest":7,"minecraft:shield":81,"minecraft:iron_sword":33,"minecraft:rotten_flesh":5,"minecraft:iron_chestplate":2,"minecraft:carrot":135,"minecraft:tuff":3,"minecraft:obsidian":10,"minecraft:glass":127,"minecraft:lantern":6,"minecraft:grass_block":1,"minecraft:iron_helmet":1,"minecraft:crimson_roots":1,"minecraft:sweet_berries":31,"minecraft:furnace":9,"minecraft:potato":335,"minecraft:birch_leaves":12,"minecraft:oak_planks":552,"minecraft:stone_pickaxe":200,"minecraft:wooden_pickaxe":36,"minecraft:composter":2,"minecraft:blue_bed":11,"minecraft:oak_leaves":62,"minecraft:white_wool":4,"minecraft:glow_berries":14,"minecraft:sand":8,"minecraft:dripstone_block":1,"minecraft:shears":238,"minecraft:redstone_torch":1,"minecraft:bread":21,"minecraft:lectern":20,"minecraft:oak_pressure_plate":2,"minecraft:gravel":1,"minecraft:chainmail_boots":1,"minecraft:andesite":25,"minecraft:oak_boat":12,"minecraft:coarse_dirt":1,"minecraft:bone_meal":18,"minecraft:oak_fence":62,"minecraft:crimson_fence":1,"minecraft:flint_and_steel":1,"minecraft:spruce_planks":85,"minecraft:netherrack":39,"minecraft:oak_door":2,"minecraft:torch":333,"minecraft:dirt":1016,"minecraft:anvil":2,"minecraft:spruce_stairs":35,"minecraft:golden_shovel":65,"minecraft:granite":15,"minecraft:iron_hoe":120,"minecraft:wooden_axe":60,"minecraft:iron_axe":1661,"minecraft:oak_stairs":8,"minecraft:iron_boots":1,"minecraft:cooked_beef":21,"minecraft:cobbled_deepslate":23,"minecraft:golden_axe":25,"minecraft:iron_leggings":3,"minecraft:wheat_seeds":7,"minecraft:cooked_mutton":41,"minecraft:water_bucket":40,"minecraft:cobblestone_stairs":57,"minecraft:birch_planks":42,"minecraft:baked_potato":29,"minecraft:fletching_table":6,"minecraft:cobblestone_slab":721,"minecraft:rail":3,"minecraft:oak_slab":22,"minecraft:crafting_table":15,"minecraft:white_bed":7,"minecraft:oak_log":73,"minecraft:diamond_pickaxe":1725,"minecraft:apple":1,"minecraft:iron_pickaxe":1364,"minecraft:stone_axe":177,"minecraft:cobblestone":1016,"minecraft:cooked_porkchop":8,"minecraft:bucket":43,"minecraft:yellow_bed":9},"minecraft:killed":{"minecraft:spider":3,"minecraft:skeleton":7,"minecraft:chicken":1,"minecraft:piglin":1,"minecraft:pig":12,"minecraft:zombie_villager":1,"minecraft:creeper":1,"minecraft:sheep":35,"minecraft:zombie":50,"minecraft:cow":11,"minecraft:hoglin":1,"minecraft:enderman":1},"minecraft:broken":{"minecraft:iron_shovel":3,"minecraft:shears":1,"minecraft:golden_shovel":2,"minecraft:diamond_pickaxe":1,"minecraft:stone_axe":1,"minecraft:wooden_axe":1,"minecraft:shield":1,"minecraft:golden_axe":1,"minecraft:iron_axe":7,"minecraft:iron_pickaxe":5},"minecraft:mined":{"minecraft:spruce_planks":1,"minecraft:white_bed":10,"minecraft:cobblestone_stairs":4,"minecraft:brewing_stand":1,"minecraft:obsidian":7,"minecraft:cave_vines_plant":6,"minecraft:granite":13,"minecraft:grass_block":800,"minecraft:composter":2,"minecraft:crimson_fungus":1,"minecraft:oxeye_daisy":1,"minecraft:weeping_vines_plant":1,"minecraft:magma_block":5,"minecraft:iron_ore":47,"minecraft:cobbled_deepslate":1,"minecraft:fire":2,"minecraft:pumpkin":1,"minecraft:moss_carpet":1,"minecraft:anvil":1,"minecraft:fletching_table":4,"minecraft:pointed_dripstone":7,"minecraft:cave_vines":42,"minecraft:dirt_path":2,"minecraft:oak_stairs":4,"minecraft:deepslate_redstone_ore":44,"minecraft:brown_mushroom":11,"minecraft:crimson_nylium":13,"minecraft:powder_snow":1,"minecraft:clay":15,"minecraft:torch":18,"minecraft:blast_furnace":1,"minecraft:poppy":1,"minecraft:chest":1,"minecraft:nether_quartz_ore":64,"minecraft:glass":1,"minecraft:cobblestone":28,"minecraft:grindstone":1,"minecraft:sugar_cane":8,"minecraft:oak_planks":205,"minecraft:bricks":1,"minecraft:wall_torch":21,"minecraft:nether_wart_block":7,"minecraft:birch_log":250,"minecraft:wheat":36,"minecraft:warped_fungus":1,"minecraft:grass":73,"minecraft:oak_log":924,"minecraft:beetroots":15,"minecraft:sand":193,"minecraft:dirt":278,"minecraft:stonecutter":3,"minecraft:dispenser":1,"minecraft:netherrack":419,"minecraft:oak_leaves":262,"minecraft:deepslate":1170,"minecraft:nether_gold_ore":2,"minecraft:tuff":121,"minecraft:deepslate_diamond_ore":1,"minecraft:crimson_roots":5,"minecraft:spruce_leaves":19,"minecraft:moss_block":3,"minecraft:crimson_stem":12,"minecraft:large_fern":5,"minecraft:hay_block":6,"minecraft:redstone_ore":3,"minecraft:furnace":7,"minecraft:carrots":133,"minecraft:andesite":27,"minecraft:bookshelf":2,"minecraft:potatoes":235,"minecraft:deepslate_iron_ore":44,"minecraft:cobblestone_slab":27,"minecraft:rail":7,"minecraft:stripped_oak_log":1,"minecraft:stone":774,"minecraft:podzol":4,"minecraft:oak_slab":2,"minecraft:dandelion":4,"minecraft:oak_fence":10,"minecraft:crafting_table":15,"minecraft:lectern":20,"minecraft:tall_grass":13,"minecraft:copper_ore":3,"minecraft:deepslate_gold_ore":35,"minecraft:lapis_ore":10,"minecraft:diorite":7,"minecraft:blue_bed":15,"minecraft:spruce_stairs":12,"minecraft:birch_planks":18,"minecraft:coarse_dirt":2,"minecraft:redstone_torch":1,"minecraft:sweet_berry_bush":24,"minecraft:spruce_log":26,"minecraft:birch_leaves":108,"minecraft:yellow_bed":11,"minecraft:coal_ore":277,"minecraft:gravel":19,"minecraft:dripstone_block":1,"minecraft:gold_ore":14,"minecraft:fern":4},"minecraft:custom":{"minecraft:animals_bred":1,"minecraft:interact_with_crafting_table":130,"minecraft:bell_ring":16,"minecraft:leave_game":18,"minecraft:time_since_death":76840,"minecraft:sprint_one_cm":2372577,"minecraft:damage_blocked_by_shield":5745,"minecraft:drop":274,"minecraft:talked_to_villager":110,"minecraft:play_time":748361,"minecraft:deaths":17,"minecraft:jump":11169,"minecraft:walk_on_water_one_cm":78174,"minecraft:interact_with_furnace":291,"minecraft:traded_with_villager":185,"minecraft:sleep_in_bed":28,"minecraft:damage_dealt":18476,"minecraft:crouch_one_cm":202978,"minecraft:inspect_dispenser":6,"minecraft:horse_one_cm":8,"minecraft:interact_with_anvil":5,"minecraft:mob_kills":133,"minecraft:interact_with_campfire":14,"minecraft:climb_one_cm":6765,"minecraft:walk_one_cm":1407096,"minecraft:sneak_time":56103,"minecraft:walk_under_water_one_cm":28558,"minecraft:boat_one_cm":71633,"minecraft:interact_with_blast_furnace":1,"minecraft:total_world_time":748361,"minecraft:interact_with_stonecutter":1,"minecraft:time_since_rest":50000,"minecraft:damage_taken":10240,"minecraft:swim_one_cm":66011,"minecraft:fly_one_cm":2958490,"minecraft:open_chest":660,"minecraft:fall_one_cm":308093}},"DataVersion":3465}