{"stats":{"minecraft:broken":{"minecraft:iron_shovel":1,"minecraft:golden_shovel":2,"minecraft:golden_axe":1,"minecraft:iron_axe":3,"minecraft:stone_axe":1,"minecraft:iron_pickaxe":1,"minecraft:wooden_axe":1},"minecraft:custom":{"minecraft:mob_kills":75,"minecraft:animals_bred":1,"minecraft:interact_with_crafting_table":65,"minecraft:interact_with_campfire":14,"minecraft:bell_ring":9,"minecraft:leave_game":2,"minecraft:time_since_death":89923,"minecraft:climb_one_cm":658,"minecraft:sprint_one_cm":1100012,"minecraft:walk_one_cm":574070,"minecraft:damage_blocked_by_shield":2250,"minecraft:drop":49,"minecraft:talked_to_villager":18,"minecraft:play_time":283779,"minecraft:deaths":10,"minecraft:sneak_time":23287,"minecraft:walk_under_water_one_cm":16483,"minecraft:boat_one_cm":51579,"minecraft:jump":5199,"minecraft:interact_with_blast_furnace":1,"minecraft:walk_on_water_one_cm":16290,"minecraft:total_world_time":283779,"minecraft:interact_with_furnace":168,"minecraft:interact_with_stonecutter":1,"minecraft:sleep_in_bed":14,"minecraft:time_since_rest":30594,"minecraft:damage_taken":5741,"minecraft:damage_dealt":7805,"minecraft:swim_one_cm":51394,"minecraft:fly_one_cm":1070587,"minecraft:open_chest":138,"minecraft:crouch_one_cm":88665,"minecraft:fall_one_cm":143201},"minecraft:mined":{"minecraft:tuff":3,"minecraft:spruce_planks":1,"minecraft:white_bed":5,"minecraft:cobblestone_stairs":1,"minecraft:brewing_stand":1,"minecraft:granite":13,"minecraft:cave_vines_plant":6,"minecraft:grass_block":173,"minecraft:spruce_leaves":19,"minecraft:composter":1,"minecraft:moss_block":3,"minecraft:large_fern":5,"minecraft:redstone_ore":3,"minecraft:furnace":7,"minecraft:iron_ore":16,"minecraft:andesite":25,"minecraft:moss_carpet":1,"minecraft:pumpkin":1,"minecraft:fletching_table":1,"minecraft:bookshelf":2,"minecraft:pointed_dripstone":7,"minecraft:cobblestone_slab":10,"minecraft:cave_vines":42,"minecraft:deepslate_iron_ore":30,"minecraft:rail":2,"minecraft:oak_stairs":4,"minecraft:stripped_oak_log":1,"minecraft:stone":480,"minecraft:podzol":4,"minecraft:brown_mushroom":11,"minecraft:powder_snow":1,"minecraft:clay":11,"minecraft:oak_fence":2,"minecraft:crafting_table":9,"minecraft:torch":8,"minecraft:poppy":1,"minecraft:chest":1,"minecraft:lectern":11,"minecraft:glass":1,"minecraft:copper_ore":2,"minecraft:tall_grass":10,"minecraft:cobblestone":9,"minecraft:deepslate_gold_ore":18,"minecraft:lapis_ore":8,"minecraft:oak_planks":205,"minecraft:sugar_cane":1,"minecraft:blue_bed":13,"minecraft:diorite":7,"minecraft:wall_torch":8,"minecraft:spruce_stairs":12,"minecraft:birch_planks":18,"minecraft:coarse_dirt":1,"minecraft:birch_log":10,"minecraft:wheat":7,"minecraft:sweet_berry_bush":24,"minecraft:spruce_log":26,"minecraft:birch_leaves":3,"minecraft:yellow_bed":6,"minecraft:grass":22,"minecraft:oak_log":373,"minecraft:coal_ore":221,"minecraft:gravel":2,"minecraft:dripstone_block":1,"minecraft:sand":193,"minecraft:dirt":78,"minecraft:stonecutter":3,"minecraft:gold_ore":14,"minecraft:oak_leaves":36,"minecraft:deepslate":32,"minecraft:fern":4},"minecraft:picked_up":{"minecraft:wooden_axe":1,"minecraft:crafting_table":14,"minecraft:iron_chestplate":4,"minecraft:coarse_dirt":1,"minecraft:wheat":21,"minecraft:chicken":4,"minecraft:clay_ball":92,"minecraft:brown_mushroom":10,"minecraft:wooden_pickaxe":1,"minecraft:oak_stairs":4,"minecraft:brewing_stand":2,"minecraft:shield":2,"minecraft:string":1,"minecraft:raw_copper":8,"minecraft:iron_axe":1,"minecraft:iron_leggings":3,"minecraft:iron_shovel":1,"minecraft:cobbled_deepslate":33,"minecraft:spruce_planks":3,"minecraft:beef":23,"minecraft:oak_boat":4,"minecraft:cobblestone_slab":11,"minecraft:light_gray_wool":1,"minecraft:lectern":11,"minecraft:sugar_cane":3,"minecraft:chest":1,"minecraft:birch_sapling":4,"minecraft:furnace":9,"minecraft:iron_boots":4,"minecraft:egg":1,"minecraft:stick":68,"minecraft:raw_iron":57,"minecraft:composter":1,"minecraft:oak_fence":7,"minecraft:torch":149,"minecraft:spruce_stairs":26,"minecraft:porkchop":32,"minecraft:pointed_dripstone":20,"minecraft:diorite":8,"minecraft:redstone":25,"minecraft:arrow":17,"minecraft:rotten_flesh":38,"minecraft:tropical_fish":1,"minecraft:pumpkin_pie":2,"minecraft:gold_ingot":3,"minecraft:glow_berries":17,"minecraft:mutton":68,"minecraft:rail":2,"minecraft:white_wool":43,"minecraft:cobblestone":484,"minecraft:stripped_oak_log":1,"minecraft:birch_log":30,"minecraft:andesite":25,"minecraft:leather":14,"minecraft:potato":23,"minecraft:birch_planks":18,"minecraft:flint":10,"minecraft:tuff":18,"minecraft:oak_log":567,"minecraft:cobblestone_stairs":1,"minecraft:yellow_bed":6,"minecraft:gunpowder":1,"minecraft:lapis_lazuli":107,"minecraft:dirt":337,"minecraft:blue_bed":15,"minecraft:name_tag":2,"minecraft:cooked_mutton":9,"minecraft:bone":26,"minecraft:apple":3,"minecraft:stonecutter":3,"minecraft:bow":1,"minecraft:wheat_seeds":65,"minecraft:raw_gold":56,"minecraft:iron_ingot":35,"minecraft:stone_pickaxe":5,"minecraft:fletching_table":4,"minecraft:moss_block":5,"minecraft:iron_sword":2,"minecraft:oak_planks":215,"minecraft:book":6,"minecraft:cooked_porkchop":24,"minecraft:pumpkin":3,"minecraft:sweet_berries":140,"minecraft:dripstone_block":3,"minecraft:gravel":3,"minecraft:sand":193,"minecraft:spruce_sapling":2,"minecraft:white_bed":7,"minecraft:spruce_log":28,"minecraft:stone_axe":2,"minecraft:iron_helmet":3,"minecraft:granite":13,"minecraft:gray_wool":2,"minecraft:bread":9,"minecraft:oak_sapling":27,"minecraft:coal":490,"minecraft:diamond_pickaxe":3},"minecraft:killed_by":{"minecraft:player":1,"minecraft:creeper":1,"minecraft:skeleton":3,"minecraft:zombie":1},"minecraft:used":{"minecraft:oak_fence":62,"minecraft:moss_block":2,"minecraft:iron_shovel":254,"minecraft:chest":3,"minecraft:spruce_planks":85,"minecraft:shield":37,"minecraft:rotten_flesh":5,"minecraft:oak_door":2,"minecraft:iron_chestplate":1,"minecraft:torch":111,"minecraft:dirt":83,"minecraft:spruce_stairs":35,"minecraft:golden_shovel":65,"minecraft:tuff":3,"minecraft:glass":127,"minecraft:wooden_axe":60,"minecraft:iron_axe":577,"minecraft:oak_stairs":8,"minecraft:iron_helmet":1,"minecraft:iron_boots":1,"minecraft:sweet_berries":31,"minecraft:furnace":9,"minecraft:cooked_beef":13,"minecraft:golden_axe":25,"minecraft:iron_leggings":1,"minecraft:wheat_seeds":7,"minecraft:cooked_mutton":15,"minecraft:cobblestone_stairs":21,"minecraft:birch_planks":42,"minecraft:stone_pickaxe":200,"minecraft:baked_potato":3,"minecraft:oak_planks":552,"minecraft:wooden_pickaxe":36,"minecraft:cobblestone_slab":2,"minecraft:blue_bed":9,"minecraft:white_wool":3,"minecraft:glow_berries":14,"minecraft:sand":8,"minecraft:crafting_table":10,"minecraft:white_bed":4,"minecraft:dripstone_block":1,"minecraft:oak_log":73,"minecraft:diamond_pickaxe":480,"minecraft:apple":1,"minecraft:bread":11,"minecraft:iron_pickaxe":290,"minecraft:lectern":11,"minecraft:oak_pressure_plate":2,"minecraft:gravel":1,"minecraft:stone_axe":177,"minecraft:cobblestone":266,"minecraft:cooked_porkchop":8,"minecraft:andesite":25,"minecraft:yellow_bed":5,"minecraft:oak_boat":4},"minecraft:killed":{"minecraft:skeleton":5,"minecraft:chicken":1,"minecraft:pig":10,"minecraft:sheep":25,"minecraft:zombie":15,"minecraft:cow":11},"minecraft:crafted":{"minecraft:oak_door":3,"minecraft:oak_planks":684,"minecraft:oak_pressure_plate":2,"minecraft:cooked_chicken":1,"minecraft:furnace":7,"minecraft:cobblestone_stairs":20,"minecraft:bone_meal":15,"minecraft:cooked_mutton":51,"minecraft:glass":185,"minecraft:spruce_stairs":32,"minecraft:iron_boots":1,"minecraft:iron_axe":4,"minecraft:stone_pickaxe":4,"minecraft:chest":2,"minecraft:oak_fence":57,"minecraft:cooked_beef":31,"minecraft:cooked_porkchop":3,"minecraft:crafting_table":5,"minecraft:spruce_planks":156,"minecraft:iron_helmet":1,"minecraft:baked_potato":6,"minecraft:wooden_pickaxe":3,"minecraft:iron_sword":1,"minecraft:golden_shovel":2,"minecraft:fletching_table":2,"minecraft:birch_planks":40,"minecraft:stone_axe":1,"minecraft:bread":2,"minecraft:air":0,"minecraft:oak_boat":1,"minecraft:iron_chestplate":2,"minecraft:shield":2,"minecraft:stick":128,"minecraft:iron_ingot":37,"minecraft:iron_pickaxe":1,"minecraft:oak_stairs":4,"minecraft:wooden_axe":1,"minecraft:iron_shovel":1,"minecraft:iron_leggings":2,"minecraft:gold_ingot":32,"minecraft:torch":172},"minecraft:dropped":{"minecraft:iron_ingot":14,"minecraft:bread":6,"minecraft:moss_block":3,"minecraft:wheat_seeds":1,"minecraft:oak_log":16,"minecraft:baked_potato":3,"minecraft:cooked_porkchop":7,"minecraft:golden_apple":1,"minecraft:diorite":1,"minecraft:torch":1,"minecraft:iron_leggings":1,"minecraft:pumpkin_pie":1,"minecraft:spruce_sapling":2,"minecraft:blue_bed":1,"minecraft:rotten_flesh":4,"minecraft:light_gray_wool":1,"minecraft:iron_boots":1,"minecraft:oak_planks":16,"minecraft:white_bed":1,"minecraft:gunpowder":1,"minecraft:iron_chestplate":2,"minecraft:egg":1}},"DataVersion":3465}