{"stats":{"minecraft:custom":{"minecraft:mob_kills":14,"minecraft:interact_with_crafting_table":36,"minecraft:interact_with_campfire":14,"minecraft:time_since_death":7374,"minecraft:climb_one_cm":96,"minecraft:sprint_one_cm":502967,"minecraft:walk_one_cm":229906,"minecraft:damage_blocked_by_shield":1575,"minecraft:drop":37,"minecraft:talked_to_villager":1,"minecraft:play_time":130994,"minecraft:deaths":9,"minecraft:sneak_time":11698,"minecraft:walk_under_water_one_cm":12586,"minecraft:jump":2526,"minecraft:walk_on_water_one_cm":7809,"minecraft:total_world_time":130994,"minecraft:interact_with_furnace":66,"minecraft:sleep_in_bed":4,"minecraft:time_since_rest":7434,"minecraft:damage_taken":3924,"minecraft:damage_dealt":1820,"minecraft:swim_one_cm":46588,"minecraft:fly_one_cm":400082,"minecraft:open_chest":9,"minecraft:crouch_one_cm":31747,"minecraft:fall_one_cm":69569},"minecraft:broken":{"minecraft:stone_axe":1},"minecraft:killed_by":{"minecraft:player":1,"minecraft:creeper":1,"minecraft:skeleton":3},"minecraft:used":{"minecraft:moss_block":2,"minecraft:spruce_planks":56,"minecraft:shield":27,"minecraft:rotten_flesh":4,"minecraft:iron_chestplate":1,"minecraft:torch":84,"minecraft:dirt":8,"minecraft:tuff":3,"minecraft:wooden_axe":17,"minecraft:iron_axe":63,"minecraft:iron_helmet":1,"minecraft:iron_boots":1,"minecraft:sweet_berries":23,"minecraft:furnace":3,"minecraft:iron_leggings":1,"minecraft:wheat_seeds":7,"minecraft:cooked_mutton":1,"minecraft:birch_planks":42,"minecraft:stone_pickaxe":200,"minecraft:oak_planks":51,"minecraft:baked_potato":3,"minecraft:wooden_pickaxe":36,"minecraft:blue_bed":5,"minecraft:white_wool":3,"minecraft:glow_berries":14,"minecraft:crafting_table":6,"minecraft:dripstone_block":1,"minecraft:diamond_pickaxe":307,"minecraft:apple":1,"minecraft:bread":5,"minecraft:iron_pickaxe":72,"minecraft:gravel":1,"minecraft:stone_axe":177,"minecraft:cobblestone":152,"minecraft:cooked_porkchop":8,"minecraft:andesite":25},"minecraft:crafted":{"minecraft:oak_planks":124,"minecraft:cooked_chicken":1,"minecraft:furnace":2,"minecraft:bone_meal":15,"minecraft:cooked_mutton":1,"minecraft:iron_boots":1,"minecraft:iron_axe":2,"minecraft:stone_pickaxe":4,"minecraft:cooked_porkchop":3,"minecraft:crafting_table":2,"minecraft:spruce_planks":112,"minecraft:wooden_pickaxe":3,"minecraft:baked_potato":6,"minecraft:iron_helmet":1,"minecraft:iron_sword":1,"minecraft:birch_planks":40,"minecraft:stone_axe":1,"minecraft:bread":2,"minecraft:air":0,"minecraft:iron_chestplate":2,"minecraft:shield":2,"minecraft:stick":80,"minecraft:iron_ingot":33,"minecraft:iron_pickaxe":1,"minecraft:wooden_axe":1,"minecraft:iron_leggings":2,"minecraft:gold_ingot":20,"minecraft:torch":112},"minecraft:mined":{"minecraft:tuff":3,"minecraft:cave_vines_plant":6,"minecraft:grass_block":10,"minecraft:spruce_leaves":3,"minecraft:moss_block":3,"minecraft:large_fern":5,"minecraft:redstone_ore":3,"minecraft:furnace":4,"minecraft:iron_ore":16,"minecraft:andesite":25,"minecraft:moss_carpet":1,"minecraft:pumpkin":1,"minecraft:fletching_table":1,"minecraft:pointed_dripstone":7,"minecraft:cave_vines":42,"minecraft:deepslate_iron_ore":30,"minecraft:rail":2,"minecraft:stone":256,"minecraft:podzol":1,"minecraft:brown_mushroom":11,"minecraft:clay":11,"minecraft:crafting_table":6,"minecraft:torch":2,"minecraft:poppy":1,"minecraft:copper_ore":2,"minecraft:oak_planks":60,"minecraft:deepslate_gold_ore":18,"minecraft:sugar_cane":1,"minecraft:diorite":7,"minecraft:wall_torch":3,"minecraft:blue_bed":10,"minecraft:birch_planks":18,"minecraft:coarse_dirt":1,"minecraft:birch_log":10,"minecraft:sweet_berry_bush":24,"minecraft:wheat":7,"minecraft:spruce_log":26,"minecraft:birch_leaves":3,"minecraft:grass":3,"minecraft:coal_ore":153,"minecraft:oak_log":92,"minecraft:gravel":1,"minecraft:dripstone_block":1,"minecraft:dirt":34,"minecraft:gold_ore":14,"minecraft:oak_leaves":18,"minecraft:deepslate":32,"minecraft:fern":4},"minecraft:dropped":{"minecraft:iron_ingot":14,"minecraft:bread":6,"minecraft:moss_block":3,"minecraft:oak_log":16,"minecraft:baked_potato":3,"minecraft:cooked_porkchop":7,"minecraft:golden_apple":1,"minecraft:torch":1,"minecraft:iron_leggings":1,"minecraft:pumpkin_pie":1,"minecraft:blue_bed":1,"minecraft:oak_planks":16,"minecraft:iron_boots":1,"minecraft:iron_chestplate":2},"minecraft:killed":{"minecraft:skeleton":4,"minecraft:pig":6,"minecraft:sheep":1,"minecraft:zombie":2},"minecraft:picked_up":{"minecraft:coarse_dirt":1,"minecraft:iron_chestplate":3,"minecraft:crafting_table":12,"minecraft:wheat":21,"minecraft:chicken":2,"minecraft:clay_ball":68,"minecraft:brown_mushroom":10,"minecraft:wooden_pickaxe":1,"minecraft:shield":1,"minecraft:raw_copper":8,"minecraft:iron_leggings":2,"minecraft:cobbled_deepslate":33,"minecraft:sugar_cane":3,"minecraft:egg":1,"minecraft:iron_boots":3,"minecraft:furnace":4,"minecraft:raw_iron":57,"minecraft:stick":22,"minecraft:torch":119,"minecraft:porkchop":14,"minecraft:pointed_dripstone":20,"minecraft:diorite":8,"minecraft:redstone":5,"minecraft:arrow":10,"minecraft:rotten_flesh":9,"minecraft:tropical_fish":1,"minecraft:pumpkin_pie":2,"minecraft:glow_berries":17,"minecraft:mutton":3,"minecraft:white_wool":7,"minecraft:rail":2,"minecraft:cobblestone":250,"minecraft:birch_log":30,"minecraft:andesite":25,"minecraft:potato":12,"minecraft:birch_planks":18,"minecraft:flint":9,"minecraft:tuff":3,"minecraft:oak_log":220,"minecraft:gunpowder":1,"minecraft:blue_bed":11,"minecraft:dirt":50,"minecraft:name_tag":1,"minecraft:cooked_mutton":3,"minecraft:bone":24,"minecraft:apple":1,"minecraft:bow":1,"minecraft:wheat_seeds":53,"minecraft:raw_gold":44,"minecraft:stone_pickaxe":5,"minecraft:iron_ingot":34,"minecraft:fletching_table":2,"minecraft:moss_block":5,"minecraft:oak_planks":76,"minecraft:cooked_porkchop":24,"minecraft:pumpkin":3,"minecraft:sweet_berries":140,"minecraft:gravel":3,"minecraft:dripstone_block":3,"minecraft:spruce_sapling":1,"minecraft:spruce_log":28,"minecraft:stone_axe":2,"minecraft:iron_helmet":2,"minecraft:oak_sapling":8,"minecraft:coal":304,"minecraft:diamond_pickaxe":2}},"DataVersion":3465}