{"stats":{"minecraft:crafted":{"minecraft:smooth_stone":12,"minecraft:oak_planks":2900,"minecraft:cobblestone_slab":942,"minecraft:oak_pressure_plate":2,"minecraft:crimson_sign":18,"minecraft:cooked_chicken":2,"minecraft:stone":21,"minecraft:cobblestone_stairs":72,"minecraft:cooked_mutton":70,"minecraft:glass":247,"minecraft:hopper":2,"minecraft:bow":6,"minecraft:diamond_helmet":2,"minecraft:diamond_leggings":2,"minecraft:iron_boots":2,"minecraft:chest":63,"minecraft:rail":144,"minecraft:oak_fence":57,"minecraft:golden_axe":1,"minecraft:glass_bottle":6,"minecraft:oak_slab":30,"minecraft:emerald":531,"minecraft:arrow":192,"minecraft:cooked_porkchop":8,"minecraft:diamond_axe":1,"minecraft:crafting_table":8,"minecraft:spruce_planks":2544,"minecraft:iron_helmet":14,"minecraft:wooden_pickaxe":3,"minecraft:baked_potato":374,"minecraft:fletching_table":2,"minecraft:birch_planks":1008,"minecraft:dispenser":4,"minecraft:iron_chestplate":3,"minecraft:diamond_pickaxe":3,"minecraft:shield":8,"minecraft:stick":20235,"minecraft:iron_ingot":363,"minecraft:iron_pickaxe":16,"minecraft:iron_block":5,"minecraft:gold_ingot":131,"minecraft:redstone_torch":10,"minecraft:shears":1,"minecraft:golden_carrot":87,"minecraft:oak_door":3,"minecraft:iron_nugget":59,"minecraft:furnace":10,"minecraft:blast_furnace":3,"minecraft:bone_meal":33,"minecraft:oak_trapdoor":20,"minecraft:flint_and_steel":2,"minecraft:lantern":6,"minecraft:spruce_stairs":32,"minecraft:iron_axe":11,"minecraft:ladder":12,"minecraft:iron_hoe":1,"minecraft:stone_pickaxe":4,"minecraft:diamond_boots":2,"minecraft:spruce_boat":1,"minecraft:dark_oak_planks":12,"minecraft:chainmail_leggings":12,"minecraft:minecart":7,"minecraft:wheat":54,"minecraft:cooked_beef":31,"minecraft:crimson_planks":60,"minecraft:diamond_sword":1,"minecraft:iron_sword":1,"minecraft:golden_shovel":2,"minecraft:bucket":4,"minecraft:stone_axe":1,"minecraft:enchanted_book":8,"minecraft:air":0,"minecraft:bread":26,"minecraft:oak_boat":4,"minecraft:golden_apple":2,"minecraft:gold_nugget":693,"minecraft:chainmail_boots":15,"minecraft:oak_stairs":4,"minecraft:birch_trapdoor":6,"minecraft:wooden_axe":1,"minecraft:crimson_fence":6,"minecraft:iron_shovel":5,"minecraft:iron_leggings":3,"minecraft:anvil":1,"minecraft:torch":492,"minecraft:diamond_chestplate":2},"minecraft:dropped":{"minecraft:birch_planks":2,"minecraft:moss_block":3,"minecraft:brown_mushroom":2,"minecraft:porkchop":2,"minecraft:diamond_axe":1,"minecraft:oak_log":29,"minecraft:baked_potato":58,"minecraft:diamond":4,"minecraft:cooked_porkchop":7,"minecraft:rail":18,"minecraft:flint":1,"minecraft:emerald":34,"minecraft:dirt":82,"minecraft:pumpkin_pie":1,"minecraft:polished_blackstone_bricks":11,"minecraft:iron_pickaxe":3,"minecraft:blue_bed":1,"minecraft:gravel":1,"minecraft:cobbled_deepslate":33,"minecraft:birch_sapling":6,"minecraft:grindstone":1,"minecraft:rotten_flesh":65,"minecraft:oak_planks":18,"minecraft:cooked_mutton":8,"minecraft:white_bed":2,"minecraft:carrot":347,"minecraft:gunpowder":2,"minecraft:leather_boots":1,"minecraft:chainmail_boots":20,"minecraft:arrow":229,"minecraft:powered_rail":3,"minecraft:netherrack":1,"minecraft:egg":3,"minecraft:enchanted_book":3,"minecraft:bread":6,"minecraft:iron_ingot":14,"minecraft:wheat_seeds":20,"minecraft:diamond_leggings":2,"minecraft:iron_helmet":21,"minecraft:cobblestone":57,"minecraft:book":3,"minecraft:apple":7,"minecraft:granite":1,"minecraft:spruce_button":64,"minecraft:golden_apple":1,"minecraft:stick":19,"minecraft:diorite":11,"minecraft:golden_carrot":76,"minecraft:torch":66,"minecraft:diamond_helmet":1,"minecraft:iron_leggings":3,"minecraft:iron_shovel":2,"minecraft:chainmail_leggings":12,"minecraft:spruce_sapling":61,"minecraft:dandelion":2,"minecraft:redstone":17,"minecraft:coarse_dirt":1,"minecraft:light_gray_wool":1,"minecraft:iron_boots":2,"minecraft:villager_spawn_egg":2,"minecraft:blast_furnace":3,"minecraft:potato":351,"minecraft:cobblestone_slab":35,"minecraft:diamond_chestplate":4,"minecraft:spruce_planks":2,"minecraft:diamond_pickaxe":2,"minecraft:iron_chestplate":3,"minecraft:oak_sapling":14,"minecraft:redstone_torch":4,"minecraft:diamond_boots":1,"minecraft:bow":6},"minecraft:killed_by":{"minecraft:ghast":1,"minecraft:piglin_brute":1,"minecraft:creeper":5,"minecraft:vindicator":1,"minecraft:piglin":1,"minecraft:zombie":1,"minecraft:player":3,"minecraft:spider":1,"minecraft:hoglin":1,"minecraft:skeleton":8},"minecraft:picked_up":{"minecraft:wooden_axe":1,"minecraft:iron_chestplate":10,"minecraft:wheat":121,"minecraft:chainmail_boots":8,"minecraft:anvil":1,"minecraft:diamond_sword":2,"minecraft:oak_stairs":4,"minecraft:turtle_egg":4,"minecraft:enchanted_book":2,"minecraft:gilded_blackstone":1,"minecraft:brewing_stand":2,"minecraft:golden_sword":2,"minecraft:polished_blackstone_brick_stairs":1,"minecraft:string":13,"minecraft:raw_copper":16,"minecraft:iron_leggings":10,"minecraft:beetroot":1,"minecraft:diamond_leggings":5,"minecraft:gold_nugget":26,"minecraft:cobbled_deepslate":1508,"minecraft:spruce_planks":163,"minecraft:redstone_torch":6,"minecraft:cobblestone_slab":144,"minecraft:iron_pickaxe":13,"minecraft:iron_boots":5,"minecraft:furnace":9,"minecraft:stick":1222,"minecraft:composter":2,"minecraft:birch_trapdoor":6,"minecraft:oak_fence":15,"minecraft:torch":535,"minecraft:spruce_stairs":26,"minecraft:porkchop":46,"minecraft:pointed_dripstone":20,"minecraft:diorite":29,"minecraft:golden_chestplate":3,"minecraft:rotten_flesh":128,"minecraft:tropical_fish":1,"minecraft:obsidian":13,"minecraft:cobblestone":1902,"minecraft:birch_log":492,"minecraft:enchanting_table":1,"minecraft:magma_block":2302,"minecraft:water_bucket":1,"minecraft:andesite":41,"minecraft:potato":766,"minecraft:flint":17,"minecraft:tuff":122,"minecraft:lapis_lazuli":120,"minecraft:dirt":1702,"minecraft:name_tag":2,"minecraft:leather_boots":1,"minecraft:glass":631,"minecraft:bone":54,"minecraft:bow":6,"minecraft:stonecutter":3,"minecraft:wheat_seeds":164,"minecraft:raw_gold":76,"minecraft:grindstone":1,"minecraft:fletching_table":8,"minecraft:diamond_helmet":5,"minecraft:bamboo":38,"minecraft:powered_rail":15,"minecraft:moss_block":5,"minecraft:oak_planks":293,"minecraft:cooked_porkchop":24,"minecraft:poisonous_potato":6,"minecraft:sand":198,"minecraft:melon":1,"minecraft:stripped_spruce_log":1,"minecraft:ink_sac":1,"minecraft:grass_block":1,"minecraft:dark_oak_log":15,"minecraft:iron_hoe":4,"minecraft:dispenser":1,"minecraft:diamond":5,"minecraft:spruce_boat":1,"minecraft:cracked_polished_blackstone_bricks":23,"minecraft:granite":14,"minecraft:emerald":82,"minecraft:spruce_button":64,"minecraft:bread":52,"minecraft:piglin_banner_pattern":2,"minecraft:oak_sapling":121,"minecraft:netherrack":394,"minecraft:bricks":1,"minecraft:oak_leaves":327,"minecraft:crimson_roots":13,"minecraft:diamond_pickaxe":5,"minecraft:coarse_dirt":2,"minecraft:crafting_table":21,"minecraft:chicken":4,"minecraft:ladder":24,"minecraft:clay_ball":108,"minecraft:brown_mushroom":12,"minecraft:wooden_pickaxe":1,"minecraft:gold_block":20,"minecraft:shield":19,"minecraft:cornflower":1,"minecraft:iron_axe":9,"minecraft:white_carpet":3,"minecraft:iron_shovel":3,"minecraft:blackstone":107,"minecraft:beef":23,"minecraft:oak_boat":37,"minecraft:light_gray_wool":1,"minecraft:minecart":10,"minecraft:lectern":20,"minecraft:sugar_cane":53,"minecraft:chest":50,"minecraft:birch_sapling":66,"minecraft:egg":6,"minecraft:raw_iron":107,"minecraft:polished_blackstone_bricks":79,"minecraft:carrot":466,"minecraft:redstone":232,"minecraft:arrow":471,"minecraft:weeping_vines":3,"minecraft:diamond_chestplate":9,"minecraft:beetroot_seeds":72,"minecraft:pumpkin_pie":2,"minecraft:diamond_boots":5,"minecraft:hay_block":6,"minecraft:gold_ingot":7,"minecraft:glow_berries":17,"minecraft:mutton":83,"minecraft:rail":112,"minecraft:white_wool":53,"minecraft:oxeye_daisy":1,"minecraft:stripped_oak_log":1,"minecraft:birch_leaves":199,"minecraft:basalt":1,"minecraft:golden_carrot":91,"minecraft:glow_ink_sac":1,"minecraft:crimson_stem":15,"minecraft:leather":29,"minecraft:filled_map":1,"minecraft:birch_planks":18,"minecraft:ice":1011,"minecraft:crimson_fungus":3,"minecraft:oak_log":1940,"minecraft:golden_boots":1,"minecraft:yellow_bed":12,"minecraft:nether_wart_block":5,"minecraft:gunpowder":12,"minecraft:cobblestone_stairs":4,"minecraft:blue_bed":31,"minecraft:cooked_mutton":10,"minecraft:red_carpet":2,"minecraft:gray_carpet":1,"minecraft:apple":54,"minecraft:kelp":25,"minecraft:iron_ingot":240,"minecraft:stone_pickaxe":5,"minecraft:iron_sword":6,"minecraft:soul_sand":10,"minecraft:dark_oak_stairs":1,"minecraft:book":6,"minecraft:oak_slab":50,"minecraft:warped_fungus":1,"minecraft:pumpkin":3,"minecraft:sweet_berries":142,"minecraft:quartz":94,"minecraft:dandelion":5,"minecraft:dripstone_block":3,"minecraft:gravel":63,"minecraft:spruce_sapling":62,"minecraft:blast_furnace":14,"minecraft:white_bed":18,"minecraft:spruce_log":2326,"minecraft:spider_eye":8,"minecraft:diamond_shovel":2,"minecraft:stone_axe":2,"minecraft:iron_helmet":19,"minecraft:gray_wool":2,"minecraft:baked_potato":502,"minecraft:coal":874,"minecraft:hopper":7},"minecraft:used":{"minecraft:moss_block":2,"minecraft:iron_shovel":1030,"minecraft:dispenser":5,"minecraft:ladder":21,"minecraft:shield":142,"minecraft:chest":62,"minecraft:iron_sword":33,"minecraft:zombie_spawn_egg":1,"minecraft:rotten_flesh":5,"minecraft:iron_chestplate":2,"minecraft:carrot":135,"minecraft:tuff":3,"minecraft:obsidian":11,"minecraft:spruce_boat":2,"minecraft:glass":155,"minecraft:villager_spawn_egg":1,"minecraft:grass_block":1,"minecraft:lantern":6,"minecraft:iron_helmet":1,"minecraft:crimson_roots":1,"minecraft:magma_block":27,"minecraft:bow":26,"minecraft:sweet_berries":31,"minecraft:furnace":9,"minecraft:egg":1,"minecraft:potato":335,"minecraft:diorite":1,"minecraft:damaged_anvil":1,"minecraft:birch_leaves":12,"minecraft:oak_planks":585,"minecraft:stone_pickaxe":200,"minecraft:powered_rail":19,"minecraft:blackstone":107,"minecraft:wooden_pickaxe":36,"minecraft:sugar_cane":16,"minecraft:composter":2,"minecraft:diamond_axe":3333,"minecraft:blue_bed":24,"minecraft:glow_berries":14,"minecraft:golden_apple":1,"minecraft:oak_leaves":62,"minecraft:white_wool":4,"minecraft:sand":12,"minecraft:blast_furnace":14,"minecraft:dripstone_block":1,"minecraft:shears":238,"minecraft:redstone_torch":6,"minecraft:dark_oak_log":3,"minecraft:bread":34,"minecraft:lectern":20,"minecraft:oak_pressure_plate":2,"minecraft:gravel":25,"minecraft:diamond_sword":6,"minecraft:chainmail_boots":1,"minecraft:andesite":25,"minecraft:coarse_dirt":1,"minecraft:ice":25,"minecraft:oak_boat":36,"minecraft:bone_meal":18,"minecraft:experience_bottle":108,"minecraft:oak_fence":62,"minecraft:enchanting_table":1,"minecraft:crimson_fence":1,"minecraft:flint_and_steel":1,"minecraft:spruce_planks":87,"minecraft:cooked_chicken":1,"minecraft:netherrack":41,"minecraft:oak_door":2,"minecraft:torch":375,"minecraft:dirt":1195,"minecraft:anvil":3,"minecraft:hopper":50,"minecraft:spruce_stairs":35,"minecraft:golden_shovel":65,"minecraft:granite":15,"minecraft:iron_hoe":120,"minecraft:wooden_axe":60,"minecraft:iron_axe":1858,"minecraft:oak_stairs":8,"minecraft:iron_boots":1,"minecraft:golden_carrot":13,"minecraft:minecart":17,"minecraft:cooked_beef":21,"minecraft:golden_axe":80,"minecraft:cobbled_deepslate":43,"minecraft:iron_leggings":3,"minecraft:wheat_seeds":7,"minecraft:cooked_mutton":58,"minecraft:water_bucket":40,"minecraft:cobblestone_stairs":65,"minecraft:birch_planks":42,"minecraft:baked_potato":131,"minecraft:fletching_table":6,"minecraft:cobblestone_slab":937,"minecraft:polished_blackstone_bricks":44,"minecraft:rail":121,"minecraft:crafting_table":18,"minecraft:oak_slab":22,"minecraft:white_bed":11,"minecraft:spruce_log":9,"minecraft:oak_log":73,"minecraft:diamond_pickaxe":4047,"minecraft:apple":1,"minecraft:cracked_polished_blackstone_bricks":15,"minecraft:iron_pickaxe":2508,"minecraft:stone_axe":177,"minecraft:cobblestone":1278,"minecraft:cooked_porkchop":8,"minecraft:bucket":43,"minecraft:yellow_bed":9,"minecraft:diamond_leggings":1},"minecraft:killed":{"minecraft:spider":10,"minecraft:skeleton":22,"minecraft:chicken":1,"minecraft:piglin_brute":3,"minecraft:piglin":6,"minecraft:pig":12,"minecraft:zombie_villager":1,"minecraft:iron_golem":1,"minecraft:creeper":6,"minecraft:sheep":35,"minecraft:zombie":67,"minecraft:ghast":1,"minecraft:cow":11,"minecraft:hoglin":3,"minecraft:enderman":1},"minecraft:broken":{"minecraft:iron_shovel":3,"minecraft:shears":1,"minecraft:golden_shovel":2,"minecraft:diamond_pickaxe":1,"minecraft:stone_axe":1,"minecraft:wooden_axe":1,"minecraft:shield":3,"minecraft:golden_axe":2,"minecraft:iron_axe":7,"minecraft:iron_pickaxe":9},"minecraft:mined":{"minecraft:spruce_planks":2,"minecraft:white_bed":16,"minecraft:cobblestone_stairs":4,"minecraft:brewing_stand":1,"minecraft:obsidian":15,"minecraft:cave_vines_plant":6,"minecraft:granite":13,"minecraft:grass_block":820,"minecraft:cracked_polished_blackstone_bricks":24,"minecraft:crimson_fungus":2,"minecraft:composter":2,"minecraft:hopper":10,"minecraft:oxeye_daisy":1,"minecraft:gilded_blackstone":1,"minecraft:polished_blackstone_bricks":64,"minecraft:weeping_vines_plant":4,"minecraft:magma_block":29,"minecraft:iron_ore":50,"minecraft:cobbled_deepslate":1,"minecraft:fire":39,"minecraft:moss_carpet":1,"minecraft:pumpkin":1,"minecraft:anvil":1,"minecraft:fletching_table":4,"minecraft:dark_oak_stairs":1,"minecraft:enchanting_table":1,"minecraft:pointed_dripstone":7,"minecraft:cave_vines":42,"minecraft:dirt_path":2,"minecraft:oak_stairs":4,"minecraft:deepslate_redstone_ore":52,"minecraft:brown_mushroom":11,"minecraft:blackstone":60,"minecraft:crimson_nylium":13,"minecraft:powder_snow":1,"minecraft:clay":15,"minecraft:torch":23,"minecraft:blast_furnace":14,"minecraft:melon":1,"minecraft:poppy":1,"minecraft:chest":12,"minecraft:glass":7,"minecraft:nether_quartz_ore":64,"minecraft:cobblestone":207,"minecraft:oak_planks":209,"minecraft:sugar_cane":16,"minecraft:bricks":1,"minecraft:grindstone":1,"minecraft:wall_torch":22,"minecraft:powered_rail":14,"minecraft:nether_wart_block":8,"minecraft:birch_log":426,"minecraft:wheat":36,"minecraft:warped_fungus":1,"minecraft:grass":86,"minecraft:oak_log":1417,"minecraft:beetroots":15,"minecraft:sand":197,"minecraft:dirt":301,"minecraft:dispenser":1,"minecraft:stonecutter":3,"minecraft:netherrack":438,"minecraft:oak_leaves":304,"minecraft:deepslate":2005,"minecraft:nether_gold_ore":2,"minecraft:tuff":165,"minecraft:red_carpet":1,"minecraft:deepslate_diamond_ore":1,"minecraft:dark_oak_log":15,"minecraft:crimson_roots":8,"minecraft:spruce_leaves":290,"minecraft:moss_block":3,"minecraft:crimson_stem":15,"minecraft:large_fern":15,"minecraft:hay_block":6,"minecraft:redstone_ore":3,"minecraft:furnace":7,"minecraft:carrots":133,"minecraft:andesite":38,"minecraft:stripped_spruce_log":1,"minecraft:gold_block":18,"minecraft:bookshelf":2,"minecraft:potatoes":235,"minecraft:deepslate_iron_ore":45,"minecraft:cobblestone_slab":131,"minecraft:rail":111,"minecraft:stripped_oak_log":1,"minecraft:bamboo":4,"minecraft:stone":1419,"minecraft:podzol":4,"minecraft:oak_slab":2,"minecraft:basalt":1,"minecraft:dandelion":4,"minecraft:oak_fence":10,"minecraft:crafting_table":17,"minecraft:lectern":20,"minecraft:copper_ore":6,"minecraft:tall_grass":13,"minecraft:lapis_ore":10,"minecraft:deepslate_gold_ore":35,"minecraft:polished_blackstone_brick_stairs":1,"minecraft:diorite":28,"minecraft:blue_bed":29,"minecraft:spruce_stairs":12,"minecraft:birch_planks":24,"minecraft:coarse_dirt":2,"minecraft:redstone_torch":6,"minecraft:sweet_berry_bush":26,"minecraft:ice":1194,"minecraft:spruce_log":2425,"minecraft:birch_leaves":110,"minecraft:yellow_bed":11,"minecraft:coal_ore":323,"minecraft:gravel":56,"minecraft:dripstone_block":1,"minecraft:gold_ore":14,"minecraft:fern":7},"minecraft:custom":{"minecraft:animals_bred":1,"minecraft:interact_with_crafting_table":184,"minecraft:bell_ring":16,"minecraft:leave_game":30,"minecraft:time_since_death":4753,"minecraft:sprint_one_cm":4426241,"minecraft:damage_blocked_by_shield":9300,"minecraft:drop":391,"minecraft:talked_to_villager":335,"minecraft:play_time":1316087,"minecraft:deaths":31,"minecraft:jump":20393,"minecraft:interact_with_brewingstand":1,"minecraft:walk_on_water_one_cm":116289,"minecraft:interact_with_furnace":350,"minecraft:traded_with_villager":608,"minecraft:sleep_in_bed":46,"minecraft:damage_dealt":27539,"minecraft:player_kills":2,"minecraft:crouch_one_cm":328468,"minecraft:inspect_dispenser":6,"minecraft:horse_one_cm":8,"minecraft:interact_with_anvil":19,"minecraft:mob_kills":190,"minecraft:interact_with_campfire":14,"minecraft:climb_one_cm":8858,"minecraft:walk_one_cm":2507568,"minecraft:sneak_time":88146,"minecraft:walk_under_water_one_cm":39324,"minecraft:boat_one_cm":533683,"minecraft:interact_with_blast_furnace":1,"minecraft:total_world_time":1316087,"minecraft:interact_with_stonecutter":1,"minecraft:time_since_rest":3575,"minecraft:damage_taken":18417,"minecraft:swim_one_cm":170372,"minecraft:fly_one_cm":5279700,"minecraft:open_chest":1370,"minecraft:fall_one_cm":560139}},"DataVersion":3465}