{"stats":{"minecraft:broken":{"minecraft:iron_shovel":1,"minecraft:shears":1,"minecraft:golden_shovel":2,"minecraft:diamond_pickaxe":1,"minecraft:stone_axe":1,"minecraft:wooden_axe":1,"minecraft:shield":1,"minecraft:golden_axe":1,"minecraft:iron_axe":4,"minecraft:iron_pickaxe":3},"minecraft:custom":{"minecraft:animals_bred":1,"minecraft:interact_with_crafting_table":75,"minecraft:bell_ring":16,"minecraft:leave_game":4,"minecraft:time_since_death":5592,"minecraft:sprint_one_cm":1619087,"minecraft:damage_blocked_by_shield":3945,"minecraft:drop":62,"minecraft:talked_to_villager":22,"minecraft:play_time":425746,"minecraft:deaths":14,"minecraft:jump":7518,"minecraft:walk_on_water_one_cm":21516,"minecraft:interact_with_furnace":219,"minecraft:sleep_in_bed":18,"minecraft:damage_dealt":12449,"minecraft:crouch_one_cm":98854,"minecraft:mob_kills":106,"minecraft:interact_with_campfire":14,"minecraft:climb_one_cm":658,"minecraft:walk_one_cm":905742,"minecraft:sneak_time":27528,"minecraft:walk_under_water_one_cm":19770,"minecraft:boat_one_cm":67074,"minecraft:interact_with_blast_furnace":1,"minecraft:total_world_time":425746,"minecraft:interact_with_stonecutter":1,"minecraft:time_since_rest":2401,"minecraft:damage_taken":8488,"minecraft:swim_one_cm":65746,"minecraft:fly_one_cm":1592204,"minecraft:open_chest":210,"minecraft:fall_one_cm":202064},"minecraft:mined":{"minecraft:spruce_planks":1,"minecraft:white_bed":10,"minecraft:cobblestone_stairs":1,"minecraft:brewing_stand":1,"minecraft:cave_vines_plant":6,"minecraft:granite":13,"minecraft:grass_block":187,"minecraft:composter":2,"minecraft:oxeye_daisy":1,"minecraft:magma_block":5,"minecraft:iron_ore":47,"minecraft:fire":1,"minecraft:cobbled_deepslate":1,"minecraft:pumpkin":1,"minecraft:moss_carpet":1,"minecraft:fletching_table":1,"minecraft:pointed_dripstone":7,"minecraft:cave_vines":42,"minecraft:oak_stairs":4,"minecraft:deepslate_redstone_ore":44,"minecraft:brown_mushroom":11,"minecraft:powder_snow":1,"minecraft:clay":11,"minecraft:torch":18,"minecraft:poppy":1,"minecraft:chest":1,"minecraft:glass":1,"minecraft:cobblestone":10,"minecraft:sugar_cane":8,"minecraft:grindstone":1,"minecraft:oak_planks":205,"minecraft:wall_torch":21,"minecraft:birch_log":122,"minecraft:wheat":36,"minecraft:grass":35,"minecraft:oak_log":503,"minecraft:beetroots":15,"minecraft:sand":193,"minecraft:dirt":90,"minecraft:stonecutter":3,"minecraft:oak_leaves":202,"minecraft:deepslate":1170,"minecraft:tuff":121,"minecraft:deepslate_diamond_ore":1,"minecraft:spruce_leaves":19,"minecraft:moss_block":3,"minecraft:large_fern":5,"minecraft:hay_block":6,"minecraft:redstone_ore":3,"minecraft:furnace":7,"minecraft:carrots":2,"minecraft:andesite":27,"minecraft:bookshelf":2,"minecraft:potatoes":36,"minecraft:cobblestone_slab":10,"minecraft:deepslate_iron_ore":44,"minecraft:rail":7,"minecraft:stripped_oak_log":1,"minecraft:stone":527,"minecraft:podzol":4,"minecraft:oak_slab":2,"minecraft:dandelion":4,"minecraft:oak_fence":10,"minecraft:crafting_table":10,"minecraft:lectern":11,"minecraft:tall_grass":13,"minecraft:copper_ore":2,"minecraft:lapis_ore":8,"minecraft:deepslate_gold_ore":35,"minecraft:diorite":7,"minecraft:blue_bed":15,"minecraft:spruce_stairs":12,"minecraft:birch_planks":18,"minecraft:coarse_dirt":1,"minecraft:sweet_berry_bush":24,"minecraft:spruce_log":26,"minecraft:birch_leaves":104,"minecraft:yellow_bed":11,"minecraft:coal_ore":273,"minecraft:gravel":17,"minecraft:dripstone_block":1,"minecraft:gold_ore":14,"minecraft:fern":4},"minecraft:picked_up":{"minecraft:wooden_axe":1,"minecraft:iron_chestplate":8,"minecraft:wheat":121,"minecraft:oak_stairs":4,"minecraft:brewing_stand":2,"minecraft:string":6,"minecraft:raw_copper":8,"minecraft:iron_leggings":7,"minecraft:beetroot":1,"minecraft:cobbled_deepslate":563,"minecraft:spruce_planks":3,"minecraft:cobblestone_slab":11,"minecraft:iron_boots":5,"minecraft:furnace":9,"minecraft:stick":338,"minecraft:composter":2,"minecraft:oak_fence":15,"minecraft:torch":188,"minecraft:spruce_stairs":26,"minecraft:porkchop":37,"minecraft:pointed_dripstone":20,"minecraft:diorite":8,"minecraft:rotten_flesh":71,"minecraft:tropical_fish":1,"minecraft:cobblestone":529,"minecraft:birch_log":190,"minecraft:magma_block":5,"minecraft:andesite":27,"minecraft:potato":147,"minecraft:flint":10,"minecraft:tuff":82,"minecraft:dirt":412,"minecraft:lapis_lazuli":107,"minecraft:name_tag":2,"minecraft:bone":32,"minecraft:stonecutter":3,"minecraft:bow":1,"minecraft:wheat_seeds":141,"minecraft:raw_gold":73,"minecraft:grindstone":1,"minecraft:fletching_table":4,"minecraft:moss_block":5,"minecraft:oak_planks":219,"minecraft:cooked_porkchop":24,"minecraft:sand":193,"minecraft:iron_hoe":4,"minecraft:diamond":1,"minecraft:granite":13,"minecraft:bread":9,"minecraft:oak_sapling":60,"minecraft:oak_leaves":327,"minecraft:diamond_pickaxe":3,"minecraft:crafting_table":14,"minecraft:coarse_dirt":1,"minecraft:chicken":4,"minecraft:clay_ball":92,"minecraft:brown_mushroom":10,"minecraft:wooden_pickaxe":1,"minecraft:shield":4,"minecraft:iron_axe":4,"minecraft:iron_shovel":1,"minecraft:beef":23,"minecraft:oak_boat":11,"minecraft:light_gray_wool":1,"minecraft:lectern":11,"minecraft:sugar_cane":20,"minecraft:chest":1,"minecraft:birch_sapling":49,"minecraft:egg":3,"minecraft:raw_iron":102,"minecraft:carrot":5,"minecraft:redstone":202,"minecraft:arrow":25,"minecraft:beetroot_seeds":72,"minecraft:pumpkin_pie":2,"minecraft:hay_block":6,"minecraft:gold_ingot":3,"minecraft:mutton":82,"minecraft:glow_berries":17,"minecraft:white_wool":52,"minecraft:rail":9,"minecraft:oxeye_daisy":1,"minecraft:stripped_oak_log":1,"minecraft:birch_leaves":199,"minecraft:leather":14,"minecraft:birch_planks":18,"minecraft:oak_log":959,"minecraft:yellow_bed":11,"minecraft:gunpowder":1,"minecraft:cobblestone_stairs":1,"minecraft:blue_bed":17,"minecraft:cooked_mutton":9,"minecraft:apple":44,"minecraft:stone_pickaxe":5,"minecraft:iron_ingot":35,"minecraft:iron_sword":6,"minecraft:book":6,"minecraft:oak_slab":50,"minecraft:pumpkin":3,"minecraft:sweet_berries":140,"minecraft:dandelion":4,"minecraft:dripstone_block":3,"minecraft:gravel":36,"minecraft:spruce_sapling":2,"minecraft:white_bed":12,"minecraft:spruce_log":28,"minecraft:spider_eye":5,"minecraft:stone_axe":2,"minecraft:iron_helmet":6,"minecraft:gray_wool":2,"minecraft:coal":542},"minecraft:killed_by":{"minecraft:creeper":2,"minecraft:zombie":1,"minecraft:player":1,"minecraft:spider":1,"minecraft:skeleton":5},"minecraft:used":{"minecraft:moss_block":2,"minecraft:iron_shovel":254,"minecraft:chest":7,"minecraft:shield":55,"minecraft:iron_sword":8,"minecraft:rotten_flesh":5,"minecraft:iron_chestplate":2,"minecraft:carrot":5,"minecraft:tuff":3,"minecraft:glass":127,"minecraft:lantern":6,"minecraft:iron_helmet":1,"minecraft:sweet_berries":31,"minecraft:furnace":9,"minecraft:potato":135,"minecraft:birch_leaves":12,"minecraft:stone_pickaxe":200,"minecraft:oak_planks":552,"minecraft:wooden_pickaxe":36,"minecraft:composter":2,"minecraft:blue_bed":11,"minecraft:oak_leaves":62,"minecraft:white_wool":4,"minecraft:glow_berries":14,"minecraft:sand":8,"minecraft:dripstone_block":1,"minecraft:shears":238,"minecraft:bread":21,"minecraft:lectern":11,"minecraft:oak_pressure_plate":2,"minecraft:gravel":1,"minecraft:andesite":25,"minecraft:oak_boat":10,"minecraft:bone_meal":18,"minecraft:oak_fence":62,"minecraft:spruce_planks":85,"minecraft:oak_door":2,"minecraft:torch":313,"minecraft:dirt":262,"minecraft:spruce_stairs":35,"minecraft:golden_shovel":65,"minecraft:iron_hoe":120,"minecraft:wooden_axe":60,"minecraft:iron_axe":940,"minecraft:oak_stairs":8,"minecraft:iron_boots":1,"minecraft:cooked_beef":13,"minecraft:cobbled_deepslate":23,"minecraft:golden_axe":25,"minecraft:iron_leggings":3,"minecraft:wheat_seeds":7,"minecraft:cooked_mutton":37,"minecraft:cobblestone_stairs":25,"minecraft:birch_planks":42,"minecraft:baked_potato":3,"minecraft:fletching_table":2,"minecraft:cobblestone_slab":2,"minecraft:rail":3,"minecraft:oak_slab":22,"minecraft:crafting_table":10,"minecraft:white_bed":7,"minecraft:oak_log":73,"minecraft:diamond_pickaxe":1545,"minecraft:apple":1,"minecraft:iron_pickaxe":732,"minecraft:stone_axe":177,"minecraft:cobblestone":339,"minecraft:cooked_porkchop":8,"minecraft:yellow_bed":9},"minecraft:killed":{"minecraft:spider":2,"minecraft:skeleton":7,"minecraft:chicken":1,"minecraft:pig":12,"minecraft:zombie_villager":1,"minecraft:creeper":1,"minecraft:sheep":34,"minecraft:zombie":28,"minecraft:cow":11},"minecraft:dropped":{"minecraft:moss_block":3,"minecraft:oak_log":16,"minecraft:baked_potato":3,"minecraft:cooked_porkchop":7,"minecraft:dirt":17,"minecraft:pumpkin_pie":1,"minecraft:blue_bed":1,"minecraft:cobbled_deepslate":4,"minecraft:grindstone":1,"minecraft:rotten_flesh":9,"minecraft:oak_planks":17,"minecraft:white_bed":1,"minecraft:gunpowder":1,"minecraft:leather_boots":1,"minecraft:egg":3,"minecraft:iron_ingot":14,"minecraft:bread":6,"minecraft:wheat_seeds":3,"minecraft:golden_apple":1,"minecraft:diorite":1,"minecraft:torch":1,"minecraft:iron_leggings":1,"minecraft:spruce_sapling":2,"minecraft:dandelion":1,"minecraft:light_gray_wool":1,"minecraft:iron_boots":1,"minecraft:spruce_planks":2,"minecraft:iron_chestplate":2},"minecraft:crafted":{"minecraft:oak_planks":952,"minecraft:oak_pressure_plate":2,"minecraft:cooked_chicken":1,"minecraft:cobblestone_stairs":24,"minecraft:cooked_mutton":51,"minecraft:glass":185,"minecraft:iron_boots":1,"minecraft:chest":6,"minecraft:oak_fence":57,"minecraft:oak_slab":30,"minecraft:cooked_porkchop":3,"minecraft:crafting_table":5,"minecraft:spruce_planks":156,"minecraft:wooden_pickaxe":3,"minecraft:baked_potato":6,"minecraft:iron_helmet":1,"minecraft:fletching_table":2,"minecraft:birch_planks":276,"minecraft:iron_chestplate":2,"minecraft:shield":2,"minecraft:stick":1116,"minecraft:iron_ingot":156,"minecraft:iron_pickaxe":1,"minecraft:gold_ingot":49,"minecraft:shears":1,"minecraft:oak_door":3,"minecraft:iron_nugget":54,"minecraft:furnace":7,"minecraft:bone_meal":33,"minecraft:lantern":6,"minecraft:spruce_stairs":32,"minecraft:iron_axe":7,"minecraft:iron_hoe":1,"minecraft:stone_pickaxe":4,"minecraft:cooked_beef":31,"minecraft:iron_sword":1,"minecraft:golden_shovel":2,"minecraft:bucket":1,"minecraft:stone_axe":1,"minecraft:bread":2,"minecraft:air":0,"minecraft:oak_boat":1,"minecraft:wooden_axe":1,"minecraft:oak_stairs":4,"minecraft:iron_shovel":1,"minecraft:iron_leggings":2,"minecraft:torch":348}},"DataVersion":3465}