{"stats":{"minecraft:crafted":{"minecraft:smooth_stone":12,"minecraft:oak_planks":2672,"minecraft:cobblestone_slab":942,"minecraft:oak_pressure_plate":2,"minecraft:cooked_chicken":2,"minecraft:crimson_sign":18,"minecraft:stone":21,"minecraft:cobblestone_stairs":72,"minecraft:cooked_mutton":70,"minecraft:glass":185,"minecraft:hopper":2,"minecraft:bow":6,"minecraft:diamond_helmet":2,"minecraft:diamond_leggings":2,"minecraft:iron_boots":2,"minecraft:chest":12,"minecraft:rail":144,"minecraft:oak_fence":57,"minecraft:oak_slab":30,"minecraft:arrow":192,"minecraft:emerald":531,"minecraft:cooked_porkchop":8,"minecraft:diamond_axe":1,"minecraft:crafting_table":6,"minecraft:spruce_planks":2544,"minecraft:iron_helmet":14,"minecraft:wooden_pickaxe":3,"minecraft:baked_potato":374,"minecraft:fletching_table":2,"minecraft:birch_planks":676,"minecraft:dispenser":4,"minecraft:iron_chestplate":3,"minecraft:diamond_pickaxe":2,"minecraft:shield":6,"minecraft:stick":20231,"minecraft:iron_ingot":361,"minecraft:iron_pickaxe":16,"minecraft:iron_block":5,"minecraft:gold_ingot":122,"minecraft:redstone_torch":10,"minecraft:shears":1,"minecraft:golden_carrot":87,"minecraft:oak_door":3,"minecraft:iron_nugget":59,"minecraft:furnace":10,"minecraft:blast_furnace":3,"minecraft:bone_meal":33,"minecraft:flint_and_steel":2,"minecraft:lantern":6,"minecraft:spruce_stairs":32,"minecraft:iron_axe":11,"minecraft:ladder":12,"minecraft:iron_hoe":1,"minecraft:stone_pickaxe":4,"minecraft:diamond_boots":2,"minecraft:spruce_boat":1,"minecraft:chainmail_leggings":12,"minecraft:minecart":7,"minecraft:wheat":54,"minecraft:cooked_beef":31,"minecraft:crimson_planks":48,"minecraft:diamond_sword":1,"minecraft:iron_sword":1,"minecraft:golden_shovel":2,"minecraft:bucket":4,"minecraft:stone_axe":1,"minecraft:enchanted_book":6,"minecraft:bread":26,"minecraft:air":0,"minecraft:oak_boat":2,"minecraft:golden_apple":2,"minecraft:gold_nugget":693,"minecraft:chainmail_boots":15,"minecraft:oak_stairs":4,"minecraft:wooden_axe":1,"minecraft:crimson_fence":6,"minecraft:iron_shovel":4,"minecraft:iron_leggings":3,"minecraft:anvil":1,"minecraft:torch":492,"minecraft:diamond_chestplate":2},"minecraft:dropped":{"minecraft:moss_block":3,"minecraft:brown_mushroom":2,"minecraft:oak_log":29,"minecraft:baked_potato":58,"minecraft:diamond":4,"minecraft:cooked_porkchop":7,"minecraft:rail":18,"minecraft:emerald":34,"minecraft:flint":1,"minecraft:dirt":82,"minecraft:pumpkin_pie":1,"minecraft:polished_blackstone_bricks":11,"minecraft:iron_pickaxe":3,"minecraft:blue_bed":1,"minecraft:gravel":1,"minecraft:cobbled_deepslate":33,"minecraft:birch_sapling":6,"minecraft:rotten_flesh":12,"minecraft:grindstone":1,"minecraft:oak_planks":17,"minecraft:cooked_mutton":8,"minecraft:white_bed":2,"minecraft:carrot":347,"minecraft:gunpowder":1,"minecraft:leather_boots":1,"minecraft:chainmail_boots":20,"minecraft:arrow":184,"minecraft:powered_rail":3,"minecraft:netherrack":1,"minecraft:egg":3,"minecraft:enchanted_book":3,"minecraft:bread":6,"minecraft:iron_ingot":14,"minecraft:wheat_seeds":19,"minecraft:diamond_leggings":2,"minecraft:iron_helmet":21,"minecraft:cobblestone":57,"minecraft:book":3,"minecraft:apple":7,"minecraft:granite":1,"minecraft:spruce_button":64,"minecraft:golden_apple":1,"minecraft:stick":17,"minecraft:diorite":11,"minecraft:golden_carrot":76,"minecraft:torch":65,"minecraft:diamond_helmet":1,"minecraft:iron_leggings":3,"minecraft:chainmail_leggings":12,"minecraft:iron_shovel":2,"minecraft:spruce_sapling":61,"minecraft:dandelion":1,"minecraft:redstone":17,"minecraft:coarse_dirt":1,"minecraft:light_gray_wool":1,"minecraft:iron_boots":2,"minecraft:villager_spawn_egg":2,"minecraft:blast_furnace":3,"minecraft:cobblestone_slab":35,"minecraft:potato":351,"minecraft:diamond_chestplate":4,"minecraft:spruce_planks":2,"minecraft:diamond_pickaxe":2,"minecraft:iron_chestplate":3,"minecraft:oak_sapling":14,"minecraft:redstone_torch":4,"minecraft:diamond_boots":1,"minecraft:bow":4},"minecraft:killed_by":{"minecraft:ghast":1,"minecraft:piglin_brute":1,"minecraft:creeper":5,"minecraft:piglin":1,"minecraft:zombie":1,"minecraft:player":2,"minecraft:spider":1,"minecraft:hoglin":1,"minecraft:skeleton":6},"minecraft:picked_up":{"minecraft:wooden_axe":1,"minecraft:iron_chestplate":10,"minecraft:wheat":121,"minecraft:chainmail_boots":8,"minecraft:anvil":1,"minecraft:oak_stairs":4,"minecraft:enchanted_book":2,"minecraft:gilded_blackstone":1,"minecraft:brewing_stand":2,"minecraft:golden_sword":1,"minecraft:polished_blackstone_brick_stairs":1,"minecraft:string":11,"minecraft:raw_copper":16,"minecraft:iron_leggings":10,"minecraft:beetroot":1,"minecraft:diamond_leggings":3,"minecraft:gold_nugget":18,"minecraft:cobbled_deepslate":1446,"minecraft:spruce_planks":153,"minecraft:redstone_torch":6,"minecraft:cobblestone_slab":142,"minecraft:iron_pickaxe":11,"minecraft:furnace":9,"minecraft:iron_boots":5,"minecraft:stick":1219,"minecraft:composter":2,"minecraft:oak_fence":15,"minecraft:torch":532,"minecraft:spruce_stairs":26,"minecraft:porkchop":44,"minecraft:pointed_dripstone":20,"minecraft:diorite":29,"minecraft:golden_chestplate":2,"minecraft:rotten_flesh":116,"minecraft:tropical_fish":1,"minecraft:obsidian":12,"minecraft:cobblestone":1902,"minecraft:enchanting_table":1,"minecraft:birch_log":416,"minecraft:magma_block":5,"minecraft:water_bucket":1,"minecraft:andesite":41,"minecraft:potato":766,"minecraft:flint":13,"minecraft:tuff":122,"minecraft:lapis_lazuli":120,"minecraft:dirt":1673,"minecraft:name_tag":2,"minecraft:glass":174,"minecraft:leather_boots":1,"minecraft:bone":54,"minecraft:stonecutter":3,"minecraft:bow":4,"minecraft:wheat_seeds":162,"minecraft:raw_gold":76,"minecraft:grindstone":1,"minecraft:diamond_helmet":2,"minecraft:fletching_table":8,"minecraft:powered_rail":15,"minecraft:moss_block":5,"minecraft:oak_planks":253,"minecraft:cooked_porkchop":24,"minecraft:poisonous_potato":6,"minecraft:sand":193,"minecraft:stripped_spruce_log":1,"minecraft:grass_block":1,"minecraft:iron_hoe":4,"minecraft:dispenser":1,"minecraft:spruce_boat":1,"minecraft:diamond":5,"minecraft:cracked_polished_blackstone_bricks":23,"minecraft:granite":14,"minecraft:piglin_banner_pattern":1,"minecraft:spruce_button":64,"minecraft:emerald":77,"minecraft:bread":9,"minecraft:oak_sapling":120,"minecraft:netherrack":377,"minecraft:bricks":1,"minecraft:oak_leaves":327,"minecraft:crimson_roots":10,"minecraft:diamond_pickaxe":5,"minecraft:coarse_dirt":2,"minecraft:crafting_table":20,"minecraft:chicken":4,"minecraft:ladder":21,"minecraft:clay_ball":108,"minecraft:brown_mushroom":12,"minecraft:wooden_pickaxe":1,"minecraft:gold_block":18,"minecraft:shield":13,"minecraft:iron_axe":7,"minecraft:iron_shovel":3,"minecraft:blackstone":107,"minecraft:beef":23,"minecraft:oak_boat":29,"minecraft:minecart":10,"minecraft:light_gray_wool":1,"minecraft:lectern":20,"minecraft:sugar_cane":37,"minecraft:chest":1,"minecraft:birch_sapling":66,"minecraft:egg":3,"minecraft:raw_iron":107,"minecraft:polished_blackstone_bricks":79,"minecraft:carrot":466,"minecraft:redstone":232,"minecraft:diamond_chestplate":6,"minecraft:weeping_vines":2,"minecraft:arrow":413,"minecraft:beetroot_seeds":72,"minecraft:pumpkin_pie":2,"minecraft:diamond_boots":3,"minecraft:hay_block":6,"minecraft:gold_ingot":5,"minecraft:glow_berries":17,"minecraft:mutton":83,"minecraft:rail":112,"minecraft:white_wool":53,"minecraft:oxeye_daisy":1,"minecraft:stripped_oak_log":1,"minecraft:birch_leaves":199,"minecraft:basalt":1,"minecraft:golden_carrot":91,"minecraft:glow_ink_sac":1,"minecraft:crimson_stem":12,"minecraft:leather":29,"minecraft:birch_planks":18,"minecraft:crimson_fungus":2,"minecraft:oak_log":1874,"minecraft:golden_boots":1,"minecraft:yellow_bed":12,"minecraft:nether_wart_block":5,"minecraft:gunpowder":11,"minecraft:cobblestone_stairs":4,"minecraft:blue_bed":31,"minecraft:cooked_mutton":10,"minecraft:apple":54,"minecraft:iron_ingot":62,"minecraft:stone_pickaxe":5,"minecraft:soul_sand":5,"minecraft:iron_sword":6,"minecraft:book":6,"minecraft:oak_slab":50,"minecraft:warped_fungus":1,"minecraft:pumpkin":3,"minecraft:sweet_berries":142,"minecraft:quartz":94,"minecraft:dandelion":4,"minecraft:dripstone_block":3,"minecraft:gravel":59,"minecraft:spruce_sapling":61,"minecraft:blast_furnace":14,"minecraft:white_bed":13,"minecraft:spruce_log":2326,"minecraft:spider_eye":6,"minecraft:diamond_shovel":1,"minecraft:stone_axe":2,"minecraft:iron_helmet":19,"minecraft:gray_wool":2,"minecraft:baked_potato":366,"minecraft:coal":841},"minecraft:used":{"minecraft:moss_block":2,"minecraft:iron_shovel":1023,"minecraft:dispenser":5,"minecraft:ladder":21,"minecraft:chest":11,"minecraft:shield":136,"minecraft:iron_sword":33,"minecraft:zombie_spawn_egg":1,"minecraft:rotten_flesh":5,"minecraft:iron_chestplate":2,"minecraft:carrot":135,"minecraft:tuff":3,"minecraft:obsidian":10,"minecraft:spruce_boat":2,"minecraft:glass":130,"minecraft:villager_spawn_egg":1,"minecraft:lantern":6,"minecraft:grass_block":1,"minecraft:iron_helmet":1,"minecraft:crimson_roots":1,"minecraft:bow":25,"minecraft:sweet_berries":31,"minecraft:furnace":9,"minecraft:potato":335,"minecraft:diorite":1,"minecraft:powered_rail":19,"minecraft:birch_leaves":12,"minecraft:oak_planks":581,"minecraft:stone_pickaxe":200,"minecraft:blackstone":107,"minecraft:wooden_pickaxe":36,"minecraft:composter":2,"minecraft:blue_bed":24,"minecraft:diamond_axe":3156,"minecraft:golden_apple":1,"minecraft:oak_leaves":62,"minecraft:white_wool":4,"minecraft:glow_berries":14,"minecraft:sand":8,"minecraft:blast_furnace":14,"minecraft:dripstone_block":1,"minecraft:shears":238,"minecraft:redstone_torch":6,"minecraft:bread":21,"minecraft:lectern":20,"minecraft:oak_pressure_plate":2,"minecraft:gravel":1,"minecraft:diamond_sword":6,"minecraft:chainmail_boots":1,"minecraft:andesite":25,"minecraft:oak_boat":26,"minecraft:coarse_dirt":1,"minecraft:bone_meal":18,"minecraft:oak_fence":62,"minecraft:enchanting_table":1,"minecraft:crimson_fence":1,"minecraft:flint_and_steel":1,"minecraft:spruce_planks":86,"minecraft:cooked_chicken":1,"minecraft:netherrack":40,"minecraft:oak_door":2,"minecraft:torch":375,"minecraft:dirt":1192,"minecraft:anvil":2,"minecraft:spruce_stairs":35,"minecraft:golden_shovel":65,"minecraft:granite":15,"minecraft:iron_hoe":120,"minecraft:wooden_axe":60,"minecraft:iron_axe":1834,"minecraft:oak_stairs":8,"minecraft:iron_boots":1,"minecraft:golden_carrot":13,"minecraft:minecart":17,"minecraft:cooked_beef":21,"minecraft:cobbled_deepslate":25,"minecraft:golden_axe":25,"minecraft:iron_leggings":3,"minecraft:wheat_seeds":7,"minecraft:cooked_mutton":42,"minecraft:water_bucket":40,"minecraft:cobblestone_stairs":65,"minecraft:birch_planks":42,"minecraft:baked_potato":100,"minecraft:fletching_table":6,"minecraft:cobblestone_slab":937,"minecraft:polished_blackstone_bricks":44,"minecraft:rail":121,"minecraft:oak_slab":22,"minecraft:crafting_table":16,"minecraft:white_bed":7,"minecraft:spruce_log":9,"minecraft:oak_log":73,"minecraft:diamond_pickaxe":2759,"minecraft:apple":1,"minecraft:cracked_polished_blackstone_bricks":15,"minecraft:iron_pickaxe":2497,"minecraft:stone_axe":177,"minecraft:cobblestone":1278,"minecraft:cooked_porkchop":8,"minecraft:bucket":43,"minecraft:yellow_bed":9,"minecraft:diamond_leggings":1},"minecraft:killed":{"minecraft:spider":7,"minecraft:skeleton":18,"minecraft:chicken":1,"minecraft:piglin_brute":3,"minecraft:piglin":6,"minecraft:pig":12,"minecraft:zombie_villager":1,"minecraft:iron_golem":1,"minecraft:creeper":5,"minecraft:sheep":35,"minecraft:zombie":61,"minecraft:ghast":1,"minecraft:cow":11,"minecraft:hoglin":2,"minecraft:enderman":1},"minecraft:broken":{"minecraft:iron_shovel":3,"minecraft:shears":1,"minecraft:golden_shovel":2,"minecraft:diamond_pickaxe":1,"minecraft:stone_axe":1,"minecraft:wooden_axe":1,"minecraft:shield":2,"minecraft:golden_axe":1,"minecraft:iron_axe":7,"minecraft:iron_pickaxe":9},"minecraft:mined":{"minecraft:spruce_planks":1,"minecraft:white_bed":11,"minecraft:cobblestone_stairs":4,"minecraft:brewing_stand":1,"minecraft:obsidian":14,"minecraft:cave_vines_plant":6,"minecraft:granite":13,"minecraft:grass_block":809,"minecraft:cracked_polished_blackstone_bricks":24,"minecraft:composter":2,"minecraft:crimson_fungus":2,"minecraft:oxeye_daisy":1,"minecraft:gilded_blackstone":1,"minecraft:polished_blackstone_bricks":64,"minecraft:weeping_vines_plant":2,"minecraft:magma_block":5,"minecraft:iron_ore":50,"minecraft:cobbled_deepslate":1,"minecraft:fire":4,"minecraft:pumpkin":1,"minecraft:moss_carpet":1,"minecraft:fletching_table":4,"minecraft:anvil":1,"minecraft:enchanting_table":1,"minecraft:pointed_dripstone":7,"minecraft:cave_vines":42,"minecraft:dirt_path":2,"minecraft:oak_stairs":4,"minecraft:deepslate_redstone_ore":52,"minecraft:brown_mushroom":11,"minecraft:blackstone":60,"minecraft:crimson_nylium":13,"minecraft:powder_snow":1,"minecraft:clay":15,"minecraft:torch":23,"minecraft:blast_furnace":14,"minecraft:poppy":1,"minecraft:chest":1,"minecraft:nether_quartz_ore":64,"minecraft:glass":1,"minecraft:cobblestone":207,"minecraft:grindstone":1,"minecraft:sugar_cane":8,"minecraft:oak_planks":209,"minecraft:bricks":1,"minecraft:wall_torch":22,"minecraft:powered_rail":14,"minecraft:nether_wart_block":7,"minecraft:birch_log":350,"minecraft:wheat":36,"minecraft:warped_fungus":1,"minecraft:grass":76,"minecraft:oak_log":1351,"minecraft:beetroots":15,"minecraft:sand":193,"minecraft:dirt":301,"minecraft:stonecutter":3,"minecraft:dispenser":1,"minecraft:netherrack":437,"minecraft:oak_leaves":297,"minecraft:deepslate":2005,"minecraft:nether_gold_ore":2,"minecraft:tuff":165,"minecraft:deepslate_diamond_ore":1,"minecraft:crimson_roots":8,"minecraft:spruce_leaves":281,"minecraft:moss_block":3,"minecraft:crimson_stem":12,"minecraft:large_fern":14,"minecraft:hay_block":6,"minecraft:redstone_ore":3,"minecraft:furnace":7,"minecraft:carrots":133,"minecraft:andesite":38,"minecraft:stripped_spruce_log":1,"minecraft:gold_block":17,"minecraft:bookshelf":2,"minecraft:potatoes":235,"minecraft:deepslate_iron_ore":45,"minecraft:cobblestone_slab":131,"minecraft:rail":111,"minecraft:stripped_oak_log":1,"minecraft:stone":1418,"minecraft:podzol":4,"minecraft:oak_slab":2,"minecraft:basalt":1,"minecraft:dandelion":4,"minecraft:oak_fence":10,"minecraft:crafting_table":16,"minecraft:lectern":20,"minecraft:copper_ore":6,"minecraft:tall_grass":13,"minecraft:deepslate_gold_ore":35,"minecraft:lapis_ore":10,"minecraft:polished_blackstone_brick_stairs":1,"minecraft:diorite":28,"minecraft:blue_bed":29,"minecraft:spruce_stairs":12,"minecraft:birch_planks":18,"minecraft:coarse_dirt":2,"minecraft:redstone_torch":6,"minecraft:sweet_berry_bush":26,"minecraft:spruce_log":2425,"minecraft:birch_leaves":109,"minecraft:yellow_bed":11,"minecraft:coal_ore":306,"minecraft:gravel":48,"minecraft:dripstone_block":1,"minecraft:gold_ore":14,"minecraft:fern":7},"minecraft:custom":{"minecraft:animals_bred":1,"minecraft:interact_with_crafting_table":167,"minecraft:bell_ring":16,"minecraft:leave_game":22,"minecraft:time_since_death":4373,"minecraft:sprint_one_cm":3682028,"minecraft:damage_blocked_by_shield":9045,"minecraft:drop":377,"minecraft:talked_to_villager":309,"minecraft:play_time":1107365,"minecraft:deaths":26,"minecraft:jump":16040,"minecraft:walk_on_water_one_cm":79674,"minecraft:interact_with_furnace":337,"minecraft:traded_with_villager":606,"minecraft:sleep_in_bed":43,"minecraft:damage_dealt":24180,"minecraft:player_kills":1,"minecraft:crouch_one_cm":313668,"minecraft:inspect_dispenser":6,"minecraft:horse_one_cm":8,"minecraft:interact_with_anvil":16,"minecraft:mob_kills":175,"minecraft:interact_with_campfire":14,"minecraft:climb_one_cm":6905,"minecraft:walk_one_cm":2250548,"minecraft:sneak_time":83454,"minecraft:walk_under_water_one_cm":29056,"minecraft:boat_one_cm":86943,"minecraft:interact_with_blast_furnace":1,"minecraft:total_world_time":1107365,"minecraft:interact_with_stonecutter":1,"minecraft:time_since_rest":5143,"minecraft:damage_taken":15125,"minecraft:swim_one_cm":71532,"minecraft:fly_one_cm":4104779,"minecraft:open_chest":1119,"minecraft:fall_one_cm":427567}},"DataVersion":3465}