{"stats":{"minecraft:crafted":{"minecraft:stone_shovel":1,"minecraft:furnace":3,"minecraft:bone_meal":33,"minecraft:spruce_fence":24,"minecraft:cooked_mutton":8,"minecraft:polished_diorite":12,"minecraft:iron_axe":3,"minecraft:stone_pickaxe":4,"minecraft:chest":3,"minecraft:stone_hoe":1,"minecraft:wheat":90,"minecraft:cooked_beef":21,"minecraft:cooked_porkchop":5,"minecraft:crafting_table":4,"minecraft:spruce_planks":52,"minecraft:wooden_pickaxe":1,"minecraft:bucket":3,"minecraft:stone_axe":1,"minecraft:air":0,"minecraft:bread":54,"minecraft:iron_chestplate":2,"minecraft:shield":2,"minecraft:stick":72,"minecraft:iron_ingot":65,"minecraft:iron_pickaxe":3,"minecraft:iron_shovel":3,"minecraft:iron_leggings":2,"minecraft:gold_ingot":19,"minecraft:acacia_planks":104,"minecraft:torch":200},"minecraft:used":{"minecraft:iron_shovel":766,"minecraft:stone_shovel":131,"minecraft:chest":3,"minecraft:shield":12,"minecraft:iron_sword":34,"minecraft:stone_hoe":86,"minecraft:netherrack":34,"minecraft:orange_bed":2,"minecraft:torch":121,"minecraft:dirt":655,"minecraft:spruce_fence":24,"minecraft:granite":12,"minecraft:polished_diorite":9,"minecraft:iron_axe":402,"minecraft:furnace":8,"minecraft:cooked_beef":10,"minecraft:cobbled_deepslate":73,"minecraft:acacia_planks":26,"minecraft:iron_leggings":2,"minecraft:cooked_mutton":12,"minecraft:wheat_seeds":104,"minecraft:water_bucket":25,"minecraft:diorite":65,"minecraft:stone_pickaxe":479,"minecraft:wooden_pickaxe":22,"minecraft:composter":3,"minecraft:sugar_cane":180,"minecraft:lime_bed":5,"minecraft:crafting_table":5,"minecraft:smoker":1,"minecraft:bread":44,"minecraft:melon_slice":13,"minecraft:iron_pickaxe":645,"minecraft:spruce_sapling":22,"minecraft:gravel":168,"minecraft:stone_axe":99,"minecraft:cobblestone":27,"minecraft:cooked_porkchop":2,"minecraft:andesite":5,"minecraft:bucket":26,"minecraft:bone_meal":26},"minecraft:custom":{"minecraft:mob_kills":62,"minecraft:interact_with_crafting_table":40,"minecraft:leave_game":1,"minecraft:time_since_death":166406,"minecraft:climb_one_cm":356,"minecraft:sprint_one_cm":895627,"minecraft:walk_one_cm":501411,"minecraft:damage_blocked_by_shield":780,"minecraft:drop":41,"minecraft:talked_to_villager":17,"minecraft:play_time":248473,"minecraft:sneak_time":33423,"minecraft:deaths":1,"minecraft:walk_under_water_one_cm":22216,"minecraft:jump":5352,"minecraft:interact_with_blast_furnace":1,"minecraft:walk_on_water_one_cm":32561,"minecraft:total_world_time":248473,"minecraft:interact_with_furnace":100,"minecraft:interact_with_cartography_table":1,"minecraft:interact_with_grindstone":1,"minecraft:interact_with_stonecutter":1,"minecraft:sleep_in_bed":4,"minecraft:time_since_rest":9497,"minecraft:damage_taken":2945,"minecraft:damage_dealt":8019,"minecraft:swim_one_cm":42585,"minecraft:fly_one_cm":1342455,"minecraft:open_chest":190,"minecraft:crouch_one_cm":122732,"minecraft:interact_with_smoker":13,"minecraft:fall_one_cm":136438},"minecraft:broken":{"minecraft:iron_shovel":3,"minecraft:stone_pickaxe":3,"minecraft:iron_axe":1,"minecraft:iron_pickaxe":2,"minecraft:stone_shovel":1},"minecraft:dropped":{"minecraft:bread":24,"minecraft:wheat_seeds":17,"minecraft:poisonous_potato":1,"minecraft:book":1,"minecraft:oxeye_daisy":1,"minecraft:lava_bucket":2,"minecraft:torch":114,"minecraft:melon_slice":39,"minecraft:iron_leggings":1,"minecraft:iron_axe":2,"minecraft:iron_pickaxe":1,"minecraft:orange_bed":2,"minecraft:dandelion":13,"minecraft:furnace":1,"minecraft:rotten_flesh":1,"minecraft:azure_bluet":2,"minecraft:poppy":1,"minecraft:shield":1,"minecraft:iron_chestplate":1},"minecraft:killed_by":{"minecraft:skeleton":1},"minecraft:killed":{"minecraft:spider":2,"minecraft:skeleton":8,"minecraft:pig":7,"minecraft:iron_golem":1,"minecraft:creeper":2,"minecraft:sheep":18,"minecraft:zombie":13,"minecraft:cow":9},"minecraft:picked_up":{"minecraft:crafting_table":1,"minecraft:iron_chestplate":1,"minecraft:wheat":156,"minecraft:azure_bluet":4,"minecraft:smithing_table":1,"minecraft:brewing_stand":1,"minecraft:shield":1,"minecraft:cornflower":2,"minecraft:string":7,"minecraft:raw_copper":9,"minecraft:iron_axe":2,"minecraft:iron_leggings":1,"minecraft:beetroot":1,"minecraft:cartography_table":1,"minecraft:cobbled_deepslate":73,"minecraft:beef":24,"minecraft:poppy":1,"minecraft:iron_pickaxe":1,"minecraft:sugar_cane":190,"minecraft:melon_slice":116,"minecraft:furnace":6,"minecraft:egg":3,"minecraft:stick":4,"minecraft:raw_iron":28,"minecraft:sandstone":2,"minecraft:composter":3,"minecraft:torch":14,"minecraft:acacia_log":100,"minecraft:porkchop":14,"minecraft:diorite":122,"minecraft:carrot":15,"minecraft:blue_carpet":1,"minecraft:orange_bed":4,"minecraft:arrow":13,"minecraft:rotten_flesh":13,"minecraft:beetroot_seeds":5,"minecraft:hay_block":40,"minecraft:mutton":30,"minecraft:cobblestone":511,"minecraft:white_wool":18,"minecraft:oxeye_daisy":3,"minecraft:lime_bed":5,"minecraft:cooked_beef":5,"minecraft:glow_ink_sac":1,"minecraft:andesite":19,"minecraft:leather":10,"minecraft:smoker":1,"minecraft:potato":12,"minecraft:flint":15,"minecraft:oak_log":20,"minecraft:gunpowder":2,"minecraft:dirt":999,"minecraft:cooked_mutton":11,"minecraft:bone":8,"minecraft:acacia_planks":5,"minecraft:wheat_seeds":536,"minecraft:raw_gold":47,"minecraft:iron_ingot":8,"minecraft:oak_planks":45,"minecraft:soul_sand":4,"minecraft:book":1,"minecraft:dandelion":24,"minecraft:gravel":169,"minecraft:lava_bucket":1,"minecraft:sand":6,"minecraft:spruce_sapling":23,"minecraft:blast_furnace":1,"minecraft:spruce_log":146,"minecraft:spider_eye":2,"minecraft:diamond":1,"minecraft:granite":121,"minecraft:bread":13,"minecraft:melon_seeds":25,"minecraft:netherrack":62,"minecraft:coal":142},"minecraft:mined":{"minecraft:blue_carpet":2,"minecraft:red_carpet":2,"minecraft:attached_melon_stem":3,"minecraft:deepslate_diamond_ore":1,"minecraft:brewing_stand":1,"minecraft:granite":122,"minecraft:acacia_log":81,"minecraft:grass_block":357,"minecraft:spruce_leaves":66,"minecraft:cartography_table":1,"minecraft:composter":3,"minecraft:oxeye_daisy":3,"minecraft:sandstone":2,"minecraft:hay_block":40,"minecraft:spruce_sapling":2,"minecraft:furnace":6,"minecraft:iron_ore":27,"minecraft:cobbled_deepslate":4,"minecraft:andesite":23,"minecraft:azure_bluet":3,"minecraft:deepslate_iron_ore":1,"minecraft:dirt_path":37,"minecraft:stone":535,"minecraft:orange_bed":3,"minecraft:smithing_table":1,"minecraft:deepslate_redstone_ore":1,"minecraft:acacia_leaves":3,"minecraft:soul_sand":4,"minecraft:melon_stem":12,"minecraft:smoker":1,"minecraft:dandelion":20,"minecraft:cornflower":2,"minecraft:crafting_table":1,"minecraft:torch":9,"minecraft:short_grass":125,"minecraft:blast_furnace":1,"minecraft:melon":20,"minecraft:tall_grass":12,"minecraft:copper_ore":3,"minecraft:deepslate_gold_ore":33,"minecraft:sugar_cane":79,"minecraft:diorite":123,"minecraft:wall_torch":6,"minecraft:lime_bed":5,"minecraft:wheat":232,"minecraft:spruce_log":151,"minecraft:oak_log":21,"minecraft:coal_ore":103,"minecraft:beetroots":3,"minecraft:gravel":185,"minecraft:sand":6,"minecraft:dirt":457,"minecraft:acacia_planks":5,"minecraft:netherrack":64,"minecraft:gold_ore":9,"minecraft:oak_leaves":26,"minecraft:deepslate":72}},"DataVersion":3955}