{"stats":{"minecraft:killed":{"minecraft:pig":7,"minecraft:spider":1,"minecraft:sheep":7,"minecraft:cow":2},"minecraft:used":{"minecraft:wheat_seeds":22,"minecraft:diorite":3,"minecraft:stone_pickaxe":348,"minecraft:chest":1,"minecraft:wooden_pickaxe":22,"minecraft:orange_bed":1,"minecraft:torch":35,"minecraft:dirt":17,"minecraft:crafting_table":3,"minecraft:polished_diorite":9,"minecraft:bread":12,"minecraft:stone_axe":99,"minecraft:cobblestone":12,"minecraft:furnace":3},"minecraft:dropped":{"minecraft:torch":28},"minecraft:picked_up":{"minecraft:crafting_table":1,"minecraft:wheat":16,"minecraft:andesite":1,"minecraft:leather":2,"minecraft:flint":1,"minecraft:brewing_stand":1,"minecraft:dirt":17,"minecraft:string":2,"minecraft:wheat_seeds":54,"minecraft:cartography_table":1,"minecraft:beef":8,"minecraft:sugar_cane":98,"minecraft:raw_iron":19,"minecraft:torch":4,"minecraft:acacia_log":48,"minecraft:porkchop":14,"minecraft:gravel":15,"minecraft:diorite":15,"minecraft:orange_bed":2,"minecraft:rotten_flesh":2,"minecraft:hay_block":20,"minecraft:granite":1,"minecraft:bread":2,"minecraft:mutton":14,"minecraft:coal":62,"minecraft:white_wool":7,"minecraft:cobblestone":247},"minecraft:custom":{"minecraft:interact_with_furnace":15,"minecraft:mob_kills":18,"minecraft:interact_with_crafting_table":11,"minecraft:interact_with_cartography_table":1,"minecraft:leave_game":1,"minecraft:time_since_death":39041,"minecraft:sleep_in_bed":1,"minecraft:time_since_rest":23368,"minecraft:sprint_one_cm":133912,"minecraft:damage_taken":431,"minecraft:walk_one_cm":78946,"minecraft:drop":1,"minecraft:damage_dealt":1693,"minecraft:swim_one_cm":3279,"minecraft:talked_to_villager":3,"minecraft:fly_one_cm":174655,"minecraft:open_chest":4,"minecraft:crouch_one_cm":11186,"minecraft:play_time":39041,"minecraft:sneak_time":4065,"minecraft:walk_under_water_one_cm":5173,"minecraft:jump":773,"minecraft:walk_on_water_one_cm":9978,"minecraft:total_world_time":39041,"minecraft:fall_one_cm":16474},"minecraft:broken":{"minecraft:stone_pickaxe":2},"minecraft:mined":{"minecraft:acacia_leaves":1,"minecraft:melon_stem":1,"minecraft:brewing_stand":1,"minecraft:crafting_table":1,"minecraft:torch":2,"minecraft:granite":1,"minecraft:short_grass":33,"minecraft:acacia_log":50,"minecraft:grass_block":3,"minecraft:tall_grass":5,"minecraft:sugar_cane":39,"minecraft:cartography_table":1,"minecraft:diorite":15,"minecraft:wall_torch":4,"minecraft:hay_block":20,"minecraft:iron_ore":19,"minecraft:wheat":24,"minecraft:andesite":5,"minecraft:coal_ore":64,"minecraft:gravel":17,"minecraft:dirt":14,"minecraft:stone":257,"minecraft:orange_bed":2},"minecraft:crafted":{"minecraft:crafting_table":2,"minecraft:wooden_pickaxe":1,"minecraft:furnace":3,"minecraft:stone_axe":1,"minecraft:bread":21,"minecraft:polished_diorite":12,"minecraft:stick":28,"minecraft:stone_pickaxe":3,"minecraft:chest":1,"minecraft:acacia_planks":32,"minecraft:torch":68,"minecraft:wheat":90}},"DataVersion":3955}