{"stats":{"minecraft:crafted":{"minecraft:smooth_stone":4,"minecraft:oak_planks":356,"minecraft:spruce_button":62,"minecraft:wind_charge":16,"minecraft:furnace":10,"minecraft:blast_furnace":1,"minecraft:stone":8,"minecraft:bone_meal":201,"minecraft:bookshelf":15,"minecraft:cooked_mutton":1,"minecraft:flint_and_steel":1,"minecraft:diamond_helmet":2,"minecraft:diamond_leggings":2,"minecraft:iron_boots":1,"minecraft:iron_axe":20,"minecraft:spruce_slab":6,"minecraft:stone_pickaxe":1,"minecraft:chest":9,"minecraft:diamond_boots":2,"minecraft:wheat":279,"minecraft:cooked_beef":4,"minecraft:arrow":64,"minecraft:diamond_axe":3,"minecraft:emerald":456,"minecraft:enchanting_table":1,"minecraft:crafting_table":5,"minecraft:spruce_planks":4492,"minecraft:iron_helmet":1,"minecraft:wooden_pickaxe":3,"minecraft:baked_potato":76,"minecraft:iron_sword":6,"minecraft:bell":3,"minecraft:chainmail_chestplate":12,"minecraft:fletching_table":8,"minecraft:bucket":1,"minecraft:campfire":1,"minecraft:stone_axe":6,"minecraft:bread":105,"minecraft:air":0,"minecraft:book":45,"minecraft:iron_chestplate":2,"minecraft:paper":279,"minecraft:diamond_pickaxe":2,"minecraft:shield":1,"minecraft:stick":8902,"minecraft:chainmail_boots":12,"minecraft:iron_ingot":89,"minecraft:iron_pickaxe":3,"minecraft:iron_shovel":1,"minecraft:iron_leggings":10,"minecraft:anvil":1,"minecraft:torch":24,"minecraft:acacia_planks":104,"minecraft:diamond_chestplate":2},"minecraft:used":{"minecraft:enchanting_table":1,"minecraft:iron_shovel":180,"minecraft:flint_and_steel":1,"minecraft:spruce_slab":3,"minecraft:chest":10,"minecraft:spruce_planks":15,"minecraft:shield":15,"minecraft:iron_sword":216,"minecraft:cooked_chicken":1,"minecraft:rotten_flesh":11,"minecraft:trial_key":1,"minecraft:netherrack":10,"minecraft:iron_chestplate":3,"minecraft:torch":39,"minecraft:anvil":1,"minecraft:snowball":1,"minecraft:granite":3,"minecraft:obsidian":13,"minecraft:lava_bucket":24,"minecraft:bookshelf":15,"minecraft:iron_axe":1043,"minecraft:iron_helmet":1,"minecraft:iron_boots":3,"minecraft:furnace":10,"minecraft:potato":91,"minecraft:cobbled_deepslate":4,"minecraft:iron_leggings":2,"minecraft:acacia_planks":7,"minecraft:cooked_mutton":4,"minecraft:water_bucket":26,"minecraft:diorite":4,"minecraft:baked_potato":21,"minecraft:oak_planks":172,"minecraft:stone_pickaxe":108,"minecraft:wooden_pickaxe":62,"minecraft:diamond_axe":492,"minecraft:sugar_cane":41,"minecraft:fletching_table":13,"minecraft:golden_apple":1,"minecraft:crafting_table":8,"minecraft:blast_furnace":1,"minecraft:crossbow":3,"minecraft:white_bed":8,"minecraft:campfire":1,"minecraft:smoker":1,"minecraft:diamond_pickaxe":123,"minecraft:wind_charge":16,"minecraft:bread":60,"minecraft:iron_pickaxe":168,"minecraft:gravel":46,"minecraft:spruce_sapling":62,"minecraft:stone_axe":301,"minecraft:cobblestone":40,"minecraft:grindstone":1,"minecraft:cooked_porkchop":7,"minecraft:andesite":2,"minecraft:bucket":50,"minecraft:yellow_bed":4,"minecraft:splash_potion":1,"minecraft:bone_meal":153},"minecraft:custom":{"minecraft:interact_with_anvil":1,"minecraft:mob_kills":75,"minecraft:interact_with_crafting_table":74,"minecraft:interact_with_campfire":24,"minecraft:bell_ring":5,"minecraft:leave_game":4,"minecraft:time_since_death":174792,"minecraft:climb_one_cm":304,"minecraft:sprint_one_cm":892498,"minecraft:walk_one_cm":650520,"minecraft:damage_blocked_by_shield":1255,"minecraft:drop":82,"minecraft:talked_to_villager":70,"minecraft:play_time":249945,"minecraft:sneak_time":2124,"minecraft:deaths":5,"minecraft:walk_under_water_one_cm":8211,"minecraft:jump":4569,"minecraft:enchant_item":3,"minecraft:walk_on_water_one_cm":28899,"minecraft:total_world_time":249945,"minecraft:interact_with_furnace":77,"minecraft:traded_with_villager":368,"minecraft:interact_with_grindstone":3,"minecraft:sleep_in_bed":8,"minecraft:time_since_rest":12213,"minecraft:damage_taken":5174,"minecraft:damage_absorbed":40,"minecraft:damage_dealt":11868,"minecraft:swim_one_cm":29034,"minecraft:player_kills":1,"minecraft:fly_one_cm":1009991,"minecraft:open_chest":128,"minecraft:crouch_one_cm":8806,"minecraft:interact_with_smoker":8,"minecraft:fall_one_cm":138697,"minecraft:inspect_dispenser":3},"minecraft:broken":{"minecraft:iron_axe":4,"minecraft:stone_axe":2},"minecraft:dropped":{"minecraft:porkchop":1,"minecraft:wheat_seeds":6,"minecraft:crafting_table":1,"minecraft:diamond_leggings":1,"minecraft:granite":6,"minecraft:brown_banner":1,"minecraft:rail":1,"minecraft:yellow_carpet":3,"minecraft:dirt":11,"minecraft:cut_sandstone":3,"minecraft:waxed_copper_bulb":4,"minecraft:sand":14,"minecraft:iron_axe":1,"minecraft:iron_pickaxe":1,"minecraft:spruce_sapling":14,"minecraft:acacia_planks":13,"minecraft:dandelion":8,"minecraft:gravel":21,"minecraft:tuff_bricks":6,"minecraft:chiseled_tuff_bricks":4,"minecraft:cobbled_deepslate":64,"minecraft:tuff":10,"minecraft:wheat":1,"minecraft:rotten_flesh":2,"minecraft:oak_planks":45,"minecraft:iron_boots":1,"minecraft:waxed_copper_block":1,"minecraft:poppy":2,"minecraft:potato":1,"minecraft:trial_key":1,"minecraft:oak_button":11,"minecraft:andesite":10,"minecraft:acacia_slab":8,"minecraft:diamond_boots":1,"minecraft:sandstone":1,"minecraft:wooden_pickaxe":1,"minecraft:bell":1,"minecraft:egg":7},"minecraft:killed":{"minecraft:bogged":6,"minecraft:skeleton":5,"minecraft:horse":10,"minecraft:pig":13,"minecraft:iron_golem":2,"minecraft:sheep":10,"minecraft:zombie":9,"minecraft:breeze":2,"minecraft:cow":17},"minecraft:killed_by":{"minecraft:player":1,"minecraft:creeper":2,"minecraft:bogged":1,"minecraft:skeleton":1},"minecraft:picked_up":{"minecraft:charcoal":2,"minecraft:crafting_table":11,"minecraft:iron_chestplate":5,"minecraft:wheat":87,"minecraft:splash_potion":1,"minecraft:wooden_pickaxe":4,"minecraft:shield":5,"minecraft:iron_axe":4,"minecraft:iron_leggings":3,"minecraft:gold_nugget":23,"minecraft:cobbled_deepslate":235,"minecraft:spruce_planks":41,"minecraft:beef":33,"minecraft:trial_key":2,"minecraft:poppy":2,"minecraft:iron_pickaxe":11,"minecraft:spruce_slab":2,"minecraft:sugar_cane":320,"minecraft:chest":1,"minecraft:furnace":4,"minecraft:iron_boots":5,"minecraft:egg":8,"minecraft:tipped_arrow":10,"minecraft:stick":58,"minecraft:raw_iron":112,"minecraft:sandstone":1,"minecraft:composter":2,"minecraft:torch":103,"minecraft:acacia_log":26,"minecraft:porkchop":25,"minecraft:diorite":7,"minecraft:arrow":78,"minecraft:honey_bottle":2,"minecraft:rotten_flesh":43,"minecraft:hay_block":31,"minecraft:tuff_bricks":16,"minecraft:obsidian":31,"minecraft:mutton":14,"minecraft:bone_block":21,"minecraft:snowball":1,"minecraft:rail":4,"minecraft:white_wool":10,"minecraft:cobblestone":156,"minecraft:oxeye_daisy":1,"minecraft:stripped_oak_log":36,"minecraft:water_bucket":5,"minecraft:andesite":52,"minecraft:cut_sandstone":3,"minecraft:leather":35,"minecraft:smoker":1,"minecraft:acacia_wood":3,"minecraft:potato":155,"minecraft:waxed_copper_bulb":8,"minecraft:flint":2,"minecraft:tuff":33,"minecraft:oak_log":38,"minecraft:waxed_copper_block":1,"minecraft:yellow_bed":4,"minecraft:lapis_lazuli":56,"minecraft:dirt":60,"minecraft:cooked_mutton":10,"minecraft:bone":32,"minecraft:acacia_planks":36,"minecraft:wheat_seeds":8,"minecraft:grindstone":1,"minecraft:iron_ingot":27,"minecraft:cooked_chicken":1,"minecraft:fletching_table":6,"minecraft:oak_planks":32,"minecraft:acacia_sapling":2,"minecraft:cooked_porkchop":14,"minecraft:quartz":10,"minecraft:dandelion":7,"minecraft:poisonous_potato":2,"minecraft:gravel":70,"minecraft:lava_bucket":1,"minecraft:sand":27,"minecraft:spruce_sapling":93,"minecraft:white_bed":8,"minecraft:spruce_log":1392,"minecraft:yellow_carpet":3,"minecraft:diamond":30,"minecraft:stone_axe":2,"minecraft:iron_helmet":4,"minecraft:granite":39,"minecraft:crossbow":2,"minecraft:breeze_rod":8,"minecraft:spruce_button":62,"minecraft:golden_apple":1,"minecraft:bread":94,"minecraft:emerald":46,"minecraft:oak_button":23,"minecraft:brown_banner":2,"minecraft:acacia_slab":8,"minecraft:netherrack":22,"minecraft:coal":140,"minecraft:chiseled_tuff_bricks":11,"minecraft:diamond_pickaxe":3},"minecraft:mined":{"minecraft:nether_gold_ore":6,"minecraft:tuff":16,"minecraft:spruce_planks":15,"minecraft:white_bed":8,"minecraft:farmland":1,"minecraft:deepslate_diamond_ore":9,"minecraft:obsidian":19,"minecraft:granite":6,"minecraft:acacia_log":26,"minecraft:grass_block":141,"minecraft:yellow_carpet":3,"minecraft:spruce_leaves":68,"minecraft:acacia_slab":2,"minecraft:composter":2,"minecraft:chiseled_tuff_bricks":4,"minecraft:tuff_bricks":3,"minecraft:spruce_sapling":2,"minecraft:furnace":4,"minecraft:iron_ore":15,"minecraft:fire":1,"minecraft:cobbled_deepslate":2,"minecraft:acacia_wood":3,"minecraft:andesite":19,"minecraft:deepslate_lapis_ore":2,"minecraft:fletching_table":6,"minecraft:potatoes":43,"minecraft:deepslate_iron_ore":23,"minecraft:stripped_oak_log":36,"minecraft:stone":103,"minecraft:bone_block":23,"minecraft:spruce_slab":2,"minecraft:acacia_leaves":3,"minecraft:smoker":1,"minecraft:soul_fire":4,"minecraft:dandelion":2,"minecraft:crafting_table":4,"minecraft:torch":3,"minecraft:short_grass":53,"minecraft:chest":1,"minecraft:campfire":1,"minecraft:grindstone":1,"minecraft:nether_quartz_ore":10,"minecraft:tall_grass":8,"minecraft:cobblestone":8,"minecraft:oak_planks":21,"minecraft:sugar_cane":188,"minecraft:diorite":7,"minecraft:wall_torch":8,"minecraft:spruce_log":1396,"minecraft:brown_wall_banner":1,"minecraft:yellow_bed":4,"minecraft:oak_log":38,"minecraft:coal_ore":46,"minecraft:gravel":36,"minecraft:dirt":51,"minecraft:sand":1,"minecraft:acacia_planks":1,"minecraft:oak_button":1,"minecraft:dispenser":4,"minecraft:netherrack":22,"minecraft:deepslate":76}},"DataVersion":3955}