{"stats":{"minecraft:crafted":{"minecraft:oak_planks":356,"minecraft:smooth_stone":4,"minecraft:stone":8,"minecraft:bookshelf":15,"minecraft:cooked_mutton":1,"minecraft:diamond_helmet":2,"minecraft:diamond_leggings":2,"minecraft:bow":2,"minecraft:iron_boots":1,"minecraft:chest":9,"minecraft:iron_door":3,"minecraft:arrow":256,"minecraft:emerald":736,"minecraft:diamond_axe":6,"minecraft:crafting_table":5,"minecraft:spruce_planks":8148,"minecraft:baked_potato":140,"minecraft:wooden_pickaxe":3,"minecraft:iron_helmet":1,"minecraft:chainmail_chestplate":12,"minecraft:fletching_table":8,"minecraft:campfire":1,"minecraft:iron_chestplate":2,"minecraft:book":45,"minecraft:paper":279,"minecraft:emerald_block":23,"minecraft:diamond_pickaxe":3,"minecraft:shield":1,"minecraft:stick":16212,"minecraft:iron_ingot":224,"minecraft:iron_pickaxe":3,"minecraft:spruce_button":62,"minecraft:furnace":10,"minecraft:wind_charge":16,"minecraft:blast_furnace":1,"minecraft:bone_meal":300,"minecraft:flint_and_steel":1,"minecraft:iron_axe":20,"minecraft:ladder":15,"minecraft:spruce_slab":6,"minecraft:stone_pickaxe":1,"minecraft:diamond_boots":2,"minecraft:wheat":279,"minecraft:cooked_beef":4,"minecraft:diamond_sword":2,"minecraft:enchanting_table":1,"minecraft:iron_sword":6,"minecraft:bell":3,"minecraft:bucket":1,"minecraft:stone_axe":6,"minecraft:air":0,"minecraft:bread":105,"minecraft:chainmail_boots":12,"minecraft:iron_shovel":1,"minecraft:iron_leggings":10,"minecraft:anvil":1,"minecraft:acacia_planks":104,"minecraft:torch":24,"minecraft:diamond_chestplate":3},"minecraft:used":{"minecraft:tuff_bricks":4,"minecraft:iron_shovel":233,"minecraft:spruce_slab":3,"minecraft:ladder":6,"minecraft:white_terracotta":9,"minecraft:chest":10,"minecraft:shield":15,"minecraft:iron_sword":216,"minecraft:rotten_flesh":11,"minecraft:iron_chestplate":3,"minecraft:snowball":1,"minecraft:obsidian":13,"minecraft:lava_bucket":24,"minecraft:iron_helmet":1,"minecraft:bow":9,"minecraft:furnace":10,"minecraft:potato":137,"minecraft:diorite":4,"minecraft:stone_pickaxe":108,"minecraft:oak_planks":174,"minecraft:wooden_pickaxe":62,"minecraft:diamond_axe":949,"minecraft:sugar_cane":41,"minecraft:golden_apple":1,"minecraft:blast_furnace":1,"minecraft:crossbow":3,"minecraft:bread":60,"minecraft:iron_door":2,"minecraft:gravel":46,"minecraft:diamond_sword":154,"minecraft:grindstone":1,"minecraft:andesite":2,"minecraft:bone_meal":184,"minecraft:enchanting_table":1,"minecraft:flint_and_steel":1,"minecraft:spruce_planks":15,"minecraft:cooked_chicken":1,"minecraft:netherrack":107,"minecraft:trial_key":4,"minecraft:torch":47,"minecraft:dirt":1,"minecraft:anvil":1,"minecraft:granite":3,"minecraft:bookshelf":15,"minecraft:iron_axe":1043,"minecraft:oak_stairs":3,"minecraft:spruce_button":2,"minecraft:iron_boots":3,"minecraft:acacia_planks":7,"minecraft:cobbled_deepslate":5,"minecraft:iron_leggings":2,"minecraft:cooked_mutton":4,"minecraft:acacia_boat":3,"minecraft:water_bucket":40,"minecraft:baked_potato":60,"minecraft:fletching_table":13,"minecraft:waxed_copper_block":5,"minecraft:lime_bed":1,"minecraft:crafting_table":8,"minecraft:campfire":1,"minecraft:white_bed":14,"minecraft:smoker":1,"minecraft:diamond_pickaxe":1137,"minecraft:wind_charge":16,"minecraft:iron_pickaxe":168,"minecraft:spruce_sapling":84,"minecraft:stone_axe":301,"minecraft:cobblestone":57,"minecraft:cooked_porkchop":7,"minecraft:bucket":64,"minecraft:yellow_bed":6,"minecraft:splash_potion":1},"minecraft:custom":{"minecraft:interact_with_crafting_table":92,"minecraft:open_barrel":10,"minecraft:bell_ring":5,"minecraft:leave_game":4,"minecraft:time_since_death":282792,"minecraft:sprint_one_cm":1282319,"minecraft:damage_blocked_by_shield":1255,"minecraft:drop":257,"minecraft:talked_to_villager":123,"minecraft:play_time":357945,"minecraft:deaths":5,"minecraft:jump":5842,"minecraft:walk_on_water_one_cm":35499,"minecraft:enchant_item":11,"minecraft:interact_with_furnace":92,"minecraft:traded_with_villager":668,"minecraft:sleep_in_bed":14,"minecraft:damage_dealt":19649,"minecraft:player_kills":1,"minecraft:crouch_one_cm":17387,"minecraft:interact_with_smoker":14,"minecraft:inspect_dispenser":4,"minecraft:mob_kills":126,"minecraft:interact_with_anvil":5,"minecraft:interact_with_campfire":24,"minecraft:climb_one_cm":9430,"minecraft:walk_one_cm":987462,"minecraft:sneak_time":3903,"minecraft:walk_under_water_one_cm":12261,"minecraft:boat_one_cm":7367,"minecraft:interact_with_blast_furnace":2,"minecraft:total_world_time":357945,"minecraft:interact_with_grindstone":9,"minecraft:time_since_rest":13156,"minecraft:damage_absorbed":40,"minecraft:damage_taken":6483,"minecraft:swim_one_cm":31129,"minecraft:fly_one_cm":1223227,"minecraft:open_chest":231,"minecraft:fall_one_cm":182845},"minecraft:broken":{"minecraft:stone_axe":2,"minecraft:iron_axe":4},"minecraft:dropped":{"minecraft:porkchop":1,"minecraft:diamond_axe":1,"minecraft:baked_potato":8,"minecraft:crafting_table":1,"minecraft:brown_banner":1,"minecraft:rail":1,"minecraft:dirt":11,"minecraft:cut_sandstone":3,"minecraft:bone_meal":48,"minecraft:sand":14,"minecraft:iron_pickaxe":1,"minecraft:gravel":21,"minecraft:chiseled_tuff_bricks":4,"minecraft:cobbled_deepslate":64,"minecraft:wheat":1,"minecraft:rotten_flesh":2,"minecraft:oak_planks":45,"minecraft:waxed_copper_block":1,"minecraft:poppy":2,"minecraft:acacia_slab":8,"minecraft:cartography_table":1,"minecraft:egg":7,"minecraft:wheat_seeds":6,"minecraft:diamond_leggings":1,"minecraft:granite":6,"minecraft:yellow_carpet":3,"minecraft:nether_gold_ore":1,"minecraft:waxed_copper_bulb":4,"minecraft:iron_axe":1,"minecraft:acacia_planks":13,"minecraft:spruce_sapling":24,"minecraft:dandelion":8,"minecraft:tuff_bricks":6,"minecraft:tuff":10,"minecraft:iron_boots":1,"minecraft:potato":106,"minecraft:oak_button":11,"minecraft:trial_key":2,"minecraft:andesite":10,"minecraft:diamond_boots":1,"minecraft:sandstone":1,"minecraft:wooden_pickaxe":1,"minecraft:bell":1},"minecraft:killed":{"minecraft:skeleton":7,"minecraft:pig":13,"minecraft:iron_golem":2,"minecraft:sheep":10,"minecraft:zombie":15,"minecraft:cow":20,"minecraft:bogged":31,"minecraft:horse":10,"minecraft:husk":8,"minecraft:breeze":3},"minecraft:killed_by":{"minecraft:creeper":2,"minecraft:bogged":1,"minecraft:player":1,"minecraft:skeleton":1},"minecraft:picked_up":{"minecraft:iron_chestplate":5,"minecraft:wheat":87,"minecraft:flower_pot":2,"minecraft:oak_stairs":3,"minecraft:string":2,"minecraft:soul_soil":24,"minecraft:iron_leggings":3,"minecraft:gold_nugget":201,"minecraft:cobbled_deepslate":236,"minecraft:bucket":1,"minecraft:spruce_planks":145,"minecraft:trial_key":7,"minecraft:iron_pickaxe":11,"minecraft:iron_boots":5,"minecraft:furnace":4,"minecraft:tipped_arrow":29,"minecraft:stick":75,"minecraft:composter":2,"minecraft:torch":104,"minecraft:acacia_log":26,"minecraft:porkchop":25,"minecraft:diorite":7,"minecraft:nether_gold_ore":1,"minecraft:honey_bottle":3,"minecraft:rotten_flesh":61,"minecraft:white_terracotta":9,"minecraft:obsidian":31,"minecraft:snowball":1,"minecraft:cobblestone":261,"minecraft:magma_block":13,"minecraft:cooked_beef":13,"minecraft:iron_door":1,"minecraft:water_bucket":5,"minecraft:andesite":52,"minecraft:potato":370,"minecraft:smoker":1,"minecraft:flint":2,"minecraft:tuff":33,"minecraft:acacia_boat":3,"minecraft:dirt":111,"minecraft:lapis_lazuli":56,"minecraft:leather_boots":1,"minecraft:bone":56,"minecraft:acacia_planks":36,"minecraft:bow":1,"minecraft:wheat_seeds":12,"minecraft:bell":1,"minecraft:grindstone":2,"minecraft:fletching_table":14,"minecraft:oak_planks":44,"minecraft:scrape_pottery_sherd":4,"minecraft:cooked_porkchop":14,"minecraft:waxed_chiseled_copper":1,"minecraft:poisonous_potato":2,"minecraft:sand":27,"minecraft:dead_bush":2,"minecraft:yellow_carpet":3,"minecraft:diamond":30,"minecraft:breeze_rod":9,"minecraft:crossbow":2,"minecraft:granite":39,"minecraft:golden_apple":1,"minecraft:emerald":80,"minecraft:spruce_button":62,"minecraft:bread":99,"minecraft:netherrack":578,"minecraft:diamond_pickaxe":3,"minecraft:charcoal":2,"minecraft:crafting_table":12,"minecraft:ominous_bottle":1,"minecraft:splash_potion":1,"minecraft:wooden_pickaxe":4,"minecraft:shield":5,"minecraft:brick":123,"minecraft:wind_charge":3,"minecraft:iron_axe":4,"minecraft:cartography_table":1,"minecraft:beef":33,"minecraft:poppy":2,"minecraft:spruce_slab":2,"minecraft:guster_pottery_sherd":3,"minecraft:sugar_cane":320,"minecraft:chest":1,"minecraft:egg":8,"minecraft:raw_iron":112,"minecraft:sandstone":1,"minecraft:oak_door":1,"minecraft:flow_pottery_sherd":2,"minecraft:arrow":165,"minecraft:diamond_chestplate":1,"minecraft:decorated_pot":1,"minecraft:hay_block":31,"minecraft:tuff_bricks":24,"minecraft:mutton":14,"minecraft:white_wool":10,"minecraft:rail":4,"minecraft:bone_block":32,"minecraft:oxeye_daisy":1,"minecraft:stripped_oak_log":36,"minecraft:leather":40,"minecraft:cut_sandstone":3,"minecraft:acacia_wood":3,"minecraft:waxed_copper_bulb":8,"minecraft:oak_log":38,"minecraft:waxed_copper_block":6,"minecraft:yellow_bed":4,"minecraft:cooked_mutton":10,"minecraft:iron_ingot":45,"minecraft:cooked_chicken":3,"minecraft:acacia_sapling":2,"minecraft:soul_sand":11,"minecraft:emerald_block":1,"minecraft:dandelion":7,"minecraft:quartz":86,"minecraft:gravel":70,"minecraft:lava_bucket":1,"minecraft:spruce_sapling":142,"minecraft:blast_furnace":1,"minecraft:white_bed":8,"minecraft:spruce_log":1822,"minecraft:stone_axe":2,"minecraft:iron_helmet":4,"minecraft:oak_button":23,"minecraft:baked_potato":2,"minecraft:acacia_slab":8,"minecraft:brown_banner":2,"minecraft:chiseled_tuff_bricks":13,"minecraft:coal":178},"minecraft:mined":{"minecraft:spruce_planks":15,"minecraft:white_bed":8,"minecraft:farmland":1,"minecraft:obsidian":19,"minecraft:potted_dead_bush":2,"minecraft:granite":6,"minecraft:acacia_log":26,"minecraft:grass_block":142,"minecraft:yellow_carpet":3,"minecraft:soul_soil":26,"minecraft:chiseled_tuff_bricks":6,"minecraft:composter":2,"minecraft:tuff_bricks":11,"minecraft:magma_block":30,"minecraft:cobbled_deepslate":3,"minecraft:iron_ore":15,"minecraft:fire":1,"minecraft:fletching_table":14,"minecraft:deepslate_lapis_ore":2,"minecraft:oak_stairs":3,"minecraft:spruce_slab":2,"minecraft:tripwire":2,"minecraft:smoker":1,"minecraft:soul_fire":5,"minecraft:torch":3,"minecraft:blast_furnace":1,"minecraft:chest":1,"minecraft:nether_quartz_ore":90,"minecraft:cobblestone":21,"minecraft:sugar_cane":188,"minecraft:grindstone":2,"minecraft:oak_planks":33,"minecraft:waxed_chiseled_copper":1,"minecraft:iron_door":1,"minecraft:wall_torch":8,"minecraft:white_terracotta":10,"minecraft:seagrass":1,"minecraft:brown_wall_banner":1,"minecraft:waxed_copper_block":5,"minecraft:oak_log":38,"minecraft:sand":1,"minecraft:dirt":100,"minecraft:dispenser":4,"minecraft:netherrack":648,"minecraft:deepslate":76,"minecraft:nether_gold_ore":53,"minecraft:tuff":16,"minecraft:deepslate_diamond_ore":9,"minecraft:oak_door":1,"minecraft:decorated_pot":34,"minecraft:spruce_leaves":69,"minecraft:acacia_slab":2,"minecraft:cartography_table":1,"minecraft:spruce_sapling":4,"minecraft:furnace":4,"minecraft:acacia_wood":3,"minecraft:andesite":19,"minecraft:bell":1,"minecraft:potatoes":89,"minecraft:deepslate_iron_ore":23,"minecraft:stripped_oak_log":36,"minecraft:stone":194,"minecraft:bone_block":35,"minecraft:podzol":1,"minecraft:acacia_leaves":3,"minecraft:soul_sand":3,"minecraft:dandelion":2,"minecraft:crafting_table":5,"minecraft:short_grass":61,"minecraft:campfire":1,"minecraft:tall_grass":12,"minecraft:diorite":7,"minecraft:spruce_log":1824,"minecraft:yellow_bed":4,"minecraft:coal_ore":67,"minecraft:gravel":36,"minecraft:cobweb":1,"minecraft:acacia_planks":1,"minecraft:oak_button":1}},"DataVersion":3955}