{"stats":{"minecraft:mined":{"minecraft:spruce_planks":16,"minecraft:white_bed":8,"minecraft:farmland":1,"minecraft:obsidian":19,"minecraft:potted_dead_bush":2,"minecraft:granite":6,"minecraft:acacia_log":26,"minecraft:grass_block":142,"minecraft:yellow_carpet":3,"minecraft:soul_soil":26,"minecraft:chiseled_tuff_bricks":7,"minecraft:composter":2,"minecraft:tuff_bricks":23,"minecraft:tall_seagrass":1,"minecraft:magma_block":30,"minecraft:iron_ore":15,"minecraft:cobbled_deepslate":9,"minecraft:fire":5,"minecraft:fletching_table":14,"minecraft:deepslate_lapis_ore":2,"minecraft:oak_stairs":3,"minecraft:spruce_slab":2,"minecraft:tripwire":3,"minecraft:smoker":1,"minecraft:soul_fire":5,"minecraft:torch":4,"minecraft:blast_furnace":1,"minecraft:chest":1,"minecraft:nether_quartz_ore":90,"minecraft:cobblestone":36,"minecraft:grindstone":2,"minecraft:sugar_cane":188,"minecraft:oak_planks":46,"minecraft:waxed_chiseled_copper":1,"minecraft:iron_door":1,"minecraft:wall_torch":11,"minecraft:seagrass":2,"minecraft:white_terracotta":10,"minecraft:waxed_copper_bulb":1,"minecraft:brown_wall_banner":1,"minecraft:waxed_copper_block":9,"minecraft:oak_log":56,"minecraft:sand":1,"minecraft:dirt":100,"minecraft:stonecutter":1,"minecraft:dispenser":4,"minecraft:netherrack":648,"minecraft:deepslate":211,"minecraft:emerald_block":1,"minecraft:nether_gold_ore":53,"minecraft:tuff":16,"minecraft:deepslate_diamond_ore":17,"minecraft:oak_door":1,"minecraft:decorated_pot":34,"minecraft:spruce_leaves":70,"minecraft:acacia_slab":2,"minecraft:cartography_table":1,"minecraft:spruce_sapling":4,"minecraft:furnace":4,"minecraft:acacia_wood":3,"minecraft:andesite":20,"minecraft:bell":1,"minecraft:bookshelf":4,"minecraft:cobblestone_slab":6,"minecraft:potatoes":192,"minecraft:rail":2,"minecraft:deepslate_iron_ore":28,"minecraft:stripped_oak_log":48,"minecraft:stone":215,"minecraft:bone_block":35,"minecraft:podzol":2,"minecraft:oak_slab":5,"minecraft:acacia_leaves":3,"minecraft:soul_sand":3,"minecraft:dandelion":2,"minecraft:crafting_table":5,"minecraft:short_grass":69,"minecraft:lectern":560,"minecraft:campfire":1,"minecraft:tall_grass":16,"minecraft:diorite":7,"minecraft:waxed_oxidized_copper_grate":4,"minecraft:spruce_log":2091,"minecraft:yellow_bed":4,"minecraft:coal_ore":78,"minecraft:gravel":36,"minecraft:cobweb":1,"minecraft:acacia_planks":1,"minecraft:oak_button":1},"minecraft:broken":{"minecraft:stone_axe":2,"minecraft:iron_axe":4},"minecraft:custom":{"minecraft:interact_with_crafting_table":111,"minecraft:open_barrel":10,"minecraft:bell_ring":5,"minecraft:leave_game":5,"minecraft:time_since_death":504248,"minecraft:sprint_one_cm":1849189,"minecraft:damage_blocked_by_shield":1255,"minecraft:drop":385,"minecraft:talked_to_villager":1015,"minecraft:play_time":579401,"minecraft:deaths":5,"minecraft:jump":8495,"minecraft:walk_on_water_one_cm":55002,"minecraft:enchant_item":11,"minecraft:interact_with_furnace":101,"minecraft:traded_with_villager":894,"minecraft:sleep_in_bed":22,"minecraft:damage_dealt":43588,"minecraft:player_kills":1,"minecraft:crouch_one_cm":69296,"minecraft:interact_with_smoker":17,"minecraft:inspect_dispenser":4,"minecraft:mob_kills":309,"minecraft:interact_with_anvil":12,"minecraft:interact_with_campfire":24,"minecraft:climb_one_cm":33333,"minecraft:walk_one_cm":1529104,"minecraft:raid_win":2,"minecraft:sneak_time":8576,"minecraft:walk_under_water_one_cm":34631,"minecraft:boat_one_cm":7367,"minecraft:interact_with_blast_furnace":2,"minecraft:total_world_time":579401,"minecraft:interact_with_grindstone":9,"minecraft:time_since_rest":2866,"minecraft:damage_taken":12112,"minecraft:damage_absorbed":112,"minecraft:swim_one_cm":114907,"minecraft:fly_one_cm":1764686,"minecraft:open_chest":379,"minecraft:fall_one_cm":275134},"minecraft:used":{"minecraft:tuff_bricks":4,"minecraft:iron_shovel":233,"minecraft:spruce_slab":3,"minecraft:ladder":6,"minecraft:chest":10,"minecraft:white_terracotta":9,"minecraft:shield":15,"minecraft:iron_sword":216,"minecraft:rotten_flesh":11,"minecraft:iron_chestplate":3,"minecraft:snowball":1,"minecraft:obsidian":13,"minecraft:lava_bucket":24,"minecraft:villager_spawn_egg":5,"minecraft:iron_helmet":1,"minecraft:bow":215,"minecraft:ominous_bottle":2,"minecraft:furnace":10,"minecraft:potato":193,"minecraft:diorite":4,"minecraft:stone_pickaxe":108,"minecraft:oak_planks":188,"minecraft:wooden_pickaxe":62,"minecraft:sugar_cane":41,"minecraft:diamond_axe":1835,"minecraft:golden_apple":1,"minecraft:blast_furnace":2,"minecraft:crossbow":136,"minecraft:bread":60,"minecraft:lectern":565,"minecraft:iron_door":2,"minecraft:gravel":46,"minecraft:diamond_sword":528,"minecraft:grindstone":2,"minecraft:andesite":2,"minecraft:bone_meal":261,"minecraft:experience_bottle":36,"minecraft:enchanting_table":1,"minecraft:flint_and_steel":1,"minecraft:spruce_planks":16,"minecraft:cooked_chicken":1,"minecraft:trial_key":4,"minecraft:netherrack":107,"minecraft:torch":59,"minecraft:brewing_stand":1,"minecraft:dirt":1,"minecraft:anvil":1,"minecraft:granite":3,"minecraft:bookshelf":19,"minecraft:iron_axe":1043,"minecraft:oak_stairs":3,"minecraft:spruce_button":2,"minecraft:iron_boots":3,"minecraft:totem_of_undying":3,"minecraft:golden_carrot":2,"minecraft:emerald_block":3,"minecraft:cooked_beef":1,"minecraft:acacia_planks":7,"minecraft:cobbled_deepslate":5,"minecraft:iron_leggings":2,"minecraft:cooked_mutton":4,"minecraft:acacia_boat":4,"minecraft:water_bucket":54,"minecraft:baked_potato":159,"minecraft:fletching_table":21,"minecraft:cobblestone_slab":2,"minecraft:waxed_copper_block":5,"minecraft:oak_slab":9,"minecraft:lime_bed":1,"minecraft:crafting_table":9,"minecraft:white_bed":14,"minecraft:campfire":1,"minecraft:smoker":1,"minecraft:diamond_pickaxe":1474,"minecraft:ominous_trial_key":2,"minecraft:wind_charge":16,"minecraft:iron_pickaxe":168,"minecraft:spruce_sapling":96,"minecraft:stone_axe":301,"minecraft:cobblestone":72,"minecraft:potion":3,"minecraft:cooked_porkchop":7,"minecraft:bucket":78,"minecraft:yellow_bed":6,"minecraft:splash_potion":1},"minecraft:dropped":{"minecraft:porkchop":1,"minecraft:diamond_axe":2,"minecraft:cooked_beef":13,"minecraft:baked_potato":25,"minecraft:glass_bottle":3,"minecraft:crafting_table":1,"minecraft:crossbow":2,"minecraft:brown_banner":1,"minecraft:rail":1,"minecraft:dirt":12,"minecraft:cut_sandstone":3,"minecraft:bone_meal":48,"minecraft:sand":14,"minecraft:iron_pickaxe":1,"minecraft:gravel":21,"minecraft:chiseled_tuff_bricks":4,"minecraft:cobbled_deepslate":64,"minecraft:wheat":1,"minecraft:rotten_flesh":2,"minecraft:oak_planks":46,"minecraft:enchanted_golden_apple":2,"minecraft:cooked_mutton":5,"minecraft:carrot":1,"minecraft:waxed_copper_block":1,"minecraft:poppy":5,"minecraft:acacia_slab":8,"minecraft:ladder":9,"minecraft:cartography_table":1,"minecraft:egg":7,"minecraft:enchanted_book":1,"minecraft:water_bucket":1,"minecraft:wheat_seeds":16,"minecraft:diamond_leggings":3,"minecraft:cobblestone":64,"minecraft:granite":6,"minecraft:ominous_trial_key":4,"minecraft:flow_armor_trim_smithing_template":1,"minecraft:yellow_carpet":3,"minecraft:nether_gold_ore":1,"minecraft:waxed_copper_bulb":4,"minecraft:diamond_helmet":5,"minecraft:stonecutter":1,"minecraft:white_banner":6,"minecraft:iron_axe":2,"minecraft:acacia_planks":13,"minecraft:redstone":24,"minecraft:spruce_sapling":24,"minecraft:dandelion":8,"minecraft:tuff_bricks":6,"minecraft:tuff":10,"minecraft:iron_boots":1,"minecraft:totem_of_undying":2,"minecraft:diamond_sword":2,"minecraft:potato":175,"minecraft:trial_key":2,"minecraft:oak_button":11,"minecraft:diamond_chestplate":3,"minecraft:andesite":10,"minecraft:diamond_boots":3,"minecraft:sandstone":1,"minecraft:wooden_pickaxe":1,"minecraft:bell":1},"minecraft:picked_up":{"minecraft:iron_chestplate":5,"minecraft:wheat":87,"minecraft:flower_pot":2,"minecraft:diamond_sword":2,"minecraft:oak_stairs":3,"minecraft:enchanted_book":2,"minecraft:potion":5,"minecraft:string":5,"minecraft:soul_soil":24,"minecraft:iron_leggings":3,"minecraft:diamond_leggings":1,"minecraft:gold_nugget":201,"minecraft:cobbled_deepslate":300,"minecraft:bucket":1,"minecraft:spruce_planks":146,"minecraft:trial_key":7,"minecraft:cobblestone_slab":18,"minecraft:iron_pickaxe":11,"minecraft:enchanted_golden_apple":3,"minecraft:iron_boots":5,"minecraft:furnace":4,"minecraft:tipped_arrow":84,"minecraft:stick":98,"minecraft:composter":2,"minecraft:torch":108,"minecraft:acacia_log":26,"minecraft:porkchop":25,"minecraft:golden_axe":1,"minecraft:diorite":7,"minecraft:nether_gold_ore":1,"minecraft:honey_bottle":3,"minecraft:rotten_flesh":126,"minecraft:white_terracotta":9,"minecraft:obsidian":31,"minecraft:snowball":1,"minecraft:cobblestone":392,"minecraft:magma_block":13,"minecraft:cooked_beef":30,"minecraft:iron_door":1,"minecraft:water_bucket":6,"minecraft:andesite":53,"minecraft:smoker":1,"minecraft:potato":865,"minecraft:flint":2,"minecraft:tuff":33,"minecraft:acacia_boat":4,"minecraft:lapis_lazuli":58,"minecraft:dirt":112,"minecraft:leather_boots":1,"minecraft:bone":120,"minecraft:acacia_planks":36,"minecraft:stonecutter":1,"minecraft:bow":1,"minecraft:wheat_seeds":24,"minecraft:bell":1,"minecraft:grindstone":2,"minecraft:guster_banner_pattern":1,"minecraft:diamond_helmet":3,"minecraft:fletching_table":14,"minecraft:scrape_pottery_sherd":4,"minecraft:oak_planks":57,"minecraft:cooked_porkchop":14,"minecraft:waxed_chiseled_copper":1,"minecraft:poisonous_potato":2,"minecraft:sand":27,"minecraft:dead_bush":2,"minecraft:diamond_block":1,"minecraft:sugar":2,"minecraft:yellow_carpet":3,"minecraft:diamond":50,"minecraft:waxed_oxidized_copper_grate":4,"minecraft:granite":39,"minecraft:crossbow":7,"minecraft:breeze_rod":27,"minecraft:golden_apple":1,"minecraft:emerald":141,"minecraft:spruce_button":62,"minecraft:bread":99,"minecraft:ominous_trial_key":6,"minecraft:netherrack":578,"minecraft:diamond_pickaxe":3,"minecraft:charcoal":2,"minecraft:waxed_oxidized_cut_copper":1,"minecraft:crafting_table":12,"minecraft:ominous_bottle":2,"minecraft:splash_potion":1,"minecraft:wooden_pickaxe":4,"minecraft:brick":123,"minecraft:shield":5,"minecraft:wind_charge":13,"minecraft:iron_axe":7,"minecraft:cartography_table":1,"minecraft:beef":33,"minecraft:poppy":5,"minecraft:spruce_slab":2,"minecraft:lectern":561,"minecraft:guster_pottery_sherd":3,"minecraft:sugar_cane":320,"minecraft:chest":1,"minecraft:egg":8,"minecraft:raw_iron":122,"minecraft:sandstone":1,"minecraft:oak_door":1,"minecraft:flow_pottery_sherd":2,"minecraft:stone_button":1,"minecraft:trident":1,"minecraft:carrot":1,"minecraft:redstone":103,"minecraft:arrow":273,"minecraft:diamond_chestplate":3,"minecraft:decorated_pot":1,"minecraft:diamond_boots":1,"minecraft:hay_block":31,"minecraft:flow_armor_trim_smithing_template":1,"minecraft:totem_of_undying":8,"minecraft:saddle":6,"minecraft:tuff_bricks":26,"minecraft:mutton":14,"minecraft:white_wool":10,"minecraft:rail":6,"minecraft:bone_block":32,"minecraft:oxeye_daisy":1,"minecraft:stripped_oak_log":48,"minecraft:golden_carrot":2,"minecraft:salmon":1,"minecraft:cut_sandstone":3,"minecraft:leather":50,"minecraft:red_mushroom":2,"minecraft:acacia_wood":3,"minecraft:waxed_copper_bulb":8,"minecraft:oak_log":56,"minecraft:waxed_copper_block":8,"minecraft:yellow_bed":4,"minecraft:gunpowder":2,"minecraft:white_banner":10,"minecraft:cooked_mutton":15,"minecraft:iron_ingot":53,"minecraft:cooked_chicken":9,"minecraft:glass_bottle":8,"minecraft:soul_sand":11,"minecraft:acacia_sapling":2,"minecraft:book":15,"minecraft:oak_slab":5,"minecraft:emerald_block":1,"minecraft:quartz":86,"minecraft:dandelion":8,"minecraft:gravel":70,"minecraft:lava_bucket":1,"minecraft:spruce_sapling":153,"minecraft:blast_furnace":1,"minecraft:white_bed":8,"minecraft:spruce_log":2088,"minecraft:spider_eye":6,"minecraft:stone_axe":2,"minecraft:iron_helmet":4,"minecraft:diamond_axe":1,"minecraft:oak_button":23,"minecraft:baked_potato":9,"minecraft:brown_banner":2,"minecraft:acacia_slab":8,"minecraft:chiseled_tuff_bricks":15,"minecraft:coal":211},"minecraft:crafted":{"minecraft:oak_planks":476,"minecraft:smooth_stone":4,"minecraft:stone":61,"minecraft:bookshelf":24,"minecraft:cooked_mutton":1,"minecraft:diamond_helmet":4,"minecraft:bow":2,"minecraft:diamond_leggings":3,"minecraft:iron_boots":1,"minecraft:chest":9,"minecraft:iron_door":3,"minecraft:oak_slab":24,"minecraft:emerald":1458,"minecraft:arrow":256,"minecraft:diamond_axe":6,"minecraft:crafting_table":6,"minecraft:spruce_planks":9212,"minecraft:iron_helmet":1,"minecraft:wooden_pickaxe":3,"minecraft:baked_potato":204,"minecraft:chainmail_chestplate":12,"minecraft:fletching_table":8,"minecraft:campfire":1,"minecraft:lectern":5,"minecraft:iron_chestplate":2,"minecraft:book":61,"minecraft:paper":279,"minecraft:diamond_pickaxe":3,"minecraft:emerald_block":47,"minecraft:shield":1,"minecraft:stick":18328,"minecraft:iron_ingot":224,"minecraft:iron_pickaxe":3,"minecraft:redstone":24,"minecraft:experience_bottle":36,"minecraft:spruce_button":62,"minecraft:furnace":10,"minecraft:wind_charge":16,"minecraft:blast_furnace":1,"minecraft:bone_meal":300,"minecraft:flint_and_steel":1,"minecraft:iron_axe":20,"minecraft:ladder":15,"minecraft:spruce_slab":6,"minecraft:ender_pearl":36,"minecraft:stone_pickaxe":1,"minecraft:diamond_boots":3,"minecraft:wheat":279,"minecraft:cooked_beef":4,"minecraft:diamond_sword":2,"minecraft:enchanting_table":1,"minecraft:iron_sword":6,"minecraft:bell":3,"minecraft:bucket":1,"minecraft:stone_axe":6,"minecraft:glowstone":8,"minecraft:enchanted_book":13,"minecraft:bread":105,"minecraft:air":0,"minecraft:chainmail_boots":12,"minecraft:iron_shovel":1,"minecraft:iron_leggings":10,"minecraft:anvil":1,"minecraft:acacia_planks":104,"minecraft:torch":24,"minecraft:lapis_lazuli":12,"minecraft:diamond_chestplate":3},"minecraft:killed_by":{"minecraft:creeper":2,"minecraft:bogged":1,"minecraft:player":1,"minecraft:skeleton":1},"minecraft:killed":{"minecraft:witch":6,"minecraft:spider":1,"minecraft:skeleton":8,"minecraft:silverfish":2,"minecraft:pig":13,"minecraft:iron_golem":2,"minecraft:sheep":10,"minecraft:pillager":42,"minecraft:zombie":28,"minecraft:donkey":1,"minecraft:cow":21,"minecraft:evoker":11,"minecraft:vex":8,"minecraft:bogged":58,"minecraft:vindicator":26,"minecraft:horse":15,"minecraft:drowned":1,"minecraft:husk":18,"minecraft:ravager":8,"minecraft:breeze":6}},"DataVersion":3955}