{"stats":{"minecraft:killed":{"minecraft:bogged":6,"minecraft:horse":7,"minecraft:skeleton":4,"minecraft:pig":13,"minecraft:iron_golem":2,"minecraft:sheep":10,"minecraft:zombie":6,"minecraft:breeze":2,"minecraft:cow":2},"minecraft:used":{"minecraft:flint_and_steel":1,"minecraft:chest":6,"minecraft:shield":15,"minecraft:cooked_chicken":1,"minecraft:rotten_flesh":11,"minecraft:trial_key":1,"minecraft:iron_chestplate":3,"minecraft:torch":27,"minecraft:granite":3,"minecraft:snowball":1,"minecraft:obsidian":13,"minecraft:lava_bucket":24,"minecraft:iron_axe":231,"minecraft:iron_helmet":1,"minecraft:iron_boots":3,"minecraft:furnace":2,"minecraft:potato":17,"minecraft:acacia_planks":7,"minecraft:cobbled_deepslate":4,"minecraft:iron_leggings":2,"minecraft:cooked_mutton":4,"minecraft:water_bucket":24,"minecraft:diorite":4,"minecraft:stone_pickaxe":108,"minecraft:wooden_pickaxe":62,"minecraft:sugar_cane":11,"minecraft:golden_apple":1,"minecraft:crafting_table":7,"minecraft:crossbow":3,"minecraft:campfire":1,"minecraft:diamond_pickaxe":65,"minecraft:wind_charge":16,"minecraft:bread":60,"minecraft:iron_pickaxe":168,"minecraft:gravel":42,"minecraft:stone_axe":38,"minecraft:cobblestone":40,"minecraft:cooked_porkchop":7,"minecraft:andesite":2,"minecraft:bucket":48,"minecraft:splash_potion":1},"minecraft:dropped":{"minecraft:porkchop":1,"minecraft:wheat_seeds":3,"minecraft:crafting_table":1,"minecraft:granite":6,"minecraft:brown_banner":1,"minecraft:rail":1,"minecraft:dirt":8,"minecraft:cut_sandstone":3,"minecraft:waxed_copper_bulb":4,"minecraft:sand":14,"minecraft:iron_axe":1,"minecraft:iron_pickaxe":1,"minecraft:acacia_planks":13,"minecraft:dandelion":1,"minecraft:tuff_bricks":6,"minecraft:chiseled_tuff_bricks":4,"minecraft:cobbled_deepslate":64,"minecraft:tuff":10,"minecraft:wheat":1,"minecraft:rotten_flesh":2,"minecraft:iron_boots":1,"minecraft:waxed_copper_block":1,"minecraft:poppy":2,"minecraft:oak_button":11,"minecraft:trial_key":1,"minecraft:andesite":10,"minecraft:acacia_slab":8,"minecraft:sandstone":1,"minecraft:wooden_pickaxe":1,"minecraft:egg":1},"minecraft:picked_up":{"minecraft:charcoal":2,"minecraft:iron_chestplate":5,"minecraft:crafting_table":11,"minecraft:wheat":87,"minecraft:splash_potion":1,"minecraft:wooden_pickaxe":4,"minecraft:shield":5,"minecraft:iron_axe":4,"minecraft:iron_leggings":3,"minecraft:gold_nugget":23,"minecraft:cobbled_deepslate":235,"minecraft:beef":4,"minecraft:trial_key":2,"minecraft:poppy":2,"minecraft:iron_pickaxe":11,"minecraft:chest":1,"minecraft:sugar_cane":41,"minecraft:egg":2,"minecraft:iron_boots":5,"minecraft:furnace":2,"minecraft:tipped_arrow":10,"minecraft:raw_iron":112,"minecraft:stick":15,"minecraft:sandstone":1,"minecraft:torch":84,"minecraft:acacia_log":26,"minecraft:porkchop":25,"minecraft:diorite":7,"minecraft:arrow":75,"minecraft:honey_bottle":2,"minecraft:rotten_flesh":39,"minecraft:hay_block":31,"minecraft:tuff_bricks":16,"minecraft:mutton":14,"minecraft:obsidian":25,"minecraft:white_wool":10,"minecraft:cobblestone":156,"minecraft:snowball":1,"minecraft:rail":4,"minecraft:oxeye_daisy":1,"minecraft:water_bucket":5,"minecraft:andesite":52,"minecraft:leather":14,"minecraft:cut_sandstone":3,"minecraft:acacia_wood":3,"minecraft:flint":2,"minecraft:waxed_copper_bulb":8,"minecraft:tuff":33,"minecraft:oak_log":7,"minecraft:waxed_copper_block":1,"minecraft:lapis_lazuli":56,"minecraft:dirt":41,"minecraft:cooked_mutton":10,"minecraft:bone":28,"minecraft:acacia_planks":36,"minecraft:wheat_seeds":3,"minecraft:iron_ingot":21,"minecraft:cooked_chicken":1,"minecraft:acacia_sapling":2,"minecraft:oak_planks":11,"minecraft:cooked_porkchop":14,"minecraft:quartz":9,"minecraft:dandelion":1,"minecraft:lava_bucket":1,"minecraft:gravel":70,"minecraft:sand":27,"minecraft:spruce_sapling":5,"minecraft:spruce_log":7,"minecraft:diamond":30,"minecraft:stone_axe":2,"minecraft:granite":39,"minecraft:iron_helmet":4,"minecraft:crossbow":2,"minecraft:breeze_rod":8,"minecraft:golden_apple":1,"minecraft:bread":94,"minecraft:emerald":4,"minecraft:oak_button":23,"minecraft:acacia_slab":8,"minecraft:brown_banner":2,"minecraft:netherrack":5,"minecraft:coal":111,"minecraft:chiseled_tuff_bricks":11,"minecraft:diamond_pickaxe":3},"minecraft:killed_by":{"minecraft:player":1,"minecraft:creeper":2,"minecraft:bogged":1,"minecraft:skeleton":1},"minecraft:broken":{"minecraft:iron_axe":1},"minecraft:custom":{"minecraft:mob_kills":53,"minecraft:interact_with_crafting_table":36,"minecraft:interact_with_campfire":24,"minecraft:leave_game":4,"minecraft:time_since_death":49138,"minecraft:sprint_one_cm":522821,"minecraft:walk_one_cm":334005,"minecraft:damage_blocked_by_shield":1255,"minecraft:drop":49,"minecraft:talked_to_villager":3,"minecraft:play_time":124291,"minecraft:sneak_time":970,"minecraft:deaths":5,"minecraft:walk_under_water_one_cm":7465,"minecraft:jump":2592,"minecraft:walk_on_water_one_cm":26595,"minecraft:total_world_time":124291,"minecraft:interact_with_furnace":30,"minecraft:sleep_in_bed":2,"minecraft:time_since_rest":38551,"minecraft:damage_taken":4791,"minecraft:damage_absorbed":40,"minecraft:damage_dealt":8747,"minecraft:swim_one_cm":21125,"minecraft:fly_one_cm":591528,"minecraft:player_kills":1,"minecraft:open_chest":30,"minecraft:crouch_one_cm":1359,"minecraft:fall_one_cm":98089,"minecraft:inspect_dispenser":3},"minecraft:mined":{"minecraft:nether_gold_ore":6,"minecraft:tuff":16,"minecraft:deepslate_diamond_ore":9,"minecraft:obsidian":13,"minecraft:granite":6,"minecraft:acacia_log":26,"minecraft:grass_block":12,"minecraft:spruce_leaves":42,"minecraft:acacia_slab":2,"minecraft:chiseled_tuff_bricks":4,"minecraft:tuff_bricks":3,"minecraft:furnace":2,"minecraft:iron_ore":15,"minecraft:fire":1,"minecraft:cobbled_deepslate":2,"minecraft:acacia_wood":3,"minecraft:andesite":19,"minecraft:deepslate_lapis_ore":2,"minecraft:deepslate_iron_ore":23,"minecraft:stone":103,"minecraft:acacia_leaves":3,"minecraft:crafting_table":4,"minecraft:torch":3,"minecraft:short_grass":21,"minecraft:chest":1,"minecraft:campfire":1,"minecraft:nether_quartz_ore":9,"minecraft:tall_grass":5,"minecraft:cobblestone":8,"minecraft:sugar_cane":21,"minecraft:diorite":7,"minecraft:wall_torch":6,"minecraft:spruce_log":7,"minecraft:brown_wall_banner":1,"minecraft:oak_log":7,"minecraft:coal_ore":46,"minecraft:dirt":4,"minecraft:gravel":36,"minecraft:sand":1,"minecraft:acacia_planks":1,"minecraft:oak_button":1,"minecraft:dispenser":4,"minecraft:netherrack":5,"minecraft:deepslate":76},"minecraft:crafted":{"minecraft:oak_planks":28,"minecraft:wind_charge":16,"minecraft:furnace":2,"minecraft:flint_and_steel":1,"minecraft:iron_boots":1,"minecraft:iron_axe":2,"minecraft:stone_pickaxe":1,"minecraft:chest":5,"minecraft:wheat":279,"minecraft:crafting_table":4,"minecraft:spruce_planks":8,"minecraft:wooden_pickaxe":3,"minecraft:iron_helmet":1,"minecraft:bucket":1,"minecraft:campfire":1,"minecraft:stone_axe":1,"minecraft:bread":105,"minecraft:air":0,"minecraft:iron_chestplate":1,"minecraft:diamond_pickaxe":1,"minecraft:shield":1,"minecraft:stick":44,"minecraft:iron_ingot":26,"minecraft:iron_pickaxe":1,"minecraft:iron_leggings":1,"minecraft:acacia_planks":104,"minecraft:torch":24}},"DataVersion":3955}