{"stats":{"minecraft:crafted":{"minecraft:smooth_stone":4,"minecraft:oak_planks":280,"minecraft:spruce_button":62,"minecraft:wind_charge":16,"minecraft:furnace":10,"minecraft:blast_furnace":1,"minecraft:stone":8,"minecraft:bone_meal":189,"minecraft:cooked_mutton":1,"minecraft:flint_and_steel":1,"minecraft:iron_boots":1,"minecraft:iron_axe":4,"minecraft:spruce_slab":6,"minecraft:stone_pickaxe":1,"minecraft:chest":5,"minecraft:wheat":279,"minecraft:cooked_beef":4,"minecraft:emerald":28,"minecraft:crafting_table":4,"minecraft:spruce_planks":864,"minecraft:iron_helmet":1,"minecraft:wooden_pickaxe":3,"minecraft:baked_potato":76,"minecraft:fletching_table":8,"minecraft:bucket":1,"minecraft:campfire":1,"minecraft:stone_axe":1,"minecraft:bread":105,"minecraft:air":0,"minecraft:iron_chestplate":1,"minecraft:diamond_pickaxe":1,"minecraft:shield":1,"minecraft:stick":1760,"minecraft:iron_ingot":26,"minecraft:iron_pickaxe":3,"minecraft:iron_shovel":1,"minecraft:iron_leggings":1,"minecraft:torch":24,"minecraft:acacia_planks":104},"minecraft:used":{"minecraft:iron_shovel":180,"minecraft:flint_and_steel":1,"minecraft:spruce_slab":3,"minecraft:chest":6,"minecraft:spruce_planks":15,"minecraft:shield":15,"minecraft:cooked_chicken":1,"minecraft:rotten_flesh":11,"minecraft:trial_key":1,"minecraft:netherrack":10,"minecraft:iron_chestplate":3,"minecraft:torch":39,"minecraft:snowball":1,"minecraft:granite":3,"minecraft:obsidian":13,"minecraft:lava_bucket":24,"minecraft:iron_axe":589,"minecraft:iron_helmet":1,"minecraft:iron_boots":3,"minecraft:furnace":10,"minecraft:potato":44,"minecraft:cobbled_deepslate":4,"minecraft:iron_leggings":2,"minecraft:acacia_planks":7,"minecraft:cooked_mutton":4,"minecraft:water_bucket":24,"minecraft:diorite":4,"minecraft:baked_potato":6,"minecraft:oak_planks":172,"minecraft:stone_pickaxe":108,"minecraft:wooden_pickaxe":62,"minecraft:sugar_cane":41,"minecraft:fletching_table":9,"minecraft:golden_apple":1,"minecraft:crafting_table":7,"minecraft:blast_furnace":1,"minecraft:crossbow":3,"minecraft:white_bed":8,"minecraft:campfire":1,"minecraft:smoker":1,"minecraft:diamond_pickaxe":116,"minecraft:wind_charge":16,"minecraft:bread":60,"minecraft:iron_pickaxe":168,"minecraft:gravel":46,"minecraft:spruce_sapling":8,"minecraft:stone_axe":38,"minecraft:cobblestone":40,"minecraft:cooked_porkchop":7,"minecraft:andesite":2,"minecraft:bucket":48,"minecraft:yellow_bed":4,"minecraft:splash_potion":1,"minecraft:bone_meal":89},"minecraft:custom":{"minecraft:mob_kills":53,"minecraft:interact_with_crafting_table":46,"minecraft:interact_with_campfire":24,"minecraft:bell_ring":5,"minecraft:leave_game":4,"minecraft:time_since_death":96792,"minecraft:climb_one_cm":304,"minecraft:sprint_one_cm":671918,"minecraft:walk_one_cm":504750,"minecraft:damage_blocked_by_shield":1255,"minecraft:drop":56,"minecraft:talked_to_villager":16,"minecraft:play_time":171945,"minecraft:sneak_time":1684,"minecraft:deaths":5,"minecraft:walk_under_water_one_cm":7465,"minecraft:jump":3308,"minecraft:walk_on_water_one_cm":26595,"minecraft:total_world_time":171945,"minecraft:interact_with_furnace":77,"minecraft:traded_with_villager":28,"minecraft:sleep_in_bed":3,"minecraft:time_since_rest":43245,"minecraft:damage_taken":4897,"minecraft:damage_absorbed":40,"minecraft:damage_dealt":8927,"minecraft:swim_one_cm":21125,"minecraft:player_kills":1,"minecraft:fly_one_cm":758452,"minecraft:open_chest":69,"minecraft:crouch_one_cm":6122,"minecraft:interact_with_smoker":8,"minecraft:fall_one_cm":115626,"minecraft:inspect_dispenser":3},"minecraft:broken":{"minecraft:iron_axe":2},"minecraft:dropped":{"minecraft:porkchop":1,"minecraft:wheat_seeds":5,"minecraft:crafting_table":1,"minecraft:granite":6,"minecraft:brown_banner":1,"minecraft:rail":1,"minecraft:yellow_carpet":3,"minecraft:dirt":11,"minecraft:cut_sandstone":3,"minecraft:waxed_copper_bulb":4,"minecraft:sand":14,"minecraft:iron_axe":1,"minecraft:iron_pickaxe":1,"minecraft:acacia_planks":13,"minecraft:dandelion":4,"minecraft:gravel":21,"minecraft:tuff_bricks":6,"minecraft:chiseled_tuff_bricks":4,"minecraft:cobbled_deepslate":64,"minecraft:tuff":10,"minecraft:wheat":1,"minecraft:rotten_flesh":2,"minecraft:iron_boots":1,"minecraft:waxed_copper_block":1,"minecraft:poppy":2,"minecraft:trial_key":1,"minecraft:oak_button":11,"minecraft:andesite":10,"minecraft:acacia_slab":8,"minecraft:sandstone":1,"minecraft:wooden_pickaxe":1,"minecraft:egg":1},"minecraft:killed":{"minecraft:bogged":6,"minecraft:skeleton":4,"minecraft:horse":7,"minecraft:pig":13,"minecraft:iron_golem":2,"minecraft:sheep":10,"minecraft:zombie":6,"minecraft:breeze":2,"minecraft:cow":2},"minecraft:killed_by":{"minecraft:player":1,"minecraft:creeper":2,"minecraft:bogged":1,"minecraft:skeleton":1},"minecraft:picked_up":{"minecraft:charcoal":2,"minecraft:crafting_table":11,"minecraft:iron_chestplate":5,"minecraft:wheat":87,"minecraft:splash_potion":1,"minecraft:wooden_pickaxe":4,"minecraft:shield":5,"minecraft:iron_axe":4,"minecraft:iron_leggings":3,"minecraft:gold_nugget":23,"minecraft:cobbled_deepslate":235,"minecraft:spruce_planks":17,"minecraft:beef":4,"minecraft:trial_key":2,"minecraft:poppy":2,"minecraft:iron_pickaxe":11,"minecraft:spruce_slab":2,"minecraft:sugar_cane":41,"minecraft:chest":1,"minecraft:furnace":4,"minecraft:iron_boots":5,"minecraft:egg":2,"minecraft:tipped_arrow":10,"minecraft:stick":24,"minecraft:raw_iron":112,"minecraft:sandstone":1,"minecraft:composter":2,"minecraft:torch":103,"minecraft:acacia_log":26,"minecraft:porkchop":25,"minecraft:diorite":7,"minecraft:arrow":77,"minecraft:honey_bottle":2,"minecraft:rotten_flesh":40,"minecraft:hay_block":31,"minecraft:tuff_bricks":16,"minecraft:obsidian":25,"minecraft:mutton":14,"minecraft:bone_block":21,"minecraft:snowball":1,"minecraft:rail":4,"minecraft:white_wool":10,"minecraft:cobblestone":156,"minecraft:oxeye_daisy":1,"minecraft:stripped_oak_log":32,"minecraft:water_bucket":5,"minecraft:andesite":52,"minecraft:cut_sandstone":3,"minecraft:leather":14,"minecraft:smoker":1,"minecraft:acacia_wood":3,"minecraft:potato":103,"minecraft:waxed_copper_bulb":8,"minecraft:flint":2,"minecraft:tuff":33,"minecraft:oak_log":38,"minecraft:waxed_copper_block":1,"minecraft:yellow_bed":4,"minecraft:lapis_lazuli":56,"minecraft:dirt":60,"minecraft:cooked_mutton":10,"minecraft:bone":30,"minecraft:acacia_planks":36,"minecraft:wheat_seeds":7,"minecraft:iron_ingot":27,"minecraft:cooked_chicken":1,"minecraft:fletching_table":2,"minecraft:oak_planks":32,"minecraft:acacia_sapling":2,"minecraft:cooked_porkchop":14,"minecraft:quartz":10,"minecraft:dandelion":3,"minecraft:poisonous_potato":2,"minecraft:gravel":70,"minecraft:lava_bucket":1,"minecraft:sand":27,"minecraft:spruce_sapling":27,"minecraft:white_bed":8,"minecraft:spruce_log":216,"minecraft:yellow_carpet":3,"minecraft:diamond":30,"minecraft:stone_axe":2,"minecraft:iron_helmet":4,"minecraft:granite":39,"minecraft:crossbow":2,"minecraft:breeze_rod":8,"minecraft:spruce_button":62,"minecraft:golden_apple":1,"minecraft:bread":94,"minecraft:emerald":4,"minecraft:oak_button":23,"minecraft:brown_banner":2,"minecraft:acacia_slab":8,"minecraft:netherrack":22,"minecraft:coal":140,"minecraft:chiseled_tuff_bricks":11,"minecraft:diamond_pickaxe":3},"minecraft:mined":{"minecraft:nether_gold_ore":6,"minecraft:tuff":16,"minecraft:spruce_planks":15,"minecraft:white_bed":8,"minecraft:farmland":1,"minecraft:deepslate_diamond_ore":9,"minecraft:obsidian":13,"minecraft:granite":6,"minecraft:acacia_log":26,"minecraft:grass_block":141,"minecraft:yellow_carpet":3,"minecraft:spruce_leaves":55,"minecraft:acacia_slab":2,"minecraft:composter":2,"minecraft:chiseled_tuff_bricks":4,"minecraft:tuff_bricks":3,"minecraft:furnace":4,"minecraft:iron_ore":15,"minecraft:fire":1,"minecraft:cobbled_deepslate":2,"minecraft:acacia_wood":3,"minecraft:andesite":19,"minecraft:deepslate_lapis_ore":2,"minecraft:fletching_table":2,"minecraft:potatoes":27,"minecraft:deepslate_iron_ore":23,"minecraft:stripped_oak_log":32,"minecraft:stone":103,"minecraft:bone_block":23,"minecraft:spruce_slab":2,"minecraft:acacia_leaves":3,"minecraft:smoker":1,"minecraft:soul_fire":4,"minecraft:dandelion":2,"minecraft:crafting_table":4,"minecraft:torch":3,"minecraft:short_grass":46,"minecraft:chest":1,"minecraft:campfire":1,"minecraft:nether_quartz_ore":10,"minecraft:tall_grass":6,"minecraft:cobblestone":8,"minecraft:oak_planks":21,"minecraft:sugar_cane":21,"minecraft:diorite":7,"minecraft:wall_torch":8,"minecraft:spruce_log":216,"minecraft:brown_wall_banner":1,"minecraft:yellow_bed":4,"minecraft:oak_log":38,"minecraft:coal_ore":46,"minecraft:gravel":36,"minecraft:dirt":51,"minecraft:sand":1,"minecraft:acacia_planks":1,"minecraft:oak_button":1,"minecraft:dispenser":4,"minecraft:netherrack":22,"minecraft:deepslate":76}},"DataVersion":3955}