{"stats":{"minecraft:picked_up":{"minecraft:sand":16},"minecraft:custom":{"minecraft:jump":7,"minecraft:time_since_rest":6752,"minecraft:sprint_one_cm":3718,"minecraft:leave_game":2,"minecraft:play_time":10546,"minecraft:damage_taken":30,"minecraft:time_since_death":10546,"minecraft:walk_one_cm":7558,"minecraft:sleep_in_bed":1,"minecraft:sneak_time":6,"minecraft:total_world_time":10546,"minecraft:talked_to_villager":1,"minecraft:fall_one_cm":984,"minecraft:fly_one_cm":93},"minecraft:mined":{"minecraft:sand":16}},"DataVersion":3955}