{"stats":{"minecraft:crafted":{"minecraft:oak_planks":132,"minecraft:stone_shovel":1,"minecraft:birch_boat":1,"minecraft:cooked_chicken":1,"minecraft:furnace":5,"minecraft:cobblestone_stairs":52,"minecraft:bone_meal":6,"minecraft:cooked_mutton":12,"minecraft:stone_pickaxe":9,"minecraft:chest":2,"minecraft:stone_hoe":1,"minecraft:oak_fence":21,"minecraft:smoker":1,"minecraft:cooked_beef":11,"minecraft:wooden_shovel":1,"minecraft:crafting_table":5,"minecraft:wooden_pickaxe":4,"minecraft:iron_sword":1,"minecraft:cooked_salmon":8,"minecraft:bucket":1,"minecraft:birch_planks":20,"minecraft:acacia_button":10,"minecraft:stone_axe":2,"minecraft:oak_fence_gate":1,"minecraft:stick":96,"minecraft:iron_ingot":8,"minecraft:iron_pickaxe":1,"minecraft:andesite_stairs":4,"minecraft:wooden_axe":1,"minecraft:gold_ingot":8,"minecraft:white_bed":1,"minecraft:acacia_planks":76,"minecraft:torch":88},"minecraft:used":{"minecraft:oak_fence":23,"minecraft:stone_shovel":49,"minecraft:chest":2,"minecraft:iron_sword":84,"minecraft:cooked_salmon":5,"minecraft:wooden_shovel":39,"minecraft:stone_hoe":33,"minecraft:cooked_chicken":2,"minecraft:torch":51,"minecraft:dirt":20,"minecraft:granite":18,"minecraft:azure_bluet":1,"minecraft:oak_fence_gate":1,"minecraft:wooden_axe":27,"minecraft:oak_sapling":7,"minecraft:furnace":9,"minecraft:cobbled_deepslate":3,"minecraft:cooked_beef":3,"minecraft:acacia_planks":5,"minecraft:wheat_seeds":38,"minecraft:water_bucket":5,"minecraft:diorite":2,"minecraft:cobblestone_stairs":36,"minecraft:stone_pickaxe":513,"minecraft:birch_boat":1,"minecraft:wooden_pickaxe":62,"minecraft:sand":20,"minecraft:crafting_table":8,"minecraft:lime_bed":4,"minecraft:white_bed":1,"minecraft:smoker":1,"minecraft:melon_slice":20,"minecraft:string":1,"minecraft:iron_pickaxe":87,"minecraft:gravel":2,"minecraft:stone_axe":140,"minecraft:cobblestone":25,"minecraft:andesite_stairs":4,"minecraft:bucket":6,"minecraft:bone_meal":6},"minecraft:custom":{"minecraft:mob_kills":45,"minecraft:animals_bred":1,"minecraft:interact_with_crafting_table":45,"minecraft:leave_game":3,"minecraft:time_since_death":0,"minecraft:sprint_one_cm":318628,"minecraft:walk_one_cm":366805,"minecraft:drop":21,"minecraft:talked_to_villager":1,"minecraft:play_time":149234,"minecraft:deaths":17,"minecraft:sneak_time":201,"minecraft:walk_under_water_one_cm":29387,"minecraft:boat_one_cm":11383,"minecraft:jump":1515,"minecraft:walk_on_water_one_cm":15163,"minecraft:total_world_time":149234,"minecraft:interact_with_furnace":38,"minecraft:sleep_in_bed":10,"minecraft:time_since_rest":12,"minecraft:damage_taken":5000,"minecraft:damage_dealt":3895,"minecraft:swim_one_cm":29365,"minecraft:fly_one_cm":180902,"minecraft:open_chest":11,"minecraft:crouch_one_cm":16,"minecraft:fall_one_cm":27483},"minecraft:broken":{"minecraft:stone_pickaxe":2},"minecraft:dropped":{"minecraft:cobblestone":2,"minecraft:dirt":4,"minecraft:wooden_axe":1,"minecraft:gold_nugget":3,"minecraft:cactus":12,"minecraft:acacia_planks":4,"minecraft:dandelion":2,"minecraft:gravel":25,"minecraft:raw_copper":5,"minecraft:pointed_dripstone":4,"minecraft:composter":2,"minecraft:acacia_sapling":4,"minecraft:wooden_pickaxe":3,"minecraft:black_wool":1},"minecraft:killed_by":{"minecraft:cave_spider":10,"minecraft:skeleton":4,"minecraft:zombie":2},"minecraft:killed":{"minecraft:armadillo":1,"minecraft:cave_spider":9,"minecraft:skeleton":1,"minecraft:chicken":6,"minecraft:pig":4,"minecraft:salmon":8,"minecraft:sheep":8,"minecraft:zombie":1,"minecraft:cow":7},"minecraft:picked_up":{"minecraft:wooden_axe":2,"minecraft:crafting_table":4,"minecraft:wheat":30,"minecraft:azure_bluet":1,"minecraft:chicken":10,"minecraft:wooden_pickaxe":6,"minecraft:string":101,"minecraft:raw_copper":5,"minecraft:cooked_salmon":3,"minecraft:gold_nugget":3,"minecraft:cobbled_deepslate":69,"minecraft:beef":17,"minecraft:wooden_shovel":1,"minecraft:poppy":2,"minecraft:iron_pickaxe":3,"minecraft:melon_slice":208,"minecraft:sugar_cane":44,"minecraft:furnace":7,"minecraft:stick":21,"minecraft:raw_iron":17,"minecraft:composter":3,"minecraft:oak_fence":6,"minecraft:torch":69,"minecraft:acacia_log":19,"minecraft:porkchop":9,"minecraft:pointed_dripstone":10,"minecraft:diorite":36,"minecraft:arrow":7,"minecraft:cactus":12,"minecraft:stone_shovel":2,"minecraft:rotten_flesh":9,"minecraft:mutton":25,"minecraft:white_wool":13,"minecraft:cobblestone":479,"minecraft:oxeye_daisy":3,"minecraft:birch_log":5,"minecraft:lime_bed":5,"minecraft:feather":12,"minecraft:cooked_beef":8,"minecraft:water_bucket":1,"minecraft:salmon":8,"minecraft:andesite":11,"minecraft:leather":12,"minecraft:birch_planks":10,"minecraft:flint":18,"minecraft:oak_log":37,"minecraft:cobblestone_stairs":1,"minecraft:dirt":54,"minecraft:bone":6,"minecraft:acacia_planks":34,"minecraft:apple":1,"minecraft:wheat_seeds":83,"minecraft:stone_pickaxe":3,"minecraft:raw_gold":8,"minecraft:cooked_chicken":1,"minecraft:iron_ingot":6,"minecraft:stone_hoe":2,"minecraft:acacia_sapling":4,"minecraft:oak_planks":54,"minecraft:iron_sword":3,"minecraft:dandelion":41,"minecraft:dripstone_block":2,"minecraft:gravel":184,"minecraft:sand":48,"minecraft:spider_eye":10,"minecraft:stone_axe":3,"minecraft:granite":33,"minecraft:bone_meal":1,"minecraft:oak_sapling":9,"minecraft:melon_seeds":18,"minecraft:black_wool":2,"minecraft:coal":104},"minecraft:mined":{"minecraft:attached_melon_stem":4,"minecraft:oak_sapling":1,"minecraft:cobblestone_stairs":1,"minecraft:granite":32,"minecraft:acacia_log":21,"minecraft:grass_block":24,"minecraft:composter":1,"minecraft:oxeye_daisy":1,"minecraft:spawner":1,"minecraft:furnace":5,"minecraft:iron_ore":16,"minecraft:andesite":11,"minecraft:azure_bluet":1,"minecraft:pointed_dripstone":3,"minecraft:deepslate_iron_ore":1,"minecraft:stone":323,"minecraft:tripwire":1,"minecraft:acacia_leaves":1,"minecraft:melon_stem":1,"minecraft:dandelion":15,"minecraft:oak_fence":3,"minecraft:crafting_table":3,"minecraft:torch":5,"minecraft:short_grass":124,"minecraft:poppy":2,"minecraft:melon":24,"minecraft:tall_grass":6,"minecraft:copper_ore":1,"minecraft:cobblestone":9,"minecraft:sugar_cane":7,"minecraft:diorite":36,"minecraft:wall_torch":13,"minecraft:lime_bed":4,"minecraft:birch_log":5,"minecraft:wheat":18,"minecraft:oak_log":37,"minecraft:coal_ore":88,"minecraft:dripstone_block":2,"minecraft:gravel":71,"minecraft:sand":34,"minecraft:dirt":22,"minecraft:cobweb":40,"minecraft:deepslate":70,"minecraft:gold_ore":8,"minecraft:oak_leaves":17}},"DataVersion":3955}