{"stats":{"minecraft:mined":{"minecraft:spruce_planks":5,"minecraft:attached_melon_stem":4,"minecraft:white_bed":7,"minecraft:oak_sapling":3,"minecraft:farmland":10,"minecraft:cobblestone_stairs":1,"minecraft:obsidian":12,"minecraft:granite":122,"minecraft:acacia_log":21,"minecraft:grass_block":879,"minecraft:composter":2,"minecraft:oxeye_daisy":2,"minecraft:spawner":1,"minecraft:tall_seagrass":1,"minecraft:magma_block":12,"minecraft:fire":8,"minecraft:iron_ore":118,"minecraft:cobbled_deepslate":58,"minecraft:pumpkin":20,"minecraft:fletching_table":7,"minecraft:azure_bluet":2,"minecraft:pointed_dripstone":3,"minecraft:dirt_path":76,"minecraft:tripwire":1,"minecraft:deepslate_redstone_ore":1,"minecraft:brown_mushroom":6,"minecraft:melon_stem":1,"minecraft:torch":34,"minecraft:poppy":2,"minecraft:melon":35,"minecraft:chest":1,"minecraft:glass":4,"minecraft:cobblestone":24,"minecraft:grindstone":3,"minecraft:sugar_cane":144,"minecraft:oak_planks":24,"minecraft:wall_torch":36,"minecraft:deepslate_copper_ore":2,"minecraft:seagrass":2,"minecraft:birch_log":164,"minecraft:wheat":143,"minecraft:stone_brick_stairs":7,"minecraft:oak_log":571,"minecraft:sand":478,"minecraft:dirt":360,"minecraft:netherrack":134,"minecraft:oak_leaves":260,"minecraft:deepslate":227,"minecraft:crying_obsidian":4,"minecraft:tuff":12,"minecraft:mossy_cobblestone":2,"minecraft:deepslate_diamond_ore":4,"minecraft:spruce_leaves":78,"minecraft:cartography_table":1,"minecraft:sandstone":3,"minecraft:large_fern":22,"minecraft:redstone_ore":7,"minecraft:furnace":10,"minecraft:andesite":155,"minecraft:peony":1,"minecraft:gold_block":1,"minecraft:bookshelf":4,"minecraft:potatoes":133,"minecraft:deepslate_iron_ore":17,"minecraft:stone":1046,"minecraft:smithing_table":4,"minecraft:acacia_leaves":1,"minecraft:glass_pane":8,"minecraft:dandelion":17,"minecraft:oak_fence":6,"minecraft:crafting_table":8,"minecraft:short_grass":551,"minecraft:lectern":31,"minecraft:campfire":3,"minecraft:tall_grass":10,"minecraft:copper_ore":8,"minecraft:lapis_ore":2,"minecraft:deepslate_gold_ore":20,"minecraft:diorite":43,"minecraft:blue_bed":8,"minecraft:spruce_stairs":2,"minecraft:birch_planks":36,"minecraft:purple_bed":5,"minecraft:lime_bed":4,"minecraft:sweet_berry_bush":23,"minecraft:spruce_log":203,"minecraft:birch_leaves":34,"minecraft:coal_ore":195,"minecraft:gravel":218,"minecraft:dripstone_block":2,"minecraft:cobweb":40,"minecraft:cracked_stone_bricks":2,"minecraft:stone_bricks":21,"minecraft:gold_ore":8,"minecraft:fern":22},"minecraft:broken":{"minecraft:stone_pickaxe":6,"minecraft:stone_axe":2,"minecraft:stone_shovel":11,"minecraft:stone_hoe":1,"minecraft:golden_axe":1,"minecraft:iron_axe":5,"minecraft:iron_pickaxe":5},"minecraft:custom":{"minecraft:animals_bred":46,"minecraft:interact_with_crafting_table":127,"minecraft:leave_game":7,"minecraft:time_since_death":64228,"minecraft:sprint_one_cm":1633449,"minecraft:drop":227,"minecraft:talked_to_villager":114,"minecraft:play_time":752050,"minecraft:deaths":18,"minecraft:jump":6509,"minecraft:walk_on_water_one_cm":58718,"minecraft:interact_with_furnace":184,"minecraft:traded_with_villager":158,"minecraft:sleep_in_bed":52,"minecraft:damage_dealt":11624,"minecraft:crouch_one_cm":309,"minecraft:interact_with_smoker":3,"minecraft:horse_one_cm":575,"minecraft:interact_with_smithing_table":1,"minecraft:mob_kills":113,"minecraft:interact_with_campfire":38,"minecraft:climb_one_cm":6036,"minecraft:walk_one_cm":2219849,"minecraft:sneak_time":834,"minecraft:walk_under_water_one_cm":67178,"minecraft:boat_one_cm":368212,"minecraft:total_world_time":752050,"minecraft:time_since_rest":10121,"minecraft:damage_taken":7559,"minecraft:swim_one_cm":189162,"minecraft:fly_one_cm":1059344,"minecraft:open_chest":326,"minecraft:fall_one_cm":112172},"minecraft:used":{"minecraft:iron_shovel":181,"minecraft:ladder":6,"minecraft:chest":22,"minecraft:stone":2,"minecraft:iron_sword":131,"minecraft:azure_bluet":1,"minecraft:obsidian":12,"minecraft:spruce_boat":35,"minecraft:glass":58,"minecraft:stone_brick_stairs":51,"minecraft:stone_bricks":165,"minecraft:magma_block":1,"minecraft:sweet_berries":57,"minecraft:furnace":19,"minecraft:oak_sapling":21,"minecraft:egg":31,"minecraft:potato":209,"minecraft:diorite":2,"minecraft:stone_pickaxe":1034,"minecraft:oak_planks":294,"minecraft:wooden_pickaxe":62,"minecraft:blue_bed":8,"minecraft:sugar_cane":74,"minecraft:sand":83,"minecraft:birch_fence_gate":2,"minecraft:bread":6,"minecraft:melon_slice":20,"minecraft:string":1,"minecraft:lectern":31,"minecraft:gravel":2,"minecraft:smithing_table":4,"minecraft:birch_log":3,"minecraft:andesite":1,"minecraft:bone_meal":10,"minecraft:oak_fence":80,"minecraft:flint_and_steel":11,"minecraft:stone_shovel":1642,"minecraft:spruce_planks":4,"minecraft:wooden_shovel":39,"minecraft:cooked_salmon":8,"minecraft:stone_hoe":281,"minecraft:cooked_chicken":8,"minecraft:torch":196,"minecraft:dirt":679,"minecraft:spruce_fence":15,"minecraft:granite":55,"minecraft:oak_fence_gate":2,"minecraft:wooden_axe":27,"minecraft:iron_axe":1335,"minecraft:cooked_beef":23,"minecraft:acacia_planks":5,"minecraft:cobbled_deepslate":89,"minecraft:golden_axe":17,"minecraft:cooked_mutton":3,"minecraft:wheat_seeds":329,"minecraft:water_bucket":40,"minecraft:cobblestone_stairs":36,"minecraft:birch_planks":326,"minecraft:birch_boat":1,"minecraft:fletching_table":9,"minecraft:mossy_cobblestone":2,"minecraft:crafting_table":16,"minecraft:lime_bed":4,"minecraft:campfire":5,"minecraft:white_bed":12,"minecraft:spruce_log":9,"minecraft:smoker":1,"minecraft:oak_log":38,"minecraft:diamond_pickaxe":20,"minecraft:iron_pickaxe":1271,"minecraft:spruce_sapling":1,"minecraft:stone_axe":353,"minecraft:cobblestone":199,"minecraft:purple_bed":5,"minecraft:cooked_porkchop":17,"minecraft:andesite_stairs":4,"minecraft:bucket":42,"minecraft:glass_pane":6,"minecraft:pumpkin_pie":1},"minecraft:dropped":{"minecraft:cooked_beef":4,"minecraft:cracked_stone_bricks":2,"minecraft:dirt":38,"minecraft:gold_nugget":3,"minecraft:sand":15,"minecraft:gravel":38,"minecraft:golden_chestplate":1,"minecraft:cobbled_deepslate":20,"minecraft:birch_sapling":5,"minecraft:pointed_dripstone":4,"minecraft:rotten_flesh":10,"minecraft:fern":1,"minecraft:white_bed":1,"minecraft:charcoal":2,"minecraft:acacia_sapling":4,"minecraft:bread":20,"minecraft:wheat_seeds":15,"minecraft:mossy_cobblestone":4,"minecraft:cobblestone":33,"minecraft:granite":48,"minecraft:oxeye_daisy":1,"minecraft:diorite":10,"minecraft:wooden_axe":1,"minecraft:iron_axe":1,"minecraft:cactus":12,"minecraft:acacia_planks":4,"minecraft:spruce_sapling":4,"minecraft:dandelion":2,"minecraft:raw_copper":5,"minecraft:composter":2,"minecraft:light_gray_wool":2,"minecraft:pumpkin_seeds":3,"minecraft:potato":117,"minecraft:stone":3,"minecraft:oak_button":5,"minecraft:andesite":8,"minecraft:oak_sapling":1,"minecraft:wooden_pickaxe":3,"minecraft:black_wool":1},"minecraft:picked_up":{"minecraft:wooden_axe":2,"minecraft:seagrass":8,"minecraft:iron_chestplate":1,"minecraft:wheat":136,"minecraft:smithing_table":4,"minecraft:stone_brick_stairs":7,"minecraft:string":102,"minecraft:raw_copper":16,"minecraft:cooked_salmon":3,"minecraft:iron_leggings":1,"minecraft:gold_nugget":3,"minecraft:cobbled_deepslate":292,"minecraft:spruce_planks":5,"minecraft:wooden_shovel":1,"minecraft:iron_pickaxe":4,"minecraft:melon_slice":322,"minecraft:iron_boots":1,"minecraft:furnace":12,"minecraft:stick":93,"minecraft:composter":4,"minecraft:oak_fence":9,"minecraft:torch":123,"minecraft:acacia_log":19,"minecraft:spruce_stairs":2,"minecraft:porkchop":31,"minecraft:pointed_dripstone":10,"minecraft:diorite":49,"minecraft:cactus":12,"minecraft:rotten_flesh":19,"minecraft:obsidian":14,"minecraft:cobblestone":1209,"minecraft:birch_log":168,"minecraft:magma_block":9,"minecraft:feather":26,"minecraft:cooked_beef":36,"minecraft:water_bucket":1,"minecraft:andesite":158,"minecraft:potato":406,"minecraft:flint":30,"minecraft:tuff":12,"minecraft:dirt":1257,"minecraft:bone":7,"minecraft:acacia_planks":34,"minecraft:wheat_seeds":454,"minecraft:raw_gold":26,"minecraft:grindstone":3,"minecraft:fletching_table":7,"minecraft:oak_planks":93,"minecraft:stone_hoe":2,"minecraft:cooked_porkchop":10,"minecraft:poisonous_potato":3,"minecraft:sand":495,"minecraft:ink_sac":10,"minecraft:mossy_cobblestone":6,"minecraft:diamond":4,"minecraft:spruce_boat":34,"minecraft:granite":127,"minecraft:bone_meal":1,"minecraft:oak_sapling":64,"minecraft:netherrack":70,"minecraft:charcoal":4,"minecraft:crafting_table":9,"minecraft:azure_bluet":2,"minecraft:chicken":18,"minecraft:brown_mushroom":5,"minecraft:wooden_pickaxe":6,"minecraft:gold_block":1,"minecraft:iron_axe":2,"minecraft:flint_and_steel":1,"minecraft:iron_shovel":1,"minecraft:cracked_stone_bricks":2,"minecraft:cartography_table":1,"minecraft:beef":41,"minecraft:lectern":31,"minecraft:iron_nugget":2,"minecraft:poppy":2,"minecraft:light_gray_wool":2,"minecraft:sugar_cane":287,"minecraft:chest":1,"minecraft:birch_sapling":12,"minecraft:egg":31,"minecraft:raw_iron":134,"minecraft:sandstone":2,"minecraft:stone":3,"minecraft:redstone":35,"minecraft:arrow":8,"minecraft:stone_shovel":5,"minecraft:peony":1,"minecraft:mutton":57,"minecraft:white_wool":32,"minecraft:oxeye_daisy":4,"minecraft:lime_bed":5,"minecraft:salmon":8,"minecraft:leather":16,"minecraft:fern":1,"minecraft:birch_planks":62,"minecraft:oak_log":567,"minecraft:gunpowder":4,"minecraft:cobblestone_stairs":1,"minecraft:blue_bed":8,"minecraft:cooked_mutton":10,"minecraft:apple":12,"minecraft:stone_bricks":21,"minecraft:iron_ingot":6,"minecraft:stone_pickaxe":3,"minecraft:cooked_chicken":3,"minecraft:acacia_sapling":4,"minecraft:iron_sword":4,"minecraft:book":12,"minecraft:pumpkin":20,"minecraft:sweet_berries":58,"minecraft:dandelion":44,"minecraft:dripstone_block":2,"minecraft:gravel":326,"minecraft:spruce_sapling":18,"minecraft:white_bed":8,"minecraft:spruce_log":196,"minecraft:crying_obsidian":4,"minecraft:spider_eye":10,"minecraft:pumpkin_seeds":2,"minecraft:purple_bed":5,"minecraft:stone_axe":3,"minecraft:iron_helmet":1,"minecraft:baked_potato":16,"minecraft:black_wool":4,"minecraft:melon_seeds":18,"minecraft:coal":224},"minecraft:crafted":{"minecraft:oak_planks":2132,"minecraft:birch_boat":1,"minecraft:cooked_chicken":7,"minecraft:birch_slab":12,"minecraft:stone":217,"minecraft:cobblestone_stairs":52,"minecraft:bookshelf":4,"minecraft:cooked_mutton":32,"minecraft:glass":134,"minecraft:iron_boots":1,"minecraft:birch_fence_gate":2,"minecraft:chest":22,"minecraft:oak_button":5,"minecraft:stone_hoe":8,"minecraft:stone_bricks":212,"minecraft:oak_fence":78,"minecraft:smoker":1,"minecraft:wooden_shovel":1,"minecraft:emerald":205,"minecraft:cooked_porkchop":17,"minecraft:crafting_table":8,"minecraft:spruce_planks":728,"minecraft:wooden_pickaxe":4,"minecraft:iron_helmet":1,"minecraft:smithing_table":1,"minecraft:fletching_table":2,"minecraft:campfire":5,"minecraft:acacia_button":10,"minecraft:birch_planks":636,"minecraft:stone_brick_stairs":44,"minecraft:book":4,"minecraft:lectern":4,"minecraft:diamond_pickaxe":1,"minecraft:paper":108,"minecraft:iron_chestplate":1,"minecraft:emerald_block":9,"minecraft:shield":1,"minecraft:stick":4080,"minecraft:iron_ingot":115,"minecraft:iron_pickaxe":6,"minecraft:andesite_stairs":4,"minecraft:gold_ingot":26,"minecraft:stone_shovel":16,"minecraft:furnace":10,"minecraft:bone_meal":9,"minecraft:spruce_fence":15,"minecraft:glass_pane":16,"minecraft:iron_axe":13,"minecraft:ladder":6,"minecraft:spruce_slab":18,"minecraft:stone_pickaxe":11,"minecraft:spruce_boat":6,"minecraft:cooked_beef":22,"minecraft:iron_sword":1,"minecraft:cooked_salmon":8,"minecraft:bucket":2,"minecraft:stone_axe":3,"minecraft:enchanted_book":3,"minecraft:bread":14,"minecraft:oak_fence_gate":2,"minecraft:wooden_axe":1,"minecraft:iron_shovel":1,"minecraft:iron_leggings":1,"minecraft:white_bed":6,"minecraft:acacia_planks":76,"minecraft:torch":184},"minecraft:killed_by":{"minecraft:cave_spider":10,"minecraft:zombie":3,"minecraft:skeleton":4},"minecraft:killed":{"minecraft:cave_spider":9,"minecraft:spider":2,"minecraft:skeleton":1,"minecraft:chicken":14,"minecraft:turtle":4,"minecraft:pig":15,"minecraft:salmon":8,"minecraft:creeper":2,"minecraft:sheep":29,"minecraft:zombie":5,"minecraft:cow":16,"minecraft:armadillo":1,"minecraft:drowned":2,"minecraft:squid":5}},"DataVersion":3955}