{"stats":{"minecraft:mined":{"minecraft:spruce_planks":1,"minecraft:attached_melon_stem":4,"minecraft:white_bed":6,"minecraft:oak_sapling":3,"minecraft:farmland":10,"minecraft:cobblestone_stairs":1,"minecraft:granite":99,"minecraft:acacia_log":21,"minecraft:grass_block":875,"minecraft:composter":2,"minecraft:oxeye_daisy":2,"minecraft:spawner":1,"minecraft:tall_seagrass":1,"minecraft:magma_block":12,"minecraft:fire":2,"minecraft:iron_ore":99,"minecraft:cobbled_deepslate":58,"minecraft:pumpkin":20,"minecraft:fletching_table":5,"minecraft:azure_bluet":2,"minecraft:pointed_dripstone":3,"minecraft:dirt_path":76,"minecraft:tripwire":1,"minecraft:deepslate_redstone_ore":1,"minecraft:brown_mushroom":6,"minecraft:melon_stem":1,"minecraft:torch":26,"minecraft:poppy":2,"minecraft:melon":35,"minecraft:chest":1,"minecraft:glass":4,"minecraft:cobblestone":24,"minecraft:grindstone":3,"minecraft:sugar_cane":111,"minecraft:oak_planks":13,"minecraft:wall_torch":31,"minecraft:deepslate_copper_ore":2,"minecraft:seagrass":2,"minecraft:birch_log":164,"minecraft:wheat":82,"minecraft:oak_log":571,"minecraft:sand":478,"minecraft:dirt":319,"minecraft:netherrack":116,"minecraft:oak_leaves":260,"minecraft:deepslate":227,"minecraft:tuff":12,"minecraft:mossy_cobblestone":2,"minecraft:deepslate_diamond_ore":4,"minecraft:spruce_leaves":73,"minecraft:cartography_table":1,"minecraft:sandstone":3,"minecraft:large_fern":22,"minecraft:redstone_ore":7,"minecraft:furnace":10,"minecraft:andesite":155,"minecraft:peony":1,"minecraft:gold_block":1,"minecraft:bookshelf":4,"minecraft:potatoes":23,"minecraft:deepslate_iron_ore":17,"minecraft:stone":914,"minecraft:smithing_table":4,"minecraft:acacia_leaves":1,"minecraft:glass_pane":8,"minecraft:dandelion":17,"minecraft:oak_fence":6,"minecraft:crafting_table":8,"minecraft:short_grass":502,"minecraft:campfire":3,"minecraft:tall_grass":10,"minecraft:copper_ore":8,"minecraft:lapis_ore":2,"minecraft:deepslate_gold_ore":20,"minecraft:diorite":39,"minecraft:blue_bed":8,"minecraft:spruce_stairs":2,"minecraft:birch_planks":35,"minecraft:purple_bed":5,"minecraft:lime_bed":4,"minecraft:sweet_berry_bush":20,"minecraft:spruce_log":187,"minecraft:birch_leaves":34,"minecraft:coal_ore":137,"minecraft:gravel":200,"minecraft:dripstone_block":2,"minecraft:cobweb":40,"minecraft:cracked_stone_bricks":2,"minecraft:gold_ore":8,"minecraft:fern":22},"minecraft:broken":{"minecraft:stone_pickaxe":6,"minecraft:stone_axe":2,"minecraft:stone_shovel":11,"minecraft:stone_hoe":1,"minecraft:golden_axe":1,"minecraft:iron_axe":5,"minecraft:iron_pickaxe":3},"minecraft:custom":{"minecraft:animals_bred":6,"minecraft:interact_with_crafting_table":87,"minecraft:leave_game":7,"minecraft:time_since_death":470779,"minecraft:sprint_one_cm":1415868,"minecraft:drop":102,"minecraft:talked_to_villager":65,"minecraft:play_time":620050,"minecraft:deaths":17,"minecraft:jump":5818,"minecraft:walk_on_water_one_cm":55033,"minecraft:interact_with_furnace":125,"minecraft:traded_with_villager":128,"minecraft:sleep_in_bed":43,"minecraft:damage_dealt":11056,"minecraft:crouch_one_cm":309,"minecraft:interact_with_smoker":3,"minecraft:horse_one_cm":575,"minecraft:interact_with_smithing_table":1,"minecraft:mob_kills":109,"minecraft:interact_with_campfire":30,"minecraft:climb_one_cm":1231,"minecraft:walk_one_cm":1777731,"minecraft:sneak_time":810,"minecraft:walk_under_water_one_cm":65014,"minecraft:boat_one_cm":365611,"minecraft:total_world_time":620050,"minecraft:time_since_rest":5447,"minecraft:damage_taken":6629,"minecraft:swim_one_cm":176909,"minecraft:fly_one_cm":950697,"minecraft:open_chest":171,"minecraft:fall_one_cm":100645},"minecraft:used":{"minecraft:iron_shovel":160,"minecraft:chest":12,"minecraft:iron_sword":113,"minecraft:azure_bluet":1,"minecraft:spruce_boat":32,"minecraft:glass":58,"minecraft:magma_block":1,"minecraft:sweet_berries":46,"minecraft:furnace":19,"minecraft:oak_sapling":21,"minecraft:egg":11,"minecraft:potato":104,"minecraft:diorite":2,"minecraft:stone_pickaxe":1034,"minecraft:oak_planks":285,"minecraft:wooden_pickaxe":62,"minecraft:blue_bed":8,"minecraft:sugar_cane":74,"minecraft:sand":83,"minecraft:birch_fence_gate":2,"minecraft:bread":6,"minecraft:melon_slice":20,"minecraft:string":1,"minecraft:gravel":2,"minecraft:smithing_table":4,"minecraft:birch_log":3,"minecraft:andesite":1,"minecraft:bone_meal":10,"minecraft:oak_fence":80,"minecraft:flint_and_steel":3,"minecraft:stone_shovel":1612,"minecraft:wooden_shovel":39,"minecraft:cooked_salmon":8,"minecraft:stone_hoe":281,"minecraft:cooked_chicken":8,"minecraft:torch":139,"minecraft:dirt":638,"minecraft:spruce_fence":6,"minecraft:granite":47,"minecraft:oak_fence_gate":2,"minecraft:wooden_axe":27,"minecraft:iron_axe":1263,"minecraft:cooked_beef":13,"minecraft:acacia_planks":5,"minecraft:cobbled_deepslate":89,"minecraft:golden_axe":17,"minecraft:cooked_mutton":3,"minecraft:wheat_seeds":229,"minecraft:water_bucket":40,"minecraft:cobblestone_stairs":36,"minecraft:birch_planks":326,"minecraft:birch_boat":1,"minecraft:fletching_table":5,"minecraft:mossy_cobblestone":2,"minecraft:crafting_table":16,"minecraft:lime_bed":4,"minecraft:campfire":5,"minecraft:white_bed":10,"minecraft:spruce_log":9,"minecraft:smoker":1,"minecraft:oak_log":38,"minecraft:iron_pickaxe":984,"minecraft:spruce_sapling":1,"minecraft:stone_axe":353,"minecraft:cobblestone":191,"minecraft:purple_bed":5,"minecraft:cooked_porkchop":17,"minecraft:andesite_stairs":4,"minecraft:bucket":42,"minecraft:glass_pane":6,"minecraft:pumpkin_pie":1},"minecraft:dropped":{"minecraft:cracked_stone_bricks":2,"minecraft:dirt":38,"minecraft:gold_nugget":3,"minecraft:sand":15,"minecraft:gravel":38,"minecraft:golden_chestplate":1,"minecraft:cobbled_deepslate":20,"minecraft:birch_sapling":5,"minecraft:pointed_dripstone":4,"minecraft:rotten_flesh":7,"minecraft:fern":1,"minecraft:white_bed":1,"minecraft:charcoal":2,"minecraft:acacia_sapling":4,"minecraft:bread":20,"minecraft:wheat_seeds":15,"minecraft:mossy_cobblestone":4,"minecraft:cobblestone":33,"minecraft:granite":22,"minecraft:oxeye_daisy":1,"minecraft:diorite":6,"minecraft:wooden_axe":1,"minecraft:iron_axe":1,"minecraft:cactus":12,"minecraft:acacia_planks":4,"minecraft:spruce_sapling":4,"minecraft:dandelion":2,"minecraft:raw_copper":5,"minecraft:composter":2,"minecraft:light_gray_wool":2,"minecraft:pumpkin_seeds":3,"minecraft:oak_button":5,"minecraft:andesite":8,"minecraft:oak_sapling":1,"minecraft:wooden_pickaxe":3,"minecraft:black_wool":1},"minecraft:picked_up":{"minecraft:wooden_axe":2,"minecraft:seagrass":4,"minecraft:wheat":85,"minecraft:smithing_table":4,"minecraft:string":102,"minecraft:raw_copper":16,"minecraft:cooked_salmon":3,"minecraft:gold_nugget":3,"minecraft:cobbled_deepslate":292,"minecraft:spruce_planks":1,"minecraft:wooden_shovel":1,"minecraft:iron_pickaxe":3,"minecraft:melon_slice":265,"minecraft:furnace":12,"minecraft:stick":93,"minecraft:composter":4,"minecraft:oak_fence":9,"minecraft:torch":112,"minecraft:acacia_log":19,"minecraft:spruce_stairs":2,"minecraft:porkchop":31,"minecraft:pointed_dripstone":10,"minecraft:diorite":45,"minecraft:cactus":12,"minecraft:rotten_flesh":16,"minecraft:cobblestone":1025,"minecraft:birch_log":168,"minecraft:magma_block":9,"minecraft:feather":23,"minecraft:cooked_beef":21,"minecraft:water_bucket":1,"minecraft:andesite":158,"minecraft:potato":87,"minecraft:flint":29,"minecraft:tuff":12,"minecraft:dirt":1200,"minecraft:bone":7,"minecraft:acacia_planks":34,"minecraft:wheat_seeds":289,"minecraft:raw_gold":26,"minecraft:grindstone":3,"minecraft:fletching_table":5,"minecraft:oak_planks":80,"minecraft:stone_hoe":2,"minecraft:cooked_porkchop":9,"minecraft:poisonous_potato":2,"minecraft:sand":495,"minecraft:ink_sac":10,"minecraft:mossy_cobblestone":6,"minecraft:diamond":4,"minecraft:spruce_boat":29,"minecraft:granite":95,"minecraft:bone_meal":1,"minecraft:oak_sapling":64,"minecraft:netherrack":50,"minecraft:charcoal":4,"minecraft:crafting_table":9,"minecraft:azure_bluet":2,"minecraft:chicken":18,"minecraft:brown_mushroom":5,"minecraft:wooden_pickaxe":6,"minecraft:gold_block":1,"minecraft:iron_axe":1,"minecraft:cracked_stone_bricks":2,"minecraft:cartography_table":1,"minecraft:beef":41,"minecraft:iron_nugget":2,"minecraft:poppy":2,"minecraft:light_gray_wool":2,"minecraft:sugar_cane":228,"minecraft:chest":1,"minecraft:birch_sapling":12,"minecraft:egg":11,"minecraft:raw_iron":115,"minecraft:sandstone":2,"minecraft:redstone":35,"minecraft:arrow":8,"minecraft:stone_shovel":2,"minecraft:peony":1,"minecraft:mutton":57,"minecraft:white_wool":30,"minecraft:oxeye_daisy":4,"minecraft:lime_bed":5,"minecraft:salmon":8,"minecraft:leather":16,"minecraft:fern":1,"minecraft:birch_planks":61,"minecraft:oak_log":567,"minecraft:cobblestone_stairs":1,"minecraft:blue_bed":8,"minecraft:cooked_mutton":10,"minecraft:apple":12,"minecraft:iron_ingot":6,"minecraft:stone_pickaxe":3,"minecraft:cooked_chicken":3,"minecraft:acacia_sapling":4,"minecraft:iron_sword":3,"minecraft:book":12,"minecraft:pumpkin":20,"minecraft:sweet_berries":47,"minecraft:dandelion":44,"minecraft:dripstone_block":2,"minecraft:gravel":309,"minecraft:spruce_sapling":18,"minecraft:white_bed":6,"minecraft:spruce_log":180,"minecraft:spider_eye":10,"minecraft:pumpkin_seeds":2,"minecraft:purple_bed":5,"minecraft:stone_axe":3,"minecraft:black_wool":4,"minecraft:melon_seeds":18,"minecraft:coal":153},"minecraft:crafted":{"minecraft:oak_planks":1796,"minecraft:birch_boat":1,"minecraft:cooked_chicken":7,"minecraft:cobblestone_stairs":52,"minecraft:cooked_mutton":32,"minecraft:glass":134,"minecraft:iron_boots":1,"minecraft:birch_fence_gate":2,"minecraft:chest":12,"minecraft:oak_button":5,"minecraft:stone_hoe":8,"minecraft:oak_fence":78,"minecraft:smoker":1,"minecraft:wooden_shovel":1,"minecraft:emerald":178,"minecraft:cooked_porkchop":17,"minecraft:crafting_table":8,"minecraft:spruce_planks":428,"minecraft:wooden_pickaxe":4,"minecraft:iron_helmet":1,"minecraft:smithing_table":1,"minecraft:fletching_table":2,"minecraft:campfire":5,"minecraft:acacia_button":10,"minecraft:birch_planks":636,"minecraft:paper":108,"minecraft:iron_chestplate":1,"minecraft:emerald_block":9,"minecraft:stick":3256,"minecraft:iron_ingot":113,"minecraft:iron_pickaxe":4,"minecraft:andesite_stairs":4,"minecraft:gold_ingot":26,"minecraft:stone_shovel":16,"minecraft:furnace":10,"minecraft:bone_meal":9,"minecraft:spruce_fence":6,"minecraft:glass_pane":16,"minecraft:iron_axe":13,"minecraft:stone_pickaxe":11,"minecraft:spruce_boat":6,"minecraft:cooked_beef":22,"minecraft:iron_sword":1,"minecraft:cooked_salmon":8,"minecraft:bucket":2,"minecraft:stone_axe":3,"minecraft:bread":14,"minecraft:oak_fence_gate":2,"minecraft:wooden_axe":1,"minecraft:iron_shovel":1,"minecraft:iron_leggings":1,"minecraft:white_bed":5,"minecraft:acacia_planks":76,"minecraft:torch":148},"minecraft:killed_by":{"minecraft:cave_spider":10,"minecraft:zombie":2,"minecraft:skeleton":4},"minecraft:killed":{"minecraft:cave_spider":9,"minecraft:spider":2,"minecraft:skeleton":1,"minecraft:chicken":14,"minecraft:turtle":4,"minecraft:pig":15,"minecraft:salmon":8,"minecraft:creeper":1,"minecraft:sheep":29,"minecraft:zombie":2,"minecraft:cow":16,"minecraft:armadillo":1,"minecraft:drowned":2,"minecraft:squid":5}},"DataVersion":3955}