{"stats":{"minecraft:used":{"minecraft:wheat_seeds":27,"minecraft:stone_pickaxe":29,"minecraft:wooden_pickaxe":50,"minecraft:wooden_shovel":39,"minecraft:cooked_chicken":2,"minecraft:torch":9,"minecraft:dirt":14,"minecraft:sand":2,"minecraft:crafting_table":4,"minecraft:lime_bed":2,"minecraft:wooden_axe":27,"minecraft:melon_slice":10,"minecraft:stone_axe":95,"minecraft:furnace":3,"minecraft:cooked_beef":1,"minecraft:acacia_planks":3},"minecraft:picked_up":{"minecraft:wooden_axe":2,"minecraft:lime_bed":4,"minecraft:crafting_table":4,"minecraft:wheat":28,"minecraft:feather":12,"minecraft:cooked_beef":8,"minecraft:chicken":10,"minecraft:leather":12,"minecraft:wooden_pickaxe":3,"minecraft:flint":4,"minecraft:dirt":27,"minecraft:acacia_planks":34,"minecraft:gold_nugget":3,"minecraft:wheat_seeds":63,"minecraft:beef":15,"minecraft:cooked_chicken":1,"minecraft:wooden_shovel":1,"minecraft:melon_slice":208,"minecraft:sugar_cane":44,"minecraft:acacia_sapling":4,"minecraft:furnace":5,"minecraft:stick":2,"minecraft:composter":3,"minecraft:torch":1,"minecraft:acacia_log":19,"minecraft:gravel":50,"minecraft:porkchop":4,"minecraft:sand":30,"minecraft:pointed_dripstone":4,"minecraft:cactus":12,"minecraft:stone_axe":1,"minecraft:melon_seeds":18,"minecraft:black_wool":2,"minecraft:mutton":24,"minecraft:coal":56,"minecraft:white_wool":12,"minecraft:cobblestone":32},"minecraft:killed":{"minecraft:armadillo":1,"minecraft:pig":1,"minecraft:sheep":7,"minecraft:chicken":6,"minecraft:cow":6},"minecraft:killed_by":{"minecraft:skeleton":1},"minecraft:custom":{"minecraft:interact_with_furnace":15,"minecraft:mob_kills":21,"minecraft:interact_with_crafting_table":15,"minecraft:leave_game":2,"minecraft:time_since_death":14903,"minecraft:sleep_in_bed":5,"minecraft:time_since_rest":13059,"minecraft:sprint_one_cm":162749,"minecraft:damage_taken":410,"minecraft:walk_one_cm":123321,"minecraft:drop":17,"minecraft:damage_dealt":1656,"minecraft:swim_one_cm":21062,"minecraft:talked_to_villager":1,"minecraft:fly_one_cm":117092,"minecraft:open_chest":4,"minecraft:crouch_one_cm":16,"minecraft:play_time":51875,"minecraft:deaths":1,"minecraft:sneak_time":55,"minecraft:walk_under_water_one_cm":1642,"minecraft:jump":689,"minecraft:walk_on_water_one_cm":5627,"minecraft:total_world_time":51875,"minecraft:fall_one_cm":16083},"minecraft:dropped":{"minecraft:gravel":25,"minecraft:composter":2,"minecraft:cobblestone":2,"minecraft:dirt":4,"minecraft:wooden_axe":1,"minecraft:acacia_sapling":4,"minecraft:gold_nugget":3,"minecraft:wooden_pickaxe":2,"minecraft:cactus":12,"minecraft:acacia_planks":4,"minecraft:black_wool":1},"minecraft:mined":{"minecraft:acacia_leaves":1,"minecraft:attached_melon_stem":4,"minecraft:melon_stem":1,"minecraft:crafting_table":3,"minecraft:short_grass":53,"minecraft:acacia_log":21,"minecraft:grass_block":11,"minecraft:melon":24,"minecraft:tall_grass":6,"minecraft:sugar_cane":7,"minecraft:composter":1,"minecraft:wall_torch":1,"minecraft:lime_bed":3,"minecraft:furnace":3,"minecraft:wheat":15,"minecraft:pointed_dripstone":1,"minecraft:coal_ore":41,"minecraft:gravel":32,"minecraft:sand":16,"minecraft:dirt":7,"minecraft:stone":32},"minecraft:crafted":{"minecraft:cooked_beef":9,"minecraft:wooden_shovel":1,"minecraft:crafting_table":2,"minecraft:wooden_pickaxe":3,"minecraft:cooked_chicken":1,"minecraft:furnace":2,"minecraft:acacia_button":10,"minecraft:stone_axe":1,"minecraft:cooked_mutton":12,"minecraft:stick":48,"minecraft:stone_pickaxe":2,"minecraft:wooden_axe":1,"minecraft:acacia_planks":76,"minecraft:torch":8}},"DataVersion":3955}