{"stats":{"minecraft:crafted":{"minecraft:oak_planks":1672,"minecraft:stone_shovel":16,"minecraft:birch_boat":1,"minecraft:cooked_chicken":7,"minecraft:furnace":10,"minecraft:cobblestone_stairs":52,"minecraft:bone_meal":9,"minecraft:spruce_fence":6,"minecraft:cooked_mutton":32,"minecraft:glass_pane":16,"minecraft:glass":128,"minecraft:iron_boots":1,"minecraft:iron_axe":13,"minecraft:stone_pickaxe":11,"minecraft:chest":8,"minecraft:oak_button":5,"minecraft:spruce_boat":6,"minecraft:stone_hoe":8,"minecraft:oak_fence":78,"minecraft:smoker":1,"minecraft:cooked_beef":22,"minecraft:wooden_shovel":1,"minecraft:emerald":178,"minecraft:cooked_porkchop":17,"minecraft:iron_helmet":1,"minecraft:crafting_table":7,"minecraft:spruce_planks":428,"minecraft:wooden_pickaxe":4,"minecraft:iron_sword":1,"minecraft:smithing_table":1,"minecraft:cooked_salmon":8,"minecraft:fletching_table":2,"minecraft:birch_planks":612,"minecraft:bucket":2,"minecraft:acacia_button":10,"minecraft:stone_axe":3,"minecraft:oak_fence_gate":2,"minecraft:iron_chestplate":1,"minecraft:emerald_block":9,"minecraft:stick":3256,"minecraft:iron_ingot":113,"minecraft:wooden_axe":1,"minecraft:iron_pickaxe":3,"minecraft:andesite_stairs":4,"minecraft:iron_leggings":1,"minecraft:iron_shovel":1,"minecraft:gold_ingot":8,"minecraft:white_bed":2,"minecraft:acacia_planks":76,"minecraft:torch":148},"minecraft:used":{"minecraft:oak_fence":70,"minecraft:iron_shovel":160,"minecraft:stone_shovel":1400,"minecraft:chest":8,"minecraft:iron_sword":113,"minecraft:cooked_salmon":8,"minecraft:wooden_shovel":39,"minecraft:cooked_chicken":8,"minecraft:stone_hoe":225,"minecraft:torch":132,"minecraft:dirt":513,"minecraft:granite":18,"minecraft:spruce_fence":6,"minecraft:azure_bluet":1,"minecraft:oak_fence_gate":2,"minecraft:glass":6,"minecraft:spruce_boat":13,"minecraft:wooden_axe":27,"minecraft:iron_axe":987,"minecraft:sweet_berries":46,"minecraft:oak_sapling":20,"minecraft:furnace":19,"minecraft:egg":11,"minecraft:potato":20,"minecraft:cooked_beef":4,"minecraft:cobbled_deepslate":89,"minecraft:acacia_planks":5,"minecraft:cooked_mutton":3,"minecraft:wheat_seeds":114,"minecraft:water_bucket":35,"minecraft:diorite":2,"minecraft:cobblestone_stairs":36,"minecraft:birch_planks":315,"minecraft:stone_pickaxe":1034,"minecraft:oak_planks":262,"minecraft:sugar_cane":74,"minecraft:wooden_pickaxe":62,"minecraft:birch_boat":1,"minecraft:blue_bed":2,"minecraft:fletching_table":5,"minecraft:sand":65,"minecraft:mossy_cobblestone":2,"minecraft:lime_bed":4,"minecraft:crafting_table":14,"minecraft:white_bed":3,"minecraft:smoker":1,"minecraft:oak_log":34,"minecraft:iron_pickaxe":755,"minecraft:melon_slice":20,"minecraft:string":1,"minecraft:bread":6,"minecraft:gravel":2,"minecraft:stone_axe":353,"minecraft:purple_bed":1,"minecraft:cobblestone":191,"minecraft:andesite":1,"minecraft:smithing_table":4,"minecraft:cooked_porkchop":17,"minecraft:andesite_stairs":4,"minecraft:bucket":36,"minecraft:birch_log":3,"minecraft:glass_pane":6,"minecraft:pumpkin_pie":1,"minecraft:bone_meal":10},"minecraft:custom":{"minecraft:interact_with_smithing_table":1,"minecraft:mob_kills":79,"minecraft:animals_bred":4,"minecraft:interact_with_crafting_table":75,"minecraft:leave_game":7,"minecraft:time_since_death":364045,"minecraft:climb_one_cm":1231,"minecraft:sprint_one_cm":1138821,"minecraft:walk_one_cm":1450548,"minecraft:drop":75,"minecraft:talked_to_villager":63,"minecraft:play_time":513316,"minecraft:sneak_time":637,"minecraft:deaths":17,"minecraft:walk_under_water_one_cm":43146,"minecraft:boat_one_cm":48360,"minecraft:jump":4851,"minecraft:walk_on_water_one_cm":41629,"minecraft:total_world_time":513316,"minecraft:interact_with_furnace":112,"minecraft:traded_with_villager":128,"minecraft:sleep_in_bed":35,"minecraft:time_since_rest":25773,"minecraft:damage_taken":6353,"minecraft:damage_dealt":6811,"minecraft:swim_one_cm":133344,"minecraft:fly_one_cm":742908,"minecraft:open_chest":117,"minecraft:crouch_one_cm":309,"minecraft:fall_one_cm":84427,"minecraft:interact_with_smoker":3,"minecraft:horse_one_cm":575},"minecraft:broken":{"minecraft:stone_hoe":1,"minecraft:stone_pickaxe":6,"minecraft:iron_axe":3,"minecraft:stone_axe":2,"minecraft:iron_pickaxe":3,"minecraft:stone_shovel":10},"minecraft:dropped":{"minecraft:wheat_seeds":15,"minecraft:mossy_cobblestone":4,"minecraft:cobblestone":10,"minecraft:granite":22,"minecraft:oxeye_daisy":1,"minecraft:dirt":38,"minecraft:diorite":6,"minecraft:wooden_axe":1,"minecraft:gold_nugget":3,"minecraft:sand":10,"minecraft:cactus":12,"minecraft:acacia_planks":4,"minecraft:spruce_sapling":4,"minecraft:dandelion":2,"minecraft:gravel":38,"minecraft:cobbled_deepslate":20,"minecraft:raw_copper":5,"minecraft:birch_sapling":5,"minecraft:pointed_dripstone":4,"minecraft:composter":2,"minecraft:light_gray_wool":2,"minecraft:fern":1,"minecraft:pumpkin_seeds":3,"minecraft:white_bed":1,"minecraft:oak_button":5,"minecraft:charcoal":2,"minecraft:andesite":8,"minecraft:oak_sapling":1,"minecraft:acacia_sapling":4,"minecraft:wooden_pickaxe":3,"minecraft:black_wool":1},"minecraft:killed_by":{"minecraft:cave_spider":10,"minecraft:skeleton":4,"minecraft:zombie":2},"minecraft:killed":{"minecraft:armadillo":1,"minecraft:cave_spider":9,"minecraft:skeleton":1,"minecraft:chicken":12,"minecraft:pig":13,"minecraft:salmon":8,"minecraft:creeper":1,"minecraft:sheep":21,"minecraft:zombie":2,"minecraft:cow":11},"minecraft:picked_up":{"minecraft:wooden_axe":2,"minecraft:charcoal":2,"minecraft:crafting_table":8,"minecraft:wheat":42,"minecraft:azure_bluet":2,"minecraft:chicken":16,"minecraft:smithing_table":3,"minecraft:brown_mushroom":5,"minecraft:wooden_pickaxe":6,"minecraft:string":101,"minecraft:raw_copper":16,"minecraft:cooked_salmon":3,"minecraft:cartography_table":1,"minecraft:gold_nugget":3,"minecraft:cobbled_deepslate":236,"minecraft:spruce_planks":1,"minecraft:beef":28,"minecraft:iron_nugget":2,"minecraft:wooden_shovel":1,"minecraft:poppy":2,"minecraft:iron_pickaxe":3,"minecraft:light_gray_wool":2,"minecraft:melon_slice":208,"minecraft:sugar_cane":140,"minecraft:chest":1,"minecraft:birch_sapling":12,"minecraft:furnace":12,"minecraft:egg":11,"minecraft:stick":84,"minecraft:raw_iron":113,"minecraft:composter":4,"minecraft:oak_fence":9,"minecraft:torch":107,"minecraft:acacia_log":19,"minecraft:spruce_stairs":2,"minecraft:porkchop":26,"minecraft:pointed_dripstone":10,"minecraft:diorite":45,"minecraft:redstone":35,"minecraft:cactus":12,"minecraft:arrow":8,"minecraft:stone_shovel":2,"minecraft:rotten_flesh":13,"minecraft:peony":1,"minecraft:mutton":47,"minecraft:white_wool":22,"minecraft:cobblestone":1022,"minecraft:oxeye_daisy":4,"minecraft:birch_log":168,"minecraft:lime_bed":5,"minecraft:feather":20,"minecraft:cooked_beef":8,"minecraft:salmon":8,"minecraft:water_bucket":1,"minecraft:andesite":158,"minecraft:leather":14,"minecraft:fern":1,"minecraft:potato":3,"minecraft:birch_planks":57,"minecraft:flint":29,"minecraft:tuff":12,"minecraft:oak_log":456,"minecraft:cobblestone_stairs":1,"minecraft:blue_bed":2,"minecraft:dirt":995,"minecraft:bone":7,"minecraft:acacia_planks":34,"minecraft:apple":12,"minecraft:wheat_seeds":174,"minecraft:raw_gold":26,"minecraft:grindstone":3,"minecraft:iron_ingot":6,"minecraft:stone_pickaxe":3,"minecraft:cooked_chicken":1,"minecraft:fletching_table":4,"minecraft:iron_sword":3,"minecraft:stone_hoe":2,"minecraft:oak_planks":79,"minecraft:acacia_sapling":4,"minecraft:cooked_porkchop":5,"minecraft:pumpkin":19,"minecraft:sweet_berries":47,"minecraft:dandelion":44,"minecraft:dripstone_block":2,"minecraft:gravel":309,"minecraft:sand":472,"minecraft:spruce_sapling":17,"minecraft:ink_sac":3,"minecraft:white_bed":2,"minecraft:spruce_log":164,"minecraft:spider_eye":10,"minecraft:mossy_cobblestone":6,"minecraft:pumpkin_seeds":2,"minecraft:purple_bed":1,"minecraft:diamond":4,"minecraft:spruce_boat":12,"minecraft:stone_axe":3,"minecraft:granite":87,"minecraft:bone_meal":1,"minecraft:oak_sapling":47,"minecraft:melon_seeds":18,"minecraft:black_wool":4,"minecraft:coal":143},"minecraft:mined":{"minecraft:tuff":12,"minecraft:white_bed":2,"minecraft:spruce_planks":1,"minecraft:attached_melon_stem":4,"minecraft:farmland":10,"minecraft:oak_sapling":3,"minecraft:mossy_cobblestone":2,"minecraft:deepslate_diamond_ore":4,"minecraft:cobblestone_stairs":1,"minecraft:granite":89,"minecraft:acacia_log":21,"minecraft:grass_block":852,"minecraft:spruce_leaves":61,"minecraft:composter":2,"minecraft:cartography_table":1,"minecraft:oxeye_daisy":2,"minecraft:spawner":1,"minecraft:large_fern":20,"minecraft:tall_seagrass":1,"minecraft:redstone_ore":7,"minecraft:furnace":10,"minecraft:iron_ore":97,"minecraft:andesite":155,"minecraft:pumpkin":19,"minecraft:fletching_table":4,"minecraft:peony":1,"minecraft:azure_bluet":2,"minecraft:potatoes":1,"minecraft:pointed_dripstone":3,"minecraft:dirt_path":76,"minecraft:deepslate_iron_ore":17,"minecraft:stone":911,"minecraft:tripwire":1,"minecraft:smithing_table":3,"minecraft:deepslate_redstone_ore":1,"minecraft:acacia_leaves":1,"minecraft:brown_mushroom":6,"minecraft:glass_pane":8,"minecraft:melon_stem":1,"minecraft:dandelion":17,"minecraft:oak_fence":6,"minecraft:crafting_table":7,"minecraft:torch":21,"minecraft:short_grass":489,"minecraft:poppy":2,"minecraft:melon":24,"minecraft:chest":1,"minecraft:copper_ore":8,"minecraft:tall_grass":10,"minecraft:campfire":1,"minecraft:cobblestone":23,"minecraft:oak_planks":12,"minecraft:deepslate_gold_ore":20,"minecraft:lapis_ore":2,"minecraft:grindstone":3,"minecraft:sugar_cane":64,"minecraft:blue_bed":2,"minecraft:wall_torch":31,"minecraft:diorite":39,"minecraft:deepslate_copper_ore":2,"minecraft:spruce_stairs":2,"minecraft:seagrass":2,"minecraft:birch_planks":31,"minecraft:purple_bed":1,"minecraft:lime_bed":4,"minecraft:birch_log":164,"minecraft:sweet_berry_bush":20,"minecraft:wheat":37,"minecraft:spruce_log":169,"minecraft:birch_leaves":28,"minecraft:coal_ore":127,"minecraft:oak_log":458,"minecraft:gravel":200,"minecraft:dirt":135,"minecraft:sand":452,"minecraft:dripstone_block":2,"minecraft:cobweb":40,"minecraft:gold_ore":8,"minecraft:oak_leaves":227,"minecraft:deepslate":227,"minecraft:fern":21}},"DataVersion":3955}