{"stats":{"minecraft:mined":{"minecraft:white_bed":2,"minecraft:attached_melon_stem":4,"minecraft:oak_sapling":3,"minecraft:cobblestone_stairs":1,"minecraft:granite":52,"minecraft:acacia_log":21,"minecraft:grass_block":56,"minecraft:composter":1,"minecraft:oxeye_daisy":2,"minecraft:spawner":1,"minecraft:tall_seagrass":1,"minecraft:redstone_ore":7,"minecraft:furnace":10,"minecraft:iron_ore":38,"minecraft:andesite":35,"minecraft:azure_bluet":2,"minecraft:peony":1,"minecraft:pointed_dripstone":3,"minecraft:deepslate_iron_ore":2,"minecraft:stone":649,"minecraft:tripwire":1,"minecraft:deepslate_redstone_ore":1,"minecraft:acacia_leaves":1,"minecraft:brown_mushroom":6,"minecraft:melon_stem":1,"minecraft:dandelion":17,"minecraft:oak_fence":5,"minecraft:crafting_table":6,"minecraft:torch":9,"minecraft:short_grass":372,"minecraft:poppy":2,"minecraft:melon":24,"minecraft:copper_ore":5,"minecraft:tall_grass":10,"minecraft:cobblestone":10,"minecraft:sugar_cane":19,"minecraft:diorite":36,"minecraft:wall_torch":13,"minecraft:seagrass":2,"minecraft:lime_bed":4,"minecraft:birch_log":18,"minecraft:wheat":28,"minecraft:sweet_berry_bush":20,"minecraft:birch_leaves":2,"minecraft:oak_log":63,"minecraft:coal_ore":106,"minecraft:dripstone_block":2,"minecraft:gravel":78,"minecraft:sand":99,"minecraft:dirt":33,"minecraft:cobweb":40,"minecraft:gold_ore":8,"minecraft:oak_leaves":35,"minecraft:deepslate":76},"minecraft:broken":{"minecraft:stone_pickaxe":4,"minecraft:stone_axe":1,"minecraft:stone_shovel":1},"minecraft:custom":{"minecraft:mob_kills":77,"minecraft:animals_bred":4,"minecraft:interact_with_crafting_table":51,"minecraft:leave_game":5,"minecraft:time_since_death":95659,"minecraft:sprint_one_cm":633318,"minecraft:walk_one_cm":632901,"minecraft:drop":53,"minecraft:talked_to_villager":1,"minecraft:play_time":244930,"minecraft:sneak_time":458,"minecraft:deaths":17,"minecraft:walk_under_water_one_cm":34910,"minecraft:boat_one_cm":11383,"minecraft:jump":2700,"minecraft:walk_on_water_one_cm":23610,"minecraft:total_world_time":244930,"minecraft:interact_with_furnace":90,"minecraft:sleep_in_bed":16,"minecraft:time_since_rest":10226,"minecraft:damage_taken":5430,"minecraft:damage_dealt":6571,"minecraft:swim_one_cm":47671,"minecraft:fly_one_cm":404153,"minecraft:open_chest":31,"minecraft:crouch_one_cm":137,"minecraft:fall_one_cm":55068,"minecraft:interact_with_smoker":3,"minecraft:horse_one_cm":575},"minecraft:used":{"minecraft:oak_fence":37,"minecraft:stone_shovel":133,"minecraft:chest":2,"minecraft:iron_sword":112,"minecraft:cooked_salmon":8,"minecraft:wooden_shovel":39,"minecraft:cooked_chicken":2,"minecraft:stone_hoe":40,"minecraft:torch":60,"minecraft:dirt":34,"minecraft:granite":18,"minecraft:azure_bluet":1,"minecraft:oak_fence_gate":2,"minecraft:wooden_axe":27,"minecraft:sweet_berries":1,"minecraft:oak_sapling":20,"minecraft:furnace":14,"minecraft:egg":11,"minecraft:cooked_beef":4,"minecraft:cobbled_deepslate":3,"minecraft:acacia_planks":5,"minecraft:cooked_mutton":3,"minecraft:wheat_seeds":76,"minecraft:water_bucket":5,"minecraft:diorite":2,"minecraft:cobblestone_stairs":36,"minecraft:stone_pickaxe":817,"minecraft:oak_planks":2,"minecraft:wooden_pickaxe":62,"minecraft:birch_boat":1,"minecraft:sugar_cane":5,"minecraft:sand":20,"minecraft:lime_bed":4,"minecraft:crafting_table":11,"minecraft:white_bed":3,"minecraft:smoker":1,"minecraft:string":1,"minecraft:melon_slice":20,"minecraft:iron_pickaxe":231,"minecraft:gravel":2,"minecraft:stone_axe":260,"minecraft:cobblestone":175,"minecraft:cooked_porkchop":5,"minecraft:andesite_stairs":4,"minecraft:bucket":6,"minecraft:bone_meal":7},"minecraft:dropped":{"minecraft:wheat_seeds":11,"minecraft:cobblestone":3,"minecraft:oxeye_daisy":1,"minecraft:dirt":4,"minecraft:wooden_axe":1,"minecraft:gold_nugget":3,"minecraft:cactus":12,"minecraft:acacia_planks":4,"minecraft:dandelion":2,"minecraft:gravel":38,"minecraft:cobbled_deepslate":12,"minecraft:raw_copper":5,"minecraft:pointed_dripstone":4,"minecraft:composter":2,"minecraft:light_gray_wool":2,"minecraft:white_bed":1,"minecraft:andesite":8,"minecraft:acacia_sapling":4,"minecraft:wooden_pickaxe":3,"minecraft:black_wool":1},"minecraft:picked_up":{"minecraft:wooden_axe":2,"minecraft:crafting_table":7,"minecraft:wheat":37,"minecraft:azure_bluet":2,"minecraft:chicken":16,"minecraft:brown_mushroom":5,"minecraft:wooden_pickaxe":6,"minecraft:string":101,"minecraft:raw_copper":16,"minecraft:cooked_salmon":3,"minecraft:gold_nugget":3,"minecraft:cobbled_deepslate":81,"minecraft:beef":28,"minecraft:light_gray_wool":2,"minecraft:wooden_shovel":1,"minecraft:poppy":2,"minecraft:iron_pickaxe":3,"minecraft:melon_slice":208,"minecraft:sugar_cane":72,"minecraft:furnace":12,"minecraft:egg":11,"minecraft:stick":26,"minecraft:raw_iron":40,"minecraft:composter":3,"minecraft:oak_fence":8,"minecraft:torch":73,"minecraft:acacia_log":19,"minecraft:porkchop":26,"minecraft:pointed_dripstone":10,"minecraft:diorite":36,"minecraft:redstone":35,"minecraft:arrow":7,"minecraft:cactus":12,"minecraft:rotten_flesh":9,"minecraft:stone_shovel":2,"minecraft:peony":1,"minecraft:mutton":47,"minecraft:cobblestone":781,"minecraft:white_wool":22,"minecraft:oxeye_daisy":4,"minecraft:birch_log":18,"minecraft:lime_bed":5,"minecraft:feather":20,"minecraft:cooked_beef":8,"minecraft:andesite":40,"minecraft:water_bucket":1,"minecraft:salmon":8,"minecraft:leather":14,"minecraft:birch_planks":26,"minecraft:flint":18,"minecraft:oak_log":63,"minecraft:cobblestone_stairs":1,"minecraft:dirt":96,"minecraft:bone":6,"minecraft:acacia_planks":34,"minecraft:apple":3,"minecraft:wheat_seeds":132,"minecraft:raw_gold":8,"minecraft:iron_ingot":6,"minecraft:stone_pickaxe":3,"minecraft:cooked_chicken":1,"minecraft:acacia_sapling":4,"minecraft:stone_hoe":2,"minecraft:iron_sword":3,"minecraft:oak_planks":67,"minecraft:cooked_porkchop":5,"minecraft:sweet_berries":46,"minecraft:dandelion":44,"minecraft:dripstone_block":2,"minecraft:gravel":197,"minecraft:sand":112,"minecraft:white_bed":2,"minecraft:spider_eye":10,"minecraft:stone_axe":3,"minecraft:granite":53,"minecraft:bone_meal":1,"minecraft:oak_sapling":21,"minecraft:melon_seeds":18,"minecraft:black_wool":4,"minecraft:coal":122},"minecraft:crafted":{"minecraft:oak_planks":236,"minecraft:stone_shovel":1,"minecraft:birch_boat":1,"minecraft:cooked_chicken":7,"minecraft:furnace":10,"minecraft:cobblestone_stairs":52,"minecraft:bone_meal":6,"minecraft:cooked_mutton":32,"minecraft:stone_pickaxe":11,"minecraft:chest":2,"minecraft:stone_hoe":1,"minecraft:oak_fence":36,"minecraft:smoker":1,"minecraft:cooked_beef":22,"minecraft:wooden_shovel":1,"minecraft:cooked_porkchop":17,"minecraft:crafting_table":6,"minecraft:wooden_pickaxe":4,"minecraft:iron_sword":1,"minecraft:cooked_salmon":8,"minecraft:bucket":1,"minecraft:birch_planks":40,"minecraft:acacia_button":10,"minecraft:stone_axe":3,"minecraft:oak_fence_gate":2,"minecraft:stick":120,"minecraft:iron_ingot":23,"minecraft:iron_pickaxe":1,"minecraft:andesite_stairs":4,"minecraft:wooden_axe":1,"minecraft:gold_ingot":8,"minecraft:white_bed":2,"minecraft:acacia_planks":76,"minecraft:torch":88},"minecraft:killed_by":{"minecraft:cave_spider":10,"minecraft:skeleton":4,"minecraft:zombie":2},"minecraft:killed":{"minecraft:armadillo":1,"minecraft:cave_spider":9,"minecraft:skeleton":1,"minecraft:chicken":12,"minecraft:pig":13,"minecraft:salmon":8,"minecraft:sheep":21,"minecraft:zombie":1,"minecraft:cow":11}},"DataVersion":3955}