{"stats":{"minecraft:mined":{"minecraft:spruce_planks":1,"minecraft:attached_melon_stem":4,"minecraft:white_bed":5,"minecraft:oak_sapling":3,"minecraft:farmland":10,"minecraft:cobblestone_stairs":1,"minecraft:granite":97,"minecraft:acacia_log":21,"minecraft:grass_block":874,"minecraft:composter":2,"minecraft:oxeye_daisy":2,"minecraft:spawner":1,"minecraft:tall_seagrass":1,"minecraft:magma_block":12,"minecraft:iron_ore":97,"minecraft:cobbled_deepslate":58,"minecraft:pumpkin":20,"minecraft:fletching_table":5,"minecraft:azure_bluet":2,"minecraft:pointed_dripstone":3,"minecraft:dirt_path":76,"minecraft:tripwire":1,"minecraft:deepslate_redstone_ore":1,"minecraft:brown_mushroom":6,"minecraft:melon_stem":1,"minecraft:torch":24,"minecraft:poppy":2,"minecraft:melon":24,"minecraft:chest":1,"minecraft:glass":4,"minecraft:cobblestone":24,"minecraft:grindstone":3,"minecraft:sugar_cane":111,"minecraft:oak_planks":13,"minecraft:wall_torch":31,"minecraft:deepslate_copper_ore":2,"minecraft:seagrass":2,"minecraft:birch_log":164,"minecraft:wheat":75,"minecraft:oak_log":560,"minecraft:sand":478,"minecraft:dirt":319,"minecraft:netherrack":116,"minecraft:oak_leaves":256,"minecraft:deepslate":227,"minecraft:tuff":12,"minecraft:mossy_cobblestone":2,"minecraft:deepslate_diamond_ore":4,"minecraft:spruce_leaves":69,"minecraft:cartography_table":1,"minecraft:sandstone":3,"minecraft:large_fern":22,"minecraft:redstone_ore":7,"minecraft:furnace":10,"minecraft:andesite":155,"minecraft:peony":1,"minecraft:gold_block":1,"minecraft:bookshelf":4,"minecraft:potatoes":20,"minecraft:deepslate_iron_ore":17,"minecraft:stone":912,"minecraft:smithing_table":4,"minecraft:acacia_leaves":1,"minecraft:glass_pane":8,"minecraft:dandelion":17,"minecraft:oak_fence":6,"minecraft:crafting_table":7,"minecraft:short_grass":492,"minecraft:campfire":2,"minecraft:tall_grass":10,"minecraft:copper_ore":8,"minecraft:lapis_ore":2,"minecraft:deepslate_gold_ore":20,"minecraft:diorite":39,"minecraft:blue_bed":8,"minecraft:spruce_stairs":2,"minecraft:birch_planks":35,"minecraft:purple_bed":5,"minecraft:lime_bed":4,"minecraft:sweet_berry_bush":20,"minecraft:spruce_log":173,"minecraft:birch_leaves":31,"minecraft:coal_ore":127,"minecraft:gravel":200,"minecraft:dripstone_block":2,"minecraft:cobweb":40,"minecraft:cracked_stone_bricks":2,"minecraft:gold_ore":8,"minecraft:fern":21},"minecraft:broken":{"minecraft:stone_pickaxe":6,"minecraft:stone_axe":2,"minecraft:stone_shovel":11,"minecraft:stone_hoe":1,"minecraft:iron_axe":4,"minecraft:iron_pickaxe":3},"minecraft:custom":{"minecraft:animals_bred":5,"minecraft:interact_with_crafting_table":80,"minecraft:leave_game":7,"minecraft:time_since_death":428779,"minecraft:sprint_one_cm":1285451,"minecraft:drop":100,"minecraft:talked_to_villager":65,"minecraft:play_time":578050,"minecraft:deaths":17,"minecraft:jump":5340,"minecraft:walk_on_water_one_cm":46270,"minecraft:interact_with_furnace":123,"minecraft:traded_with_villager":128,"minecraft:sleep_in_bed":40,"minecraft:damage_dealt":7467,"minecraft:crouch_one_cm":309,"minecraft:interact_with_smoker":3,"minecraft:horse_one_cm":575,"minecraft:interact_with_smithing_table":1,"minecraft:mob_kills":83,"minecraft:climb_one_cm":1231,"minecraft:walk_one_cm":1708192,"minecraft:sneak_time":697,"minecraft:walk_under_water_one_cm":49472,"minecraft:boat_one_cm":141173,"minecraft:total_world_time":578050,"minecraft:time_since_rest":2538,"minecraft:damage_taken":6463,"minecraft:swim_one_cm":144237,"minecraft:fly_one_cm":857389,"minecraft:open_chest":153,"minecraft:fall_one_cm":90264},"minecraft:used":{"minecraft:iron_shovel":160,"minecraft:chest":8,"minecraft:iron_sword":113,"minecraft:azure_bluet":1,"minecraft:spruce_boat":28,"minecraft:glass":58,"minecraft:magma_block":1,"minecraft:sweet_berries":46,"minecraft:furnace":19,"minecraft:oak_sapling":20,"minecraft:egg":11,"minecraft:potato":93,"minecraft:diorite":2,"minecraft:stone_pickaxe":1034,"minecraft:oak_planks":285,"minecraft:wooden_pickaxe":62,"minecraft:blue_bed":8,"minecraft:sugar_cane":74,"minecraft:sand":83,"minecraft:birch_fence_gate":2,"minecraft:bread":6,"minecraft:melon_slice":20,"minecraft:string":1,"minecraft:gravel":2,"minecraft:smithing_table":4,"minecraft:birch_log":3,"minecraft:andesite":1,"minecraft:bone_meal":10,"minecraft:oak_fence":80,"minecraft:stone_shovel":1612,"minecraft:wooden_shovel":39,"minecraft:cooked_salmon":8,"minecraft:stone_hoe":281,"minecraft:cooked_chicken":8,"minecraft:torch":136,"minecraft:dirt":638,"minecraft:spruce_fence":6,"minecraft:granite":35,"minecraft:oak_fence_gate":2,"minecraft:wooden_axe":27,"minecraft:iron_axe":1159,"minecraft:cooked_beef":9,"minecraft:acacia_planks":5,"minecraft:cobbled_deepslate":89,"minecraft:cooked_mutton":3,"minecraft:wheat_seeds":213,"minecraft:water_bucket":40,"minecraft:cobblestone_stairs":36,"minecraft:birch_planks":326,"minecraft:birch_boat":1,"minecraft:fletching_table":5,"minecraft:mossy_cobblestone":2,"minecraft:crafting_table":14,"minecraft:lime_bed":4,"minecraft:white_bed":8,"minecraft:spruce_log":9,"minecraft:smoker":1,"minecraft:oak_log":38,"minecraft:iron_pickaxe":968,"minecraft:spruce_sapling":1,"minecraft:stone_axe":353,"minecraft:cobblestone":191,"minecraft:purple_bed":4,"minecraft:cooked_porkchop":17,"minecraft:andesite_stairs":4,"minecraft:bucket":42,"minecraft:glass_pane":6,"minecraft:pumpkin_pie":1},"minecraft:dropped":{"minecraft:cracked_stone_bricks":2,"minecraft:dirt":38,"minecraft:gold_nugget":3,"minecraft:sand":15,"minecraft:gravel":38,"minecraft:cobbled_deepslate":20,"minecraft:birch_sapling":5,"minecraft:pointed_dripstone":4,"minecraft:rotten_flesh":7,"minecraft:fern":1,"minecraft:white_bed":1,"minecraft:charcoal":2,"minecraft:acacia_sapling":4,"minecraft:bread":20,"minecraft:wheat_seeds":15,"minecraft:mossy_cobblestone":4,"minecraft:cobblestone":31,"minecraft:granite":22,"minecraft:oxeye_daisy":1,"minecraft:diorite":6,"minecraft:wooden_axe":1,"minecraft:iron_axe":1,"minecraft:cactus":12,"minecraft:acacia_planks":4,"minecraft:spruce_sapling":4,"minecraft:dandelion":2,"minecraft:raw_copper":5,"minecraft:composter":2,"minecraft:light_gray_wool":2,"minecraft:pumpkin_seeds":3,"minecraft:oak_button":5,"minecraft:andesite":8,"minecraft:oak_sapling":1,"minecraft:wooden_pickaxe":3,"minecraft:black_wool":1},"minecraft:picked_up":{"minecraft:wooden_axe":2,"minecraft:wheat":80,"minecraft:smithing_table":4,"minecraft:string":102,"minecraft:raw_copper":16,"minecraft:cooked_salmon":3,"minecraft:gold_nugget":3,"minecraft:cobbled_deepslate":292,"minecraft:spruce_planks":1,"minecraft:wooden_shovel":1,"minecraft:iron_pickaxe":3,"minecraft:melon_slice":208,"minecraft:furnace":12,"minecraft:stick":91,"minecraft:composter":4,"minecraft:oak_fence":9,"minecraft:torch":110,"minecraft:acacia_log":19,"minecraft:spruce_stairs":2,"minecraft:porkchop":26,"minecraft:pointed_dripstone":10,"minecraft:diorite":45,"minecraft:cactus":12,"minecraft:rotten_flesh":16,"minecraft:cobblestone":1023,"minecraft:birch_log":168,"minecraft:magma_block":9,"minecraft:feather":20,"minecraft:cooked_beef":8,"minecraft:water_bucket":1,"minecraft:andesite":158,"minecraft:potato":76,"minecraft:flint":29,"minecraft:tuff":12,"minecraft:dirt":1200,"minecraft:bone":7,"minecraft:acacia_planks":34,"minecraft:wheat_seeds":273,"minecraft:raw_gold":26,"minecraft:grindstone":3,"minecraft:fletching_table":5,"minecraft:oak_planks":80,"minecraft:stone_hoe":2,"minecraft:cooked_porkchop":5,"minecraft:poisonous_potato":2,"minecraft:sand":495,"minecraft:ink_sac":4,"minecraft:mossy_cobblestone":6,"minecraft:diamond":4,"minecraft:spruce_boat":24,"minecraft:granite":93,"minecraft:bone_meal":1,"minecraft:oak_sapling":63,"minecraft:netherrack":50,"minecraft:charcoal":2,"minecraft:crafting_table":8,"minecraft:azure_bluet":2,"minecraft:chicken":16,"minecraft:brown_mushroom":5,"minecraft:wooden_pickaxe":6,"minecraft:gold_block":1,"minecraft:iron_axe":1,"minecraft:cracked_stone_bricks":2,"minecraft:cartography_table":1,"minecraft:beef":28,"minecraft:iron_nugget":2,"minecraft:poppy":2,"minecraft:light_gray_wool":2,"minecraft:sugar_cane":228,"minecraft:chest":1,"minecraft:birch_sapling":12,"minecraft:egg":11,"minecraft:raw_iron":113,"minecraft:sandstone":2,"minecraft:redstone":35,"minecraft:arrow":8,"minecraft:stone_shovel":2,"minecraft:peony":1,"minecraft:mutton":47,"minecraft:white_wool":22,"minecraft:oxeye_daisy":4,"minecraft:lime_bed":5,"minecraft:salmon":8,"minecraft:leather":14,"minecraft:fern":1,"minecraft:birch_planks":61,"minecraft:oak_log":556,"minecraft:cobblestone_stairs":1,"minecraft:blue_bed":8,"minecraft:apple":12,"minecraft:iron_ingot":6,"minecraft:stone_pickaxe":3,"minecraft:cooked_chicken":1,"minecraft:acacia_sapling":4,"minecraft:iron_sword":3,"minecraft:book":12,"minecraft:pumpkin":20,"minecraft:sweet_berries":47,"minecraft:dandelion":44,"minecraft:dripstone_block":2,"minecraft:gravel":309,"minecraft:spruce_sapling":18,"minecraft:white_bed":5,"minecraft:spruce_log":167,"minecraft:spider_eye":10,"minecraft:pumpkin_seeds":2,"minecraft:purple_bed":5,"minecraft:stone_axe":3,"minecraft:black_wool":4,"minecraft:melon_seeds":18,"minecraft:coal":143},"minecraft:crafted":{"minecraft:oak_planks":1764,"minecraft:birch_boat":1,"minecraft:cooked_chicken":7,"minecraft:cobblestone_stairs":52,"minecraft:cooked_mutton":32,"minecraft:glass":134,"minecraft:iron_boots":1,"minecraft:birch_fence_gate":2,"minecraft:chest":8,"minecraft:oak_button":5,"minecraft:stone_hoe":8,"minecraft:oak_fence":78,"minecraft:smoker":1,"minecraft:wooden_shovel":1,"minecraft:emerald":178,"minecraft:cooked_porkchop":17,"minecraft:crafting_table":7,"minecraft:spruce_planks":428,"minecraft:wooden_pickaxe":4,"minecraft:iron_helmet":1,"minecraft:smithing_table":1,"minecraft:fletching_table":2,"minecraft:acacia_button":10,"minecraft:birch_planks":636,"minecraft:paper":108,"minecraft:iron_chestplate":1,"minecraft:emerald_block":9,"minecraft:stick":3256,"minecraft:iron_ingot":113,"minecraft:iron_pickaxe":4,"minecraft:andesite_stairs":4,"minecraft:gold_ingot":26,"minecraft:stone_shovel":16,"minecraft:furnace":10,"minecraft:bone_meal":9,"minecraft:spruce_fence":6,"minecraft:glass_pane":16,"minecraft:iron_axe":13,"minecraft:stone_pickaxe":11,"minecraft:spruce_boat":6,"minecraft:cooked_beef":22,"minecraft:iron_sword":1,"minecraft:cooked_salmon":8,"minecraft:bucket":2,"minecraft:stone_axe":3,"minecraft:bread":14,"minecraft:oak_fence_gate":2,"minecraft:wooden_axe":1,"minecraft:iron_shovel":1,"minecraft:iron_leggings":1,"minecraft:white_bed":4,"minecraft:acacia_planks":76,"minecraft:torch":148},"minecraft:killed_by":{"minecraft:cave_spider":10,"minecraft:zombie":2,"minecraft:skeleton":4},"minecraft:killed":{"minecraft:cave_spider":9,"minecraft:spider":2,"minecraft:skeleton":1,"minecraft:chicken":12,"minecraft:pig":13,"minecraft:salmon":8,"minecraft:creeper":1,"minecraft:sheep":21,"minecraft:zombie":2,"minecraft:cow":11,"minecraft:armadillo":1,"minecraft:drowned":1,"minecraft:squid":1}},"DataVersion":3955}