{"stats":{"minecraft:crafted":{"minecraft:smooth_stone":38,"minecraft:oak_planks":4476,"minecraft:dark_oak_boat":3,"minecraft:birch_boat":1,"minecraft:cooked_chicken":7,"minecraft:birch_slab":12,"minecraft:stone":270,"minecraft:cobblestone_stairs":52,"minecraft:diamond_shovel":1,"minecraft:bookshelf":7,"minecraft:cooked_mutton":35,"minecraft:dark_oak_door":3,"minecraft:glass":134,"minecraft:diamond_leggings":1,"minecraft:diamond_helmet":2,"minecraft:bow":1,"minecraft:iron_boots":1,"minecraft:birch_fence_gate":2,"minecraft:chest":25,"minecraft:oak_button":5,"minecraft:stone_hoe":8,"minecraft:stone_bricks":212,"minecraft:oak_fence":78,"minecraft:smoker":1,"minecraft:wooden_shovel":1,"minecraft:emerald":433,"minecraft:arrow":64,"minecraft:cooked_porkchop":17,"minecraft:diamond_axe":1,"minecraft:crafting_table":15,"minecraft:spruce_planks":2924,"minecraft:wooden_pickaxe":4,"minecraft:iron_helmet":1,"minecraft:smithing_table":1,"minecraft:fletching_table":7,"minecraft:acacia_button":10,"minecraft:birch_planks":1648,"minecraft:campfire":10,"minecraft:cartography_table":1,"minecraft:stone_brick_stairs":44,"minecraft:lectern":7,"minecraft:iron_chestplate":1,"minecraft:book":16,"minecraft:paper":381,"minecraft:diamond_pickaxe":2,"minecraft:emerald_block":9,"minecraft:shield":2,"minecraft:stick":11188,"minecraft:iron_ingot":352,"minecraft:iron_pickaxe":6,"minecraft:andesite_stairs":4,"minecraft:iron_block":13,"minecraft:gold_ingot":55,"minecraft:shears":1,"minecraft:stone_shovel":16,"minecraft:furnace":12,"minecraft:blast_furnace":2,"minecraft:bone_meal":9,"minecraft:spruce_fence":234,"minecraft:glass_pane":16,"minecraft:oak_trapdoor":2,"minecraft:spruce_stairs":20,"minecraft:iron_axe":14,"minecraft:ladder":6,"minecraft:spruce_slab":78,"minecraft:stone_pickaxe":11,"minecraft:chiseled_bookshelf":1,"minecraft:diamond_boots":1,"minecraft:spruce_boat":6,"minecraft:dark_oak_planks":36,"minecraft:cooked_beef":22,"minecraft:diamond_sword":2,"minecraft:iron_sword":1,"minecraft:cooked_salmon":8,"minecraft:bucket":4,"minecraft:stone_axe":3,"minecraft:enchanted_book":9,"minecraft:bread":69,"minecraft:oak_fence_gate":2,"minecraft:oak_boat":2,"minecraft:golden_apple":2,"minecraft:gold_nugget":63,"minecraft:wooden_axe":1,"minecraft:iron_shovel":1,"minecraft:iron_leggings":1,"minecraft:anvil":1,"minecraft:white_bed":41,"minecraft:acacia_planks":76,"minecraft:torch":348,"minecraft:diamond_chestplate":1},"minecraft:used":{"minecraft:iron_shovel":249,"minecraft:spruce_slab":24,"minecraft:ladder":6,"minecraft:shield":40,"minecraft:chest":26,"minecraft:stone":2,"minecraft:iron_sword":169,"minecraft:carrot":144,"minecraft:azure_bluet":1,"minecraft:obsidian":12,"minecraft:spruce_boat":43,"minecraft:glass":58,"minecraft:lava_bucket":1,"minecraft:birch_sapling":17,"minecraft:stone_brick_stairs":51,"minecraft:stone_bricks":167,"minecraft:magma_block":1,"minecraft:bow":14,"minecraft:dark_oak_boat":7,"minecraft:sweet_berries":57,"minecraft:oak_sapling":73,"minecraft:furnace":23,"minecraft:egg":69,"minecraft:potato":543,"minecraft:diorite":3,"minecraft:stone_pickaxe":1034,"minecraft:oak_planks":497,"minecraft:wooden_pickaxe":62,"minecraft:sugar_cane":89,"minecraft:diamond_axe":939,"minecraft:blue_bed":8,"minecraft:white_wool":5,"minecraft:golden_apple":2,"minecraft:sand":83,"minecraft:blast_furnace":6,"minecraft:shears":3,"minecraft:brown_wool":2,"minecraft:birch_fence_gate":2,"minecraft:melon_slice":20,"minecraft:string":1,"minecraft:bread":6,"minecraft:lectern":102,"minecraft:gravel":2,"minecraft:diamond_sword":94,"minecraft:smithing_table":4,"minecraft:andesite":1,"minecraft:birch_log":7,"minecraft:oak_boat":9,"minecraft:bone_meal":10,"minecraft:oak_fence":82,"minecraft:oak_trapdoor":3,"minecraft:flint_and_steel":20,"minecraft:carved_pumpkin":3,"minecraft:stone_shovel":1816,"minecraft:spruce_planks":403,"minecraft:wooden_shovel":39,"minecraft:cooked_salmon":8,"minecraft:stone_hoe":312,"minecraft:cooked_chicken":10,"minecraft:torch":387,"minecraft:dirt":1017,"minecraft:anvil":1,"minecraft:spruce_stairs":22,"minecraft:granite":55,"minecraft:spruce_fence":242,"minecraft:oak_fence_gate":2,"minecraft:dark_oak_planks":6,"minecraft:wooden_axe":27,"minecraft:iron_block":9,"minecraft:iron_axe":3181,"minecraft:cooked_beef":36,"minecraft:cobbled_deepslate":100,"minecraft:acacia_planks":5,"minecraft:pumpkin":3,"minecraft:golden_axe":17,"minecraft:cooked_mutton":76,"minecraft:wheat_seeds":598,"minecraft:water_bucket":43,"minecraft:chiseled_bookshelf":1,"minecraft:cobblestone_stairs":36,"minecraft:birch_planks":1257,"minecraft:baked_potato":52,"minecraft:cartography_table":2,"minecraft:birch_boat":1,"minecraft:fletching_table":17,"minecraft:mossy_cobblestone":2,"minecraft:lime_bed":4,"minecraft:crafting_table":26,"minecraft:white_bed":77,"minecraft:campfire":10,"minecraft:spruce_log":25,"minecraft:book":3,"minecraft:smoker":1,"minecraft:dark_oak_door":3,"minecraft:oak_log":85,"minecraft:diamond_pickaxe":1016,"minecraft:diamond_shovel":51,"minecraft:iron_pickaxe":1508,"minecraft:spruce_sapling":37,"minecraft:stone_axe":353,"minecraft:cobblestone":209,"minecraft:purple_bed":5,"minecraft:cooked_porkchop":21,"minecraft:andesite_stairs":4,"minecraft:bucket":47,"minecraft:glass_pane":6,"minecraft:pumpkin_pie":1,"minecraft:smooth_stone":6},"minecraft:custom":{"minecraft:animals_bred":179,"minecraft:interact_with_crafting_table":222,"minecraft:leave_game":15,"minecraft:time_since_death":197269,"minecraft:sprint_one_cm":3321191,"minecraft:damage_blocked_by_shield":2595,"minecraft:drop":1008,"minecraft:talked_to_villager":289,"minecraft:play_time":1484547,"minecraft:deaths":24,"minecraft:jump":11532,"minecraft:walk_on_water_one_cm":105264,"minecraft:interact_with_furnace":232,"minecraft:traded_with_villager":396,"minecraft:sleep_in_bed":85,"minecraft:damage_dealt":28726,"minecraft:crouch_one_cm":716,"minecraft:interact_with_smoker":4,"minecraft:horse_one_cm":575,"minecraft:interact_with_smithing_table":1,"minecraft:interact_with_anvil":13,"minecraft:mob_kills":229,"minecraft:interact_with_campfire":163,"minecraft:climb_one_cm":13825,"minecraft:walk_one_cm":4109768,"minecraft:sneak_time":3012,"minecraft:walk_under_water_one_cm":126316,"minecraft:boat_one_cm":852960,"minecraft:interact_with_blast_furnace":15,"minecraft:total_world_time":1484547,"minecraft:time_since_rest":28155,"minecraft:damage_absorbed":80,"minecraft:damage_taken":17209,"minecraft:swim_one_cm":255407,"minecraft:fly_one_cm":1917385,"minecraft:open_chest":726,"minecraft:fall_one_cm":195881},"minecraft:broken":{"minecraft:iron_shovel":1,"minecraft:iron_boots":1,"minecraft:iron_leggings":1,"minecraft:stone_pickaxe":6,"minecraft:stone_axe":2,"minecraft:stone_shovel":12,"minecraft:stone_hoe":1,"minecraft:golden_axe":1,"minecraft:iron_axe":13,"minecraft:iron_pickaxe":6,"minecraft:iron_helmet":1},"minecraft:dropped":{"minecraft:birch_planks":3,"minecraft:diamond_axe":1,"minecraft:cooked_beef":4,"minecraft:baked_potato":8,"minecraft:crafting_table":1,"minecraft:cracked_stone_bricks":2,"minecraft:birch_slab":8,"minecraft:dirt":39,"minecraft:seagrass":4,"minecraft:gold_nugget":3,"minecraft:sand":143,"minecraft:dark_oak_boat":2,"minecraft:gravel":51,"minecraft:sugar_cane":3,"minecraft:golden_chestplate":1,"minecraft:cobbled_deepslate":161,"minecraft:birch_sapling":6,"minecraft:pointed_dripstone":4,"minecraft:rotten_flesh":27,"minecraft:fern":1,"minecraft:white_bed":1,"minecraft:carrot":153,"minecraft:gunpowder":2,"minecraft:charcoal":2,"minecraft:acacia_sapling":4,"minecraft:spruce_slab":6,"minecraft:arrow":8,"minecraft:lectern":2,"minecraft:egg":21,"minecraft:bread":59,"minecraft:wheat_seeds":64,"minecraft:mossy_cobblestone":4,"minecraft:poisonous_potato":1,"minecraft:cobblestone":118,"minecraft:granite":102,"minecraft:oxeye_daisy":1,"minecraft:diorite":54,"minecraft:wooden_axe":1,"minecraft:iron_axe":1,"minecraft:cactus":12,"minecraft:smooth_stone":6,"minecraft:bucket":1,"minecraft:acacia_planks":4,"minecraft:spruce_sapling":4,"minecraft:dandelion":2,"minecraft:kelp":21,"minecraft:sweet_berries":18,"minecraft:raw_copper":37,"minecraft:tuff":15,"minecraft:composter":2,"minecraft:stone_shovel":2,"minecraft:light_gray_wool":2,"minecraft:pumpkin_seeds":3,"minecraft:potato":526,"minecraft:stone":3,"minecraft:shield":1,"minecraft:oak_button":5,"minecraft:diamond_pickaxe":1,"minecraft:andesite":49,"minecraft:oak_sapling":23,"minecraft:spider_eye":1,"minecraft:sandstone":46,"minecraft:wooden_pickaxe":3,"minecraft:black_wool":1},"minecraft:killed_by":{"minecraft:creeper":3,"minecraft:cave_spider":10,"minecraft:zombie":3,"minecraft:enderman":1,"minecraft:skeleton":6},"minecraft:killed":{"minecraft:cave_spider":9,"minecraft:spider":11,"minecraft:skeleton":17,"minecraft:chicken":17,"minecraft:turtle":4,"minecraft:wolf":1,"minecraft:pig":17,"minecraft:salmon":8,"minecraft:creeper":4,"minecraft:sheep":57,"minecraft:trader_llama":1,"minecraft:zombie":34,"minecraft:cow":23,"minecraft:armadillo":1,"minecraft:drowned":11,"minecraft:wandering_trader":2,"minecraft:squid":5},"minecraft:picked_up":{"minecraft:wooden_axe":2,"minecraft:seagrass":12,"minecraft:iron_chestplate":4,"minecraft:wheat":559,"minecraft:smithing_table":4,"minecraft:lead":7,"minecraft:diamond_sword":2,"minecraft:stone_brick_stairs":7,"minecraft:string":125,"minecraft:raw_copper":48,"minecraft:cooked_salmon":3,"minecraft:iron_leggings":4,"minecraft:cobbled_deepslate":678,"minecraft:smooth_stone":54,"minecraft:gold_nugget":3,"minecraft:spruce_planks":140,"minecraft:wooden_shovel":1,"minecraft:iron_pickaxe":4,"minecraft:melon_slice":322,"minecraft:iron_boots":4,"minecraft:furnace":16,"minecraft:stick":631,"minecraft:composter":4,"minecraft:oak_fence":11,"minecraft:torch":216,"minecraft:acacia_log":19,"minecraft:spruce_stairs":7,"minecraft:porkchop":33,"minecraft:pointed_dripstone":10,"minecraft:diorite":105,"minecraft:rabbit_foot":1,"minecraft:cactus":12,"minecraft:rotten_flesh":121,"minecraft:iron_block":6,"minecraft:carved_pumpkin":4,"minecraft:obsidian":14,"minecraft:cobblestone":1773,"minecraft:birch_log":495,"minecraft:magma_block":9,"minecraft:feather":29,"minecraft:cooked_beef":47,"minecraft:water_bucket":1,"minecraft:andesite":199,"minecraft:brown_wool":4,"minecraft:dark_oak_boat":7,"minecraft:potato":1462,"minecraft:flint":63,"minecraft:tuff":42,"minecraft:lapis_lazuli":34,"minecraft:dirt":1661,"minecraft:bone":42,"minecraft:acacia_planks":34,"minecraft:bow":3,"minecraft:wheat_seeds":1355,"minecraft:raw_gold":104,"minecraft:grindstone":3,"minecraft:fletching_table":13,"minecraft:rabbit":1,"minecraft:stone_hoe":4,"minecraft:oak_planks":400,"minecraft:cooked_porkchop":11,"minecraft:poisonous_potato":8,"minecraft:sand":623,"minecraft:ink_sac":11,"minecraft:dark_oak_log":9,"minecraft:mossy_cobblestone":6,"minecraft:diamond":305,"minecraft:spruce_boat":41,"minecraft:granite":232,"minecraft:bone_meal":1,"minecraft:golden_apple":1,"minecraft:emerald":5,"minecraft:bread":11,"minecraft:oak_sapling":120,"minecraft:netherrack":70,"minecraft:diamond_pickaxe":7,"minecraft:charcoal":6,"minecraft:crafting_table":13,"minecraft:azure_bluet":2,"minecraft:chicken":19,"minecraft:brown_mushroom":5,"minecraft:wooden_pickaxe":6,"minecraft:gold_block":1,"minecraft:shield":7,"minecraft:oak_trapdoor":1,"minecraft:iron_axe":10,"minecraft:flint_and_steel":7,"minecraft:iron_shovel":4,"minecraft:cracked_stone_bricks":2,"minecraft:cartography_table":3,"minecraft:beef":74,"minecraft:oak_boat":8,"minecraft:iron_nugget":2,"minecraft:poppy":2,"minecraft:light_gray_wool":3,"minecraft:spruce_slab":2,"minecraft:lectern":111,"minecraft:sugar_cane":519,"minecraft:chest":1,"minecraft:birch_sapling":26,"minecraft:egg":150,"minecraft:raw_iron":354,"minecraft:sandstone":48,"minecraft:stone":97,"minecraft:spruce_fence":25,"minecraft:trident":1,"minecraft:carrot":347,"minecraft:redstone":219,"minecraft:arrow":46,"minecraft:stone_shovel":8,"minecraft:diamond_chestplate":3,"minecraft:peony":1,"minecraft:shears":5,"minecraft:gold_ingot":26,"minecraft:mutton":160,"minecraft:white_wool":271,"minecraft:oxeye_daisy":4,"minecraft:lime_bed":5,"minecraft:salmon":8,"minecraft:leather":26,"minecraft:fern":1,"minecraft:birch_planks":203,"minecraft:oak_log":1262,"minecraft:gunpowder":8,"minecraft:cobblestone_stairs":1,"minecraft:blue_bed":8,"minecraft:paper":162,"minecraft:cooked_mutton":109,"minecraft:apple":24,"minecraft:stone_bricks":23,"minecraft:kelp":21,"minecraft:rabbit_hide":1,"minecraft:iron_ingot":11,"minecraft:stone_pickaxe":3,"minecraft:cooked_chicken":4,"minecraft:iron_sword":6,"minecraft:acacia_sapling":4,"minecraft:book":16,"minecraft:pumpkin":37,"minecraft:sweet_berries":89,"minecraft:dandelion":44,"minecraft:dripstone_block":2,"minecraft:gravel":358,"minecraft:spruce_sapling":138,"minecraft:blast_furnace":6,"minecraft:white_bed":38,"minecraft:spruce_log":966,"minecraft:crying_obsidian":4,"minecraft:spider_eye":15,"minecraft:diamond_shovel":3,"minecraft:pumpkin_seeds":14,"minecraft:purple_bed":5,"minecraft:campfire":1,"minecraft:stone_axe":3,"minecraft:iron_helmet":3,"minecraft:diamond_axe":7,"minecraft:baked_potato":204,"minecraft:melon_seeds":18,"minecraft:black_wool":6,"minecraft:coal":636},"minecraft:mined":{"minecraft:spruce_planks":102,"minecraft:attached_melon_stem":4,"minecraft:white_bed":37,"minecraft:oak_sapling":7,"minecraft:farmland":11,"minecraft:cobblestone_stairs":1,"minecraft:obsidian":12,"minecraft:carved_pumpkin":4,"minecraft:granite":199,"minecraft:acacia_log":21,"minecraft:grass_block":994,"minecraft:brown_wool":2,"minecraft:composter":2,"minecraft:oxeye_daisy":2,"minecraft:spawner":1,"minecraft:smooth_stone":6,"minecraft:tall_seagrass":1,"minecraft:magma_block":12,"minecraft:iron_ore":193,"minecraft:cobbled_deepslate":59,"minecraft:fire":9,"minecraft:pumpkin":20,"minecraft:fletching_table":12,"minecraft:azure_bluet":2,"minecraft:pointed_dripstone":3,"minecraft:dirt_path":78,"minecraft:iron_block":1,"minecraft:spruce_slab":2,"minecraft:tripwire":1,"minecraft:deepslate_redstone_ore":5,"minecraft:brown_mushroom":6,"minecraft:melon_stem":1,"minecraft:torch":39,"minecraft:blast_furnace":6,"minecraft:melon":35,"minecraft:poppy":2,"minecraft:chest":1,"minecraft:glass":4,"minecraft:cobblestone":24,"minecraft:oak_planks":128,"minecraft:sugar_cane":270,"minecraft:grindstone":3,"minecraft:wall_torch":48,"minecraft:deepslate_copper_ore":2,"minecraft:birch_sapling":2,"minecraft:seagrass":2,"minecraft:birch_log":429,"minecraft:wheat":476,"minecraft:stone_brick_stairs":7,"minecraft:oak_log":1219,"minecraft:sand":558,"minecraft:dirt":530,"minecraft:netherrack":134,"minecraft:oak_leaves":482,"minecraft:deepslate":474,"minecraft:crying_obsidian":4,"minecraft:tuff":27,"minecraft:mossy_cobblestone":2,"minecraft:dark_oak_leaves":10,"minecraft:deepslate_diamond_ore":54,"minecraft:dark_oak_log":9,"minecraft:chiseled_bookshelf":1,"minecraft:spruce_fence":25,"minecraft:jungle_planks":2,"minecraft:spruce_leaves":302,"minecraft:cartography_table":3,"minecraft:sandstone":62,"minecraft:large_fern":40,"minecraft:redstone_ore":15,"minecraft:oak_trapdoor":1,"minecraft:spruce_sapling":2,"minecraft:furnace":14,"minecraft:carrots":87,"minecraft:andesite":199,"minecraft:peony":1,"minecraft:gold_block":1,"minecraft:bookshelf":4,"minecraft:potatoes":428,"minecraft:deepslate_iron_ore":47,"minecraft:white_wool":5,"minecraft:stone":1456,"minecraft:smithing_table":4,"minecraft:acacia_leaves":1,"minecraft:glass_pane":8,"minecraft:dandelion":17,"minecraft:oak_fence":8,"minecraft:crafting_table":13,"minecraft:short_grass":572,"minecraft:campfire":4,"minecraft:lectern":96,"minecraft:copper_ore":10,"minecraft:tall_grass":10,"minecraft:lapis_ore":4,"minecraft:deepslate_gold_ore":37,"minecraft:diorite":88,"minecraft:blue_bed":8,"minecraft:spruce_stairs":7,"minecraft:purple_bed":5,"minecraft:birch_planks":185,"minecraft:lime_bed":4,"minecraft:sweet_berry_bush":37,"minecraft:birch_leaves":66,"minecraft:spruce_log":787,"minecraft:coal_ore":254,"minecraft:gravel":262,"minecraft:dripstone_block":2,"minecraft:cobweb":40,"minecraft:cracked_stone_bricks":2,"minecraft:stone_bricks":23,"minecraft:gold_ore":17,"minecraft:fern":27}},"DataVersion":3955}