{"stats":{"minecraft:crafted":{"minecraft:smooth_stone":12,"minecraft:oak_planks":3212,"minecraft:dark_oak_boat":3,"minecraft:birch_boat":1,"minecraft:cooked_chicken":7,"minecraft:birch_slab":12,"minecraft:stone":270,"minecraft:cobblestone_stairs":52,"minecraft:bookshelf":4,"minecraft:cooked_mutton":35,"minecraft:dark_oak_door":3,"minecraft:glass":134,"minecraft:diamond_helmet":1,"minecraft:bow":1,"minecraft:iron_boots":1,"minecraft:birch_fence_gate":2,"minecraft:chest":22,"minecraft:oak_button":5,"minecraft:stone_hoe":8,"minecraft:stone_bricks":212,"minecraft:oak_fence":78,"minecraft:smoker":1,"minecraft:wooden_shovel":1,"minecraft:emerald":274,"minecraft:cooked_porkchop":17,"minecraft:diamond_axe":1,"minecraft:crafting_table":10,"minecraft:spruce_planks":988,"minecraft:wooden_pickaxe":4,"minecraft:iron_helmet":1,"minecraft:smithing_table":1,"minecraft:fletching_table":2,"minecraft:acacia_button":10,"minecraft:birch_planks":908,"minecraft:campfire":5,"minecraft:stone_brick_stairs":44,"minecraft:lectern":4,"minecraft:iron_chestplate":1,"minecraft:book":12,"minecraft:paper":108,"minecraft:diamond_pickaxe":1,"minecraft:emerald_block":9,"minecraft:shield":2,"minecraft:stick":6416,"minecraft:iron_ingot":210,"minecraft:iron_pickaxe":6,"minecraft:andesite_stairs":4,"minecraft:iron_block":13,"minecraft:gold_ingot":40,"minecraft:shears":1,"minecraft:stone_shovel":16,"minecraft:furnace":12,"minecraft:blast_furnace":2,"minecraft:bone_meal":9,"minecraft:spruce_fence":15,"minecraft:glass_pane":16,"minecraft:iron_axe":14,"minecraft:ladder":6,"minecraft:spruce_slab":18,"minecraft:stone_pickaxe":11,"minecraft:spruce_boat":6,"minecraft:dark_oak_planks":36,"minecraft:cooked_beef":22,"minecraft:diamond_sword":1,"minecraft:iron_sword":1,"minecraft:cooked_salmon":8,"minecraft:bucket":2,"minecraft:stone_axe":3,"minecraft:enchanted_book":5,"minecraft:bread":14,"minecraft:oak_fence_gate":2,"minecraft:golden_apple":2,"minecraft:gold_nugget":63,"minecraft:wooden_axe":1,"minecraft:iron_shovel":1,"minecraft:iron_leggings":1,"minecraft:anvil":1,"minecraft:white_bed":17,"minecraft:acacia_planks":76,"minecraft:torch":220,"minecraft:diamond_chestplate":1},"minecraft:used":{"minecraft:iron_shovel":211,"minecraft:ladder":6,"minecraft:chest":22,"minecraft:shield":26,"minecraft:stone":2,"minecraft:iron_sword":169,"minecraft:carrot":31,"minecraft:azure_bluet":1,"minecraft:obsidian":12,"minecraft:spruce_boat":43,"minecraft:glass":58,"minecraft:lava_bucket":1,"minecraft:stone_brick_stairs":51,"minecraft:stone_bricks":165,"minecraft:bow":13,"minecraft:magma_block":1,"minecraft:dark_oak_boat":5,"minecraft:sweet_berries":57,"minecraft:oak_sapling":21,"minecraft:furnace":19,"minecraft:egg":50,"minecraft:potato":322,"minecraft:diorite":2,"minecraft:stone_pickaxe":1034,"minecraft:oak_planks":296,"minecraft:wooden_pickaxe":62,"minecraft:diamond_axe":162,"minecraft:blue_bed":8,"minecraft:sugar_cane":74,"minecraft:golden_apple":2,"minecraft:sand":83,"minecraft:blast_furnace":2,"minecraft:shears":3,"minecraft:birch_fence_gate":2,"minecraft:melon_slice":20,"minecraft:string":1,"minecraft:bread":6,"minecraft:lectern":49,"minecraft:gravel":2,"minecraft:diamond_sword":55,"minecraft:smithing_table":4,"minecraft:andesite":1,"minecraft:birch_log":3,"minecraft:bone_meal":10,"minecraft:oak_fence":82,"minecraft:carved_pumpkin":3,"minecraft:flint_and_steel":20,"minecraft:stone_shovel":1816,"minecraft:spruce_planks":4,"minecraft:wooden_shovel":39,"minecraft:cooked_salmon":8,"minecraft:stone_hoe":281,"minecraft:cooked_chicken":8,"minecraft:torch":253,"minecraft:dirt":860,"minecraft:anvil":1,"minecraft:granite":55,"minecraft:spruce_fence":15,"minecraft:oak_fence_gate":2,"minecraft:dark_oak_planks":6,"minecraft:wooden_axe":27,"minecraft:iron_block":9,"minecraft:iron_axe":2023,"minecraft:cooked_beef":27,"minecraft:cobbled_deepslate":89,"minecraft:acacia_planks":5,"minecraft:pumpkin":3,"minecraft:golden_axe":17,"minecraft:cooked_mutton":64,"minecraft:wheat_seeds":431,"minecraft:water_bucket":40,"minecraft:cobblestone_stairs":36,"minecraft:birch_planks":597,"minecraft:birch_boat":1,"minecraft:fletching_table":10,"minecraft:mossy_cobblestone":2,"minecraft:lime_bed":4,"minecraft:crafting_table":18,"minecraft:white_bed":31,"minecraft:campfire":5,"minecraft:spruce_log":9,"minecraft:smoker":1,"minecraft:dark_oak_door":3,"minecraft:oak_log":38,"minecraft:diamond_pickaxe":396,"minecraft:iron_pickaxe":1508,"minecraft:spruce_sapling":1,"minecraft:stone_axe":353,"minecraft:cobblestone":199,"minecraft:purple_bed":5,"minecraft:cooked_porkchop":17,"minecraft:andesite_stairs":4,"minecraft:bucket":42,"minecraft:glass_pane":6,"minecraft:pumpkin_pie":1},"minecraft:custom":{"minecraft:animals_bred":159,"minecraft:interact_with_crafting_table":155,"minecraft:leave_game":9,"minecraft:time_since_death":29624,"minecraft:sprint_one_cm":2245356,"minecraft:damage_blocked_by_shield":1950,"minecraft:drop":440,"minecraft:talked_to_villager":151,"minecraft:play_time":1008691,"minecraft:deaths":21,"minecraft:jump":8695,"minecraft:walk_on_water_one_cm":91552,"minecraft:interact_with_furnace":222,"minecraft:traded_with_villager":229,"minecraft:sleep_in_bed":67,"minecraft:damage_dealt":24284,"minecraft:crouch_one_cm":431,"minecraft:interact_with_smoker":4,"minecraft:horse_one_cm":575,"minecraft:interact_with_smithing_table":1,"minecraft:mob_kills":196,"minecraft:interact_with_anvil":6,"minecraft:interact_with_campfire":77,"minecraft:climb_one_cm":10849,"minecraft:walk_one_cm":2853087,"minecraft:sneak_time":1335,"minecraft:walk_under_water_one_cm":108930,"minecraft:boat_one_cm":770695,"minecraft:interact_with_blast_furnace":3,"minecraft:total_world_time":1008691,"minecraft:time_since_rest":7606,"minecraft:damage_absorbed":80,"minecraft:damage_taken":12766,"minecraft:swim_one_cm":225816,"minecraft:fly_one_cm":1426459,"minecraft:open_chest":489,"minecraft:fall_one_cm":153070},"minecraft:broken":{"minecraft:iron_boots":1,"minecraft:stone_pickaxe":6,"minecraft:stone_axe":2,"minecraft:stone_shovel":12,"minecraft:stone_hoe":1,"minecraft:golden_axe":1,"minecraft:iron_axe":8,"minecraft:iron_pickaxe":6,"minecraft:iron_helmet":1},"minecraft:dropped":{"minecraft:cooked_beef":4,"minecraft:crafting_table":1,"minecraft:cracked_stone_bricks":2,"minecraft:birch_slab":8,"minecraft:dirt":38,"minecraft:seagrass":4,"minecraft:gold_nugget":3,"minecraft:sand":79,"minecraft:gravel":38,"minecraft:sugar_cane":1,"minecraft:golden_chestplate":1,"minecraft:cobbled_deepslate":130,"minecraft:birch_sapling":5,"minecraft:pointed_dripstone":4,"minecraft:rotten_flesh":23,"minecraft:fern":1,"minecraft:white_bed":1,"minecraft:gunpowder":2,"minecraft:charcoal":2,"minecraft:acacia_sapling":4,"minecraft:spruce_slab":6,"minecraft:arrow":8,"minecraft:egg":20,"minecraft:bread":20,"minecraft:wheat_seeds":61,"minecraft:mossy_cobblestone":4,"minecraft:cobblestone":118,"minecraft:granite":75,"minecraft:oxeye_daisy":1,"minecraft:diorite":27,"minecraft:wooden_axe":1,"minecraft:iron_axe":1,"minecraft:smooth_stone":6,"minecraft:cactus":12,"minecraft:bucket":1,"minecraft:acacia_planks":4,"minecraft:spruce_sapling":4,"minecraft:dandelion":2,"minecraft:kelp":21,"minecraft:raw_copper":5,"minecraft:tuff":15,"minecraft:composter":2,"minecraft:stone_shovel":2,"minecraft:light_gray_wool":2,"minecraft:pumpkin_seeds":3,"minecraft:potato":272,"minecraft:stone":3,"minecraft:oak_button":5,"minecraft:andesite":10,"minecraft:oak_sapling":23,"minecraft:sandstone":46,"minecraft:wooden_pickaxe":3,"minecraft:black_wool":1},"minecraft:killed_by":{"minecraft:creeper":1,"minecraft:cave_spider":10,"minecraft:zombie":3,"minecraft:enderman":1,"minecraft:skeleton":5},"minecraft:killed":{"minecraft:cave_spider":9,"minecraft:spider":8,"minecraft:skeleton":10,"minecraft:chicken":14,"minecraft:turtle":4,"minecraft:wolf":1,"minecraft:pig":15,"minecraft:salmon":8,"minecraft:creeper":4,"minecraft:sheep":53,"minecraft:zombie":27,"minecraft:cow":23,"minecraft:armadillo":1,"minecraft:drowned":11,"minecraft:wandering_trader":1,"minecraft:squid":5},"minecraft:picked_up":{"minecraft:wooden_axe":2,"minecraft:seagrass":12,"minecraft:iron_chestplate":4,"minecraft:wheat":392,"minecraft:lead":2,"minecraft:smithing_table":4,"minecraft:diamond_sword":2,"minecraft:stone_brick_stairs":7,"minecraft:string":121,"minecraft:raw_copper":16,"minecraft:cooked_salmon":3,"minecraft:iron_leggings":4,"minecraft:cobbled_deepslate":512,"minecraft:gold_nugget":3,"minecraft:spruce_planks":5,"minecraft:wooden_shovel":1,"minecraft:iron_pickaxe":4,"minecraft:melon_slice":322,"minecraft:furnace":12,"minecraft:iron_boots":4,"minecraft:stick":476,"minecraft:composter":4,"minecraft:oak_fence":11,"minecraft:torch":161,"minecraft:acacia_log":19,"minecraft:spruce_stairs":2,"minecraft:porkchop":31,"minecraft:pointed_dripstone":10,"minecraft:diorite":77,"minecraft:cactus":12,"minecraft:rotten_flesh":87,"minecraft:iron_block":6,"minecraft:carved_pumpkin":4,"minecraft:obsidian":14,"minecraft:cobblestone":1490,"minecraft:birch_log":269,"minecraft:magma_block":9,"minecraft:feather":26,"minecraft:cooked_beef":36,"minecraft:water_bucket":1,"minecraft:andesite":160,"minecraft:dark_oak_boat":2,"minecraft:potato":679,"minecraft:flint":30,"minecraft:tuff":42,"minecraft:dirt":1477,"minecraft:bone":29,"minecraft:acacia_planks":34,"minecraft:bow":3,"minecraft:wheat_seeds":918,"minecraft:raw_gold":40,"minecraft:grindstone":3,"minecraft:fletching_table":10,"minecraft:stone_hoe":2,"minecraft:oak_planks":145,"minecraft:cooked_porkchop":10,"minecraft:poisonous_potato":4,"minecraft:sand":559,"minecraft:ink_sac":11,"minecraft:dark_oak_log":9,"minecraft:mossy_cobblestone":6,"minecraft:diamond":142,"minecraft:spruce_boat":41,"minecraft:granite":203,"minecraft:bone_meal":1,"minecraft:golden_apple":1,"minecraft:oak_sapling":88,"minecraft:netherrack":70,"minecraft:diamond_pickaxe":3,"minecraft:charcoal":4,"minecraft:crafting_table":10,"minecraft:azure_bluet":2,"minecraft:chicken":18,"minecraft:brown_mushroom":5,"minecraft:wooden_pickaxe":6,"minecraft:gold_block":1,"minecraft:shield":4,"minecraft:iron_axe":5,"minecraft:flint_and_steel":4,"minecraft:iron_shovel":4,"minecraft:cracked_stone_bricks":2,"minecraft:cartography_table":1,"minecraft:beef":74,"minecraft:iron_nugget":2,"minecraft:poppy":2,"minecraft:light_gray_wool":3,"minecraft:lectern":45,"minecraft:chest":1,"minecraft:sugar_cane":288,"minecraft:birch_sapling":12,"minecraft:egg":92,"minecraft:raw_iron":212,"minecraft:sandstone":48,"minecraft:stone":3,"minecraft:trident":1,"minecraft:carrot":24,"minecraft:redstone":35,"minecraft:arrow":33,"minecraft:stone_shovel":8,"minecraft:peony":1,"minecraft:shears":2,"minecraft:mutton":155,"minecraft:white_wool":129,"minecraft:oxeye_daisy":4,"minecraft:lime_bed":5,"minecraft:salmon":8,"minecraft:leather":24,"minecraft:fern":1,"minecraft:birch_planks":77,"minecraft:oak_log":899,"minecraft:gunpowder":8,"minecraft:cobblestone_stairs":1,"minecraft:blue_bed":8,"minecraft:cooked_mutton":89,"minecraft:apple":17,"minecraft:stone_bricks":21,"minecraft:kelp":21,"minecraft:iron_ingot":9,"minecraft:stone_pickaxe":3,"minecraft:cooked_chicken":3,"minecraft:iron_sword":6,"minecraft:acacia_sapling":4,"minecraft:book":12,"minecraft:pumpkin":37,"minecraft:sweet_berries":58,"minecraft:dandelion":44,"minecraft:dripstone_block":2,"minecraft:gravel":343,"minecraft:spruce_sapling":21,"minecraft:white_bed":16,"minecraft:spruce_log":261,"minecraft:crying_obsidian":4,"minecraft:spider_eye":12,"minecraft:pumpkin_seeds":14,"minecraft:purple_bed":5,"minecraft:stone_axe":3,"minecraft:iron_helmet":3,"minecraft:diamond_axe":2,"minecraft:baked_potato":16,"minecraft:black_wool":6,"minecraft:melon_seeds":18,"minecraft:coal":349},"minecraft:mined":{"minecraft:spruce_planks":5,"minecraft:attached_melon_stem":4,"minecraft:white_bed":15,"minecraft:oak_sapling":3,"minecraft:farmland":10,"minecraft:cobblestone_stairs":1,"minecraft:carved_pumpkin":4,"minecraft:obsidian":12,"minecraft:granite":171,"minecraft:acacia_log":21,"minecraft:grass_block":963,"minecraft:composter":2,"minecraft:oxeye_daisy":2,"minecraft:spawner":1,"minecraft:tall_seagrass":1,"minecraft:magma_block":12,"minecraft:iron_ore":153,"minecraft:cobbled_deepslate":58,"minecraft:fire":9,"minecraft:pumpkin":20,"minecraft:fletching_table":9,"minecraft:azure_bluet":2,"minecraft:pointed_dripstone":3,"minecraft:dirt_path":76,"minecraft:iron_block":1,"minecraft:tripwire":1,"minecraft:deepslate_redstone_ore":1,"minecraft:brown_mushroom":6,"minecraft:melon_stem":1,"minecraft:torch":36,"minecraft:poppy":2,"minecraft:melon":35,"minecraft:chest":1,"minecraft:glass":4,"minecraft:cobblestone":24,"minecraft:grindstone":3,"minecraft:sugar_cane":149,"minecraft:oak_planks":26,"minecraft:wall_torch":40,"minecraft:deepslate_copper_ore":2,"minecraft:seagrass":2,"minecraft:birch_log":242,"minecraft:wheat":308,"minecraft:stone_brick_stairs":7,"minecraft:oak_log":843,"minecraft:sand":558,"minecraft:dirt":438,"minecraft:netherrack":134,"minecraft:oak_leaves":368,"minecraft:deepslate":337,"minecraft:crying_obsidian":4,"minecraft:tuff":27,"minecraft:mossy_cobblestone":2,"minecraft:dark_oak_leaves":10,"minecraft:deepslate_diamond_ore":32,"minecraft:dark_oak_log":9,"minecraft:jungle_planks":2,"minecraft:spruce_leaves":94,"minecraft:cartography_table":1,"minecraft:sandstone":62,"minecraft:large_fern":22,"minecraft:redstone_ore":7,"minecraft:furnace":10,"minecraft:carrots":7,"minecraft:andesite":157,"minecraft:peony":1,"minecraft:gold_block":1,"minecraft:bookshelf":4,"minecraft:potatoes":208,"minecraft:deepslate_iron_ore":17,"minecraft:stone":1255,"minecraft:smithing_table":4,"minecraft:acacia_leaves":1,"minecraft:glass_pane":8,"minecraft:dandelion":17,"minecraft:oak_fence":8,"minecraft:crafting_table":9,"minecraft:short_grass":562,"minecraft:lectern":45,"minecraft:campfire":3,"minecraft:tall_grass":10,"minecraft:copper_ore":8,"minecraft:lapis_ore":2,"minecraft:deepslate_gold_ore":24,"minecraft:diorite":60,"minecraft:blue_bed":8,"minecraft:spruce_stairs":2,"minecraft:birch_planks":54,"minecraft:purple_bed":5,"minecraft:lime_bed":4,"minecraft:sweet_berry_bush":23,"minecraft:spruce_log":270,"minecraft:birch_leaves":41,"minecraft:coal_ore":231,"minecraft:gravel":235,"minecraft:dripstone_block":2,"minecraft:cobweb":40,"minecraft:cracked_stone_bricks":2,"minecraft:stone_bricks":21,"minecraft:gold_ore":8,"minecraft:fern":24}},"DataVersion":3955}