{"stats":{"minecraft:used":{"minecraft:wooden_axe":27,"minecraft:wooden_pickaxe":25,"minecraft:wooden_shovel":39,"minecraft:cooked_chicken":1,"minecraft:stone_axe":9,"minecraft:lime_bed":2,"minecraft:crafting_table":3,"minecraft:furnace":2,"minecraft:cooked_beef":1},"minecraft:picked_up":{"minecraft:stick":2,"minecraft:crafting_table":2,"minecraft:lime_bed":3,"minecraft:feather":1,"minecraft:chicken":2,"minecraft:leather":5,"minecraft:acacia_log":19,"minecraft:gravel":25,"minecraft:flint":2,"minecraft:sand":16,"minecraft:dirt":9,"minecraft:acacia_planks":1,"minecraft:wheat_seeds":5,"minecraft:beef":9,"minecraft:cooked_chicken":1,"minecraft:sugar_cane":22,"minecraft:cobblestone":20,"minecraft:furnace":1},"minecraft:killed":{"minecraft:chicken":2,"minecraft:cow":5},"minecraft:custom":{"minecraft:time_since_rest":2446,"minecraft:interact_with_furnace":9,"minecraft:sprint_one_cm":54006,"minecraft:damage_taken":70,"minecraft:walk_one_cm":55039,"minecraft:mob_kills":7,"minecraft:drop":1,"minecraft:damage_dealt":580,"minecraft:talked_to_villager":1,"minecraft:swim_one_cm":4022,"minecraft:interact_with_crafting_table":11,"minecraft:fly_one_cm":41544,"minecraft:open_chest":2,"minecraft:crouch_one_cm":16,"minecraft:play_time":27875,"minecraft:sneak_time":33,"minecraft:walk_under_water_one_cm":713,"minecraft:jump":232,"minecraft:leave_game":2,"minecraft:time_since_death":27875,"minecraft:walk_on_water_one_cm":3844,"minecraft:sleep_in_bed":4,"minecraft:total_world_time":27875,"minecraft:fall_one_cm":5963},"minecraft:dropped":{"minecraft:acacia_planks":1},"minecraft:mined":{"minecraft:acacia_leaves":1,"minecraft:lime_bed":3,"minecraft:furnace":1,"minecraft:crafting_table":2,"minecraft:short_grass":33,"minecraft:acacia_log":21,"minecraft:grass_block":2,"minecraft:gravel":32,"minecraft:dirt":7,"minecraft:sand":16,"minecraft:tall_grass":3,"minecraft:stone":21,"minecraft:sugar_cane":7},"minecraft:crafted":{"minecraft:cooked_beef":4,"minecraft:wooden_shovel":1,"minecraft:crafting_table":2,"minecraft:stick":24,"minecraft:cooked_chicken":1,"minecraft:wooden_pickaxe":3,"minecraft:wooden_axe":1,"minecraft:furnace":2,"minecraft:acacia_planks":76,"minecraft:acacia_button":10,"minecraft:stone_axe":1}},"DataVersion":3955}