{"stats":{"minecraft:picked_up":{"minecraft:dirt":1},"minecraft:mined":{"minecraft:grass":2,"minecraft:seagrass":1,"minecraft:grass_block":2},"minecraft:custom":{"minecraft:jump":12,"minecraft:time_since_rest":11237,"minecraft:damage_taken":10,"minecraft:leave_game":2,"minecraft:play_time":11237,"minecraft:sprint_one_cm":1125,"minecraft:time_since_death":11237,"minecraft:walk_on_water_one_cm":158,"minecraft:walk_one_cm":1235,"minecraft:total_world_time":11237,"minecraft:fall_one_cm":604,"minecraft:fly_one_cm":1625}},"DataVersion":3465}