{"stats":{"minecraft:killed":{"minecraft:spider":3,"minecraft:zombie":2},"minecraft:used":{"minecraft:cooked_mutton":6,"minecraft:dead_bush":3,"minecraft:stone_pickaxe":107,"minecraft:chest":1,"minecraft:wooden_pickaxe":13,"minecraft:torch":91,"minecraft:crafting_table":2,"minecraft:tuff":2,"minecraft:iron_axe":6,"minecraft:bread":12,"minecraft:iron_pickaxe":34,"minecraft:stone_axe":43,"minecraft:cooked_porkchop":3,"minecraft:andesite":1,"minecraft:cobbled_deepslate":8},"minecraft:picked_up":{"minecraft:iron_chestplate":1,"minecraft:flower_pot":1,"minecraft:glow_ink_sac":3,"minecraft:andesite":3,"minecraft:tuff":2,"minecraft:shield":1,"minecraft:lapis_lazuli":25,"minecraft:dirt":5,"minecraft:iron_axe":1,"minecraft:cobbled_deepslate":9,"minecraft:raw_gold":12,"minecraft:iron_pickaxe":1,"minecraft:egg":1,"minecraft:stick":1,"minecraft:raw_iron":20,"minecraft:torch":85,"minecraft:acacia_log":7,"minecraft:diorite":10,"minecraft:cactus":4,"minecraft:rotten_flesh":4,"minecraft:diamond":7,"minecraft:hay_block":35,"minecraft:granite":3,"minecraft:coal":33,"minecraft:cobblestone":57},"minecraft:dropped":{"minecraft:bread":2},"minecraft:custom":{"minecraft:interact_with_furnace":24,"minecraft:mob_kills":5,"minecraft:interact_with_crafting_table":7,"minecraft:leave_game":4,"minecraft:time_since_death":77141,"minecraft:sleep_in_bed":3,"minecraft:time_since_rest":59368,"minecraft:sprint_one_cm":345353,"minecraft:damage_taken":631,"minecraft:walk_one_cm":91026,"minecraft:drop":2,"minecraft:damage_dealt":1329,"minecraft:swim_one_cm":30284,"minecraft:talked_to_villager":5,"minecraft:fly_one_cm":389162,"minecraft:open_chest":24,"minecraft:crouch_one_cm":6911,"minecraft:play_time":77141,"minecraft:sneak_time":2149,"minecraft:walk_under_water_one_cm":10296,"minecraft:jump":1888,"minecraft:walk_on_water_one_cm":10979,"minecraft:total_world_time":77141,"minecraft:fall_one_cm":52518},"minecraft:mined":{"minecraft:tuff":2,"minecraft:acacia_leaves":1,"minecraft:deepslate_diamond_ore":7,"minecraft:potted_cactus":1,"minecraft:torch":2,"minecraft:granite":2,"minecraft:short_grass":1,"minecraft:acacia_log":7,"minecraft:grass_block":1,"minecraft:dead_bush":2,"minecraft:cobblestone":3,"minecraft:deepslate_gold_ore":12,"minecraft:lapis_ore":4,"minecraft:diorite":9,"minecraft:wall_torch":4,"minecraft:hay_block":35,"minecraft:iron_ore":12,"minecraft:cobbled_deepslate":6,"minecraft:andesite":1,"minecraft:coal_ore":32,"minecraft:deepslate_iron_ore":8,"minecraft:dirt":4,"minecraft:stone":49,"minecraft:deepslate":4},"minecraft:crafted":{"minecraft:cooked_porkchop":9,"minecraft:crafting_table":2,"minecraft:wooden_pickaxe":1,"minecraft:stone_axe":1,"minecraft:bread":4,"minecraft:cooked_mutton":14,"minecraft:air":0,"minecraft:stick":16,"minecraft:stone_pickaxe":2,"minecraft:chest":1,"minecraft:acacia_planks":28,"minecraft:torch":32,"minecraft:wheat":36}},"DataVersion":3955}