{"stats":{"minecraft:broken":{"minecraft:iron_shovel":1,"minecraft:stone_pickaxe":1,"minecraft:shield":1,"minecraft:diamond_pickaxe":1,"minecraft:iron_axe":1,"minecraft:wooden_axe":1},"minecraft:custom":{"minecraft:mob_kills":140,"minecraft:interact_with_crafting_table":97,"minecraft:interact_with_campfire":4,"minecraft:leave_game":7,"minecraft:time_since_death":5468,"minecraft:climb_one_cm":135,"minecraft:sprint_one_cm":1099541,"minecraft:walk_one_cm":787811,"minecraft:damage_blocked_by_shield":3765,"minecraft:drop":60,"minecraft:talked_to_villager":38,"minecraft:play_time":306740,"minecraft:sneak_time":8102,"minecraft:deaths":5,"minecraft:walk_under_water_one_cm":9785,"minecraft:boat_one_cm":81196,"minecraft:jump":5716,"minecraft:interact_with_blast_furnace":2,"minecraft:walk_on_water_one_cm":22828,"minecraft:total_world_time":306740,"minecraft:interact_with_furnace":170,"minecraft:sleep_in_bed":23,"minecraft:time_since_rest":5558,"minecraft:damage_taken":5774,"minecraft:damage_dealt":19684,"minecraft:swim_one_cm":91478,"minecraft:player_kills":1,"minecraft:fly_one_cm":948691,"minecraft:open_chest":111,"minecraft:crouch_one_cm":18208,"minecraft:fall_one_cm":141827,"minecraft:horse_one_cm":3302},"minecraft:mined":{"minecraft:tuff":12,"minecraft:spruce_planks":1,"minecraft:white_bed":9,"minecraft:deepslate_diamond_ore":11,"minecraft:cobblestone_stairs":12,"minecraft:cave_vines_plant":1,"minecraft:granite":6,"minecraft:grass_block":437,"minecraft:spruce_leaves":10,"minecraft:moss_block":9,"minecraft:spawner":1,"minecraft:large_fern":3,"minecraft:redstone_ore":1,"minecraft:iron_ore":73,"minecraft:cobbled_deepslate":6,"minecraft:andesite":66,"minecraft:bookshelf":1,"minecraft:potatoes":2,"minecraft:cave_vines":3,"minecraft:deepslate_iron_ore":74,"minecraft:cobblestone_slab":17,"minecraft:rail":5,"minecraft:stone":2266,"minecraft:white_wool":1,"minecraft:podzol":2,"minecraft:dandelion":1,"minecraft:powder_snow":5,"minecraft:oak_fence":11,"minecraft:crafting_table":2,"minecraft:torch":3,"minecraft:poppy":1,"minecraft:chest":1,"minecraft:lectern":4,"minecraft:copper_ore":24,"minecraft:tall_grass":15,"minecraft:cobblestone":41,"minecraft:lapis_ore":10,"minecraft:oak_planks":25,"minecraft:blue_bed":8,"minecraft:diorite":2,"minecraft:wall_torch":11,"minecraft:birch_log":11,"minecraft:ice":3,"minecraft:spruce_log":45,"minecraft:birch_leaves":1,"minecraft:grass":284,"minecraft:oak_log":68,"minecraft:coal_ore":264,"minecraft:gravel":2,"minecraft:dirt":250,"minecraft:oak_leaves":15,"minecraft:deepslate":63,"minecraft:fern":3},"minecraft:picked_up":{"minecraft:wooden_axe":4,"minecraft:crafting_table":7,"minecraft:iron_chestplate":8,"minecraft:coarse_dirt":1,"minecraft:chicken":4,"minecraft:clay_ball":24,"minecraft:wooden_pickaxe":2,"minecraft:enchanted_book":1,"minecraft:brewing_stand":1,"minecraft:shield":3,"minecraft:string":2,"minecraft:raw_copper":156,"minecraft:iron_axe":3,"minecraft:iron_leggings":3,"minecraft:iron_shovel":2,"minecraft:cobbled_deepslate":80,"minecraft:spruce_planks":5,"minecraft:beef":8,"minecraft:oak_boat":3,"minecraft:cobblestone_slab":18,"minecraft:poppy":2,"minecraft:iron_pickaxe":2,"minecraft:lectern":4,"minecraft:chest":1,"minecraft:birch_sapling":4,"minecraft:furnace":2,"minecraft:iron_boots":5,"minecraft:egg":2,"minecraft:stick":56,"minecraft:raw_iron":176,"minecraft:oak_fence":12,"minecraft:torch":527,"minecraft:porkchop":78,"minecraft:golden_axe":1,"minecraft:pointed_dripstone":30,"minecraft:diorite":2,"minecraft:redstone":40,"minecraft:golden_chestplate":1,"minecraft:arrow":45,"minecraft:rotten_flesh":61,"minecraft:pumpkin_pie":1,"minecraft:gold_ingot":3,"minecraft:glow_berries":9,"minecraft:mutton":48,"minecraft:rail":5,"minecraft:white_wool":63,"minecraft:cobblestone":3103,"minecraft:stripped_oak_log":1,"minecraft:birch_log":22,"minecraft:feather":4,"minecraft:water_bucket":1,"minecraft:glow_ink_sac":9,"minecraft:andesite":83,"minecraft:brown_wool":1,"minecraft:leather":15,"minecraft:potato":39,"minecraft:tuff":31,"minecraft:oak_log":156,"minecraft:gunpowder":7,"minecraft:cobblestone_stairs":12,"minecraft:lapis_lazuli":177,"minecraft:dirt":1161,"minecraft:blue_bed":13,"minecraft:name_tag":1,"minecraft:cooked_mutton":27,"minecraft:bone":26,"minecraft:apple":10,"minecraft:bow":2,"minecraft:wheat_seeds":71,"minecraft:raw_gold":12,"minecraft:iron_ingot":58,"minecraft:stone_pickaxe":1,"minecraft:fletching_table":2,"minecraft:moss_block":8,"minecraft:iron_sword":3,"minecraft:oak_planks":221,"minecraft:book":4,"minecraft:cooked_porkchop":48,"minecraft:dandelion":4,"minecraft:gravel":12,"minecraft:white_bed":10,"minecraft:spruce_log":41,"minecraft:spider_eye":2,"minecraft:iron_hoe":1,"minecraft:diamond":13,"minecraft:stone_axe":1,"minecraft:iron_helmet":2,"minecraft:granite":8,"minecraft:golden_apple":3,"minecraft:gray_wool":1,"minecraft:bread":17,"minecraft:baked_potato":3,"minecraft:oak_sapling":15,"minecraft:coal":722,"minecraft:diamond_pickaxe":2},"minecraft:killed_by":{"minecraft:creeper":2,"minecraft:skeleton":3},"minecraft:used":{"minecraft:oak_fence":90,"minecraft:moss_block":5,"minecraft:iron_shovel":772,"minecraft:chest":10,"minecraft:spruce_planks":17,"minecraft:shield":71,"minecraft:iron_sword":54,"minecraft:cooked_chicken":2,"minecraft:rotten_flesh":14,"minecraft:iron_chestplate":1,"minecraft:torch":494,"minecraft:dirt":104,"minecraft:oak_fence_gate":2,"minecraft:spruce_boat":1,"minecraft:iron_hoe":261,"minecraft:wooden_axe":37,"minecraft:iron_axe":393,"minecraft:bow":4,"minecraft:furnace":16,"minecraft:minecart":1,"minecraft:potato":38,"minecraft:cobbled_deepslate":33,"minecraft:cooked_mutton":13,"minecraft:water_bucket":155,"minecraft:diorite":1,"minecraft:cobblestone_stairs":22,"minecraft:stone_pickaxe":314,"minecraft:baked_potato":3,"minecraft:oak_planks":14,"minecraft:blue_bed":10,"minecraft:wooden_pickaxe":48,"minecraft:cobblestone_slab":83,"minecraft:glow_berries":19,"minecraft:rail":81,"minecraft:crafting_table":20,"minecraft:white_bed":10,"minecraft:diamond_pickaxe":2525,"minecraft:bread":24,"minecraft:iron_pickaxe":91,"minecraft:lectern":5,"minecraft:stone_axe":42,"minecraft:cobblestone":348,"minecraft:porkchop":5,"minecraft:cooked_porkchop":32,"minecraft:andesite":2,"minecraft:bucket":156,"minecraft:pumpkin_pie":1,"minecraft:oak_boat":2,"minecraft:bone_meal":6},"minecraft:killed":{"minecraft:cave_spider":1,"minecraft:spider":2,"minecraft:skeleton":19,"minecraft:horse":1,"minecraft:chicken":3,"minecraft:wolf":1,"minecraft:pig":20,"minecraft:zombie_villager":1,"minecraft:creeper":3,"minecraft:sheep":29,"minecraft:zombie":46,"minecraft:cow":6},"minecraft:crafted":{"minecraft:oak_planks":588,"minecraft:cobblestone_slab":174,"minecraft:cooked_chicken":2,"minecraft:furnace":16,"minecraft:cobblestone_stairs":40,"minecraft:bone_meal":6,"minecraft:bookshelf":1,"minecraft:cooked_mutton":22,"minecraft:iron_boots":1,"minecraft:iron_axe":2,"minecraft:iron_hoe":1,"minecraft:stone_pickaxe":4,"minecraft:chest":9,"minecraft:spruce_boat":1,"minecraft:rail":80,"minecraft:oak_fence":114,"minecraft:minecart":1,"minecraft:oak_slab":6,"minecraft:cooked_porkchop":48,"minecraft:crafting_table":15,"minecraft:spruce_planks":96,"minecraft:iron_helmet":2,"minecraft:wooden_pickaxe":1,"minecraft:bucket":1,"minecraft:stone_axe":2,"minecraft:bread":1,"minecraft:air":0,"minecraft:oak_fence_gate":2,"minecraft:oak_boat":2,"minecraft:lectern":1,"minecraft:iron_chestplate":1,"minecraft:diamond_pickaxe":3,"minecraft:shield":3,"minecraft:stick":448,"minecraft:iron_ingot":107,"minecraft:iron_pickaxe":2,"minecraft:wooden_axe":1,"minecraft:iron_shovel":3,"minecraft:iron_leggings":1,"minecraft:white_bed":2,"minecraft:torch":872},"minecraft:dropped":{"minecraft:iron_ingot":32,"minecraft:iron_sword":1,"minecraft:wheat_seeds":11,"minecraft:oak_log":1,"minecraft:glow_ink_sac":3,"minecraft:iron_helmet":1,"minecraft:cobblestone":119,"minecraft:leather":1,"minecraft:torch":60,"minecraft:brown_wool":1,"minecraft:iron_leggings":1,"minecraft:iron_axe":1,"minecraft:gravel":4,"minecraft:stone_axe":1,"minecraft:tuff":1,"minecraft:wheat":2,"minecraft:rotten_flesh":4,"minecraft:oak_planks":1,"minecraft:iron_boots":3,"minecraft:spruce_planks":3,"minecraft:diamond_pickaxe":1,"minecraft:iron_chestplate":3}},"DataVersion":3465}