{"stats":{"minecraft:custom":{"minecraft:interact_with_furnace":87,"minecraft:mob_kills":48,"minecraft:interact_with_crafting_table":43,"minecraft:interact_with_campfire":4,"minecraft:time_since_death":72370,"minecraft:sleep_in_bed":4,"minecraft:climb_one_cm":135,"minecraft:time_since_rest":56263,"minecraft:sprint_one_cm":421321,"minecraft:damage_taken":2962,"minecraft:walk_one_cm":228145,"minecraft:damage_blocked_by_shield":2970,"minecraft:drop":39,"minecraft:damage_dealt":8524,"minecraft:swim_one_cm":20870,"minecraft:fly_one_cm":304618,"minecraft:player_kills":1,"minecraft:open_chest":9,"minecraft:crouch_one_cm":13843,"minecraft:play_time":107868,"minecraft:deaths":3,"minecraft:sneak_time":6316,"minecraft:walk_under_water_one_cm":5824,"minecraft:jump":2376,"minecraft:walk_on_water_one_cm":13934,"minecraft:total_world_time":107868,"minecraft:fall_one_cm":69547},"minecraft:killed_by":{"minecraft:skeleton":3},"minecraft:broken":{"minecraft:stone_pickaxe":1,"minecraft:shield":1,"minecraft:wooden_axe":1},"minecraft:used":{"minecraft:moss_block":1,"minecraft:cooked_mutton":3,"minecraft:diorite":1,"minecraft:stone_pickaxe":314,"minecraft:baked_potato":3,"minecraft:oak_planks":14,"minecraft:shield":56,"minecraft:chest":1,"minecraft:spruce_planks":16,"minecraft:wooden_pickaxe":48,"minecraft:blue_bed":4,"minecraft:iron_chestplate":1,"minecraft:glow_berries":19,"minecraft:torch":367,"minecraft:dirt":16,"minecraft:crafting_table":11,"minecraft:wooden_axe":37,"minecraft:diamond_pickaxe":18,"minecraft:iron_axe":97,"minecraft:bread":12,"minecraft:iron_pickaxe":91,"minecraft:stone_axe":42,"minecraft:cobblestone":45,"minecraft:cooked_porkchop":14,"minecraft:furnace":9,"minecraft:porkchop":5,"minecraft:andesite":2,"minecraft:pumpkin_pie":1,"minecraft:cobbled_deepslate":33},"minecraft:crafted":{"minecraft:oak_planks":144,"minecraft:cooked_porkchop":9,"minecraft:crafting_table":8,"minecraft:spruce_planks":28,"minecraft:iron_helmet":2,"minecraft:wooden_pickaxe":1,"minecraft:furnace":9,"minecraft:stone_axe":2,"minecraft:air":0,"minecraft:diamond_pickaxe":2,"minecraft:iron_boots":1,"minecraft:iron_chestplate":1,"minecraft:shield":2,"minecraft:iron_axe":1,"minecraft:stick":184,"minecraft:iron_ingot":65,"minecraft:iron_pickaxe":2,"minecraft:stone_pickaxe":4,"minecraft:wooden_axe":1,"minecraft:chest":1,"minecraft:iron_leggings":1,"minecraft:torch":476},"minecraft:mined":{"minecraft:podzol":1,"minecraft:tuff":12,"minecraft:deepslate_diamond_ore":10,"minecraft:crafting_table":1,"minecraft:cave_vines_plant":1,"minecraft:granite":4,"minecraft:grass_block":6,"minecraft:tall_grass":2,"minecraft:cobblestone":1,"minecraft:spruce_leaves":4,"minecraft:oak_planks":20,"minecraft:moss_block":7,"minecraft:wall_torch":2,"minecraft:blue_bed":4,"minecraft:spawner":1,"minecraft:large_fern":3,"minecraft:cobbled_deepslate":6,"minecraft:iron_ore":30,"minecraft:spruce_log":8,"minecraft:andesite":1,"minecraft:grass":3,"minecraft:coal_ore":118,"minecraft:oak_log":20,"minecraft:cave_vines":3,"minecraft:deepslate_iron_ore":59,"minecraft:gravel":2,"minecraft:dirt":13,"minecraft:stone":152,"minecraft:white_wool":1,"minecraft:oak_leaves":3,"minecraft:deepslate":63},"minecraft:dropped":{"minecraft:iron_ingot":32,"minecraft:stone_axe":1,"minecraft:oak_log":1,"minecraft:iron_helmet":1,"minecraft:iron_boots":3,"minecraft:torch":60,"minecraft:diamond_pickaxe":1,"minecraft:iron_chestplate":3,"minecraft:iron_leggings":1},"minecraft:killed":{"minecraft:cave_spider":1,"minecraft:pig":8,"minecraft:zombie_villager":1,"minecraft:creeper":2,"minecraft:sheep":2,"minecraft:skeleton":12,"minecraft:zombie":18,"minecraft:chicken":3},"minecraft:picked_up":{"minecraft:wooden_axe":3,"minecraft:crafting_table":3,"minecraft:iron_chestplate":6,"minecraft:feather":4,"minecraft:chicken":3,"minecraft:glow_ink_sac":3,"minecraft:andesite":3,"minecraft:wooden_pickaxe":2,"minecraft:tuff":16,"minecraft:oak_log":43,"minecraft:gunpowder":5,"minecraft:dirt":20,"minecraft:blue_bed":8,"minecraft:raw_copper":5,"minecraft:iron_leggings":1,"minecraft:cooked_mutton":3,"minecraft:bone":11,"minecraft:bow":1,"minecraft:wheat_seeds":6,"minecraft:cobbled_deepslate":69,"minecraft:iron_ingot":14,"minecraft:stone_pickaxe":1,"minecraft:moss_block":5,"minecraft:oak_planks":30,"minecraft:iron_boots":3,"minecraft:egg":2,"minecraft:raw_iron":89,"minecraft:stick":16,"minecraft:cooked_porkchop":7,"minecraft:torch":95,"minecraft:gravel":10,"minecraft:porkchop":39,"minecraft:pointed_dripstone":20,"minecraft:diorite":1,"minecraft:spruce_log":7,"minecraft:arrow":17,"minecraft:rotten_flesh":13,"minecraft:diamond":10,"minecraft:stone_axe":1,"minecraft:pumpkin_pie":1,"minecraft:granite":4,"minecraft:golden_apple":1,"minecraft:bread":6,"minecraft:baked_potato":3,"minecraft:oak_sapling":2,"minecraft:glow_berries":9,"minecraft:mutton":4,"minecraft:coal":434,"minecraft:white_wool":3,"minecraft:cobblestone":159}},"DataVersion":3465}