{"stats":{"minecraft:crafted":{"minecraft:oak_planks":8916,"minecraft:cobblestone_slab":276,"minecraft:barrel":3,"minecraft:oak_sign":9,"minecraft:cooked_chicken":2,"minecraft:stone":1,"minecraft:cobblestone_stairs":40,"minecraft:diamond_shovel":2,"minecraft:bookshelf":11,"minecraft:cooked_mutton":22,"minecraft:hopper":1,"minecraft:diamond_helmet":1,"minecraft:diamond_leggings":1,"minecraft:iron_boots":2,"minecraft:chest":30,"minecraft:oak_button":52,"minecraft:rail":80,"minecraft:birch_button":24,"minecraft:oak_fence":213,"minecraft:oak_slab":24,"minecraft:emerald":853,"minecraft:arrow":384,"minecraft:cooked_porkchop":48,"minecraft:diamond_axe":4,"minecraft:crafting_table":20,"minecraft:spruce_planks":8456,"minecraft:baked_potato":617,"minecraft:wooden_pickaxe":1,"minecraft:iron_helmet":3,"minecraft:fletching_table":3,"minecraft:birch_planks":2656,"minecraft:lectern":2,"minecraft:iron_chestplate":2,"minecraft:diamond_pickaxe":5,"minecraft:charcoal":68,"minecraft:shield":6,"minecraft:stick":26760,"minecraft:iron_ingot":107,"minecraft:iron_pickaxe":4,"minecraft:iron_block":67,"minecraft:redstone_torch":10,"minecraft:spruce_button":66,"minecraft:furnace":16,"minecraft:bone_meal":81,"minecraft:iron_axe":4,"minecraft:iron_hoe":3,"minecraft:stone_pickaxe":4,"minecraft:diamond_boots":1,"minecraft:spruce_boat":1,"minecraft:minecart":3,"minecraft:powered_rail":12,"minecraft:iron_sword":1,"minecraft:bucket":4,"minecraft:stone_axe":2,"minecraft:enchanted_book":14,"minecraft:bread":1,"minecraft:air":0,"minecraft:oak_fence_gate":4,"minecraft:oak_boat":10,"minecraft:wooden_axe":1,"minecraft:iron_shovel":10,"minecraft:iron_leggings":3,"minecraft:anvil":1,"minecraft:white_bed":16,"minecraft:torch":1532,"minecraft:diamond_chestplate":1},"minecraft:killed_by":{"minecraft:creeper":5,"minecraft:iron_golem":1,"minecraft:skeleton":5},"minecraft:dropped":{"minecraft:iron_sword":1,"minecraft:diamond_axe":1,"minecraft:oak_log":2,"minecraft:baked_potato":37,"minecraft:glow_ink_sac":3,"minecraft:crafting_table":1,"minecraft:cooked_porkchop":1,"minecraft:leather":1,"minecraft:emerald":6,"minecraft:dirt":3,"minecraft:gravel":10,"minecraft:stone_axe":1,"minecraft:cobbled_deepslate":11,"minecraft:wheat":2,"minecraft:rotten_flesh":12,"minecraft:oak_planks":1,"minecraft:carrot":401,"minecraft:poppy":52,"minecraft:arrow":3,"minecraft:enchanted_book":2,"minecraft:iron_ingot":231,"minecraft:wheat_seeds":12,"minecraft:poisonous_potato":9,"minecraft:iron_helmet":1,"minecraft:cobblestone":197,"minecraft:spruce_button":18,"minecraft:coal":226,"minecraft:stick":14,"minecraft:diorite":1,"minecraft:torch":128,"minecraft:brown_wool":1,"minecraft:iron_leggings":2,"minecraft:iron_axe":3,"minecraft:string":6,"minecraft:spruce_sapling":2,"minecraft:raw_copper":64,"minecraft:tuff":2,"minecraft:raw_iron":11,"minecraft:iron_boots":4,"minecraft:potato":1406,"minecraft:shield":2,"minecraft:oak_button":2,"minecraft:spruce_planks":4,"minecraft:diamond_pickaxe":5,"minecraft:iron_chestplate":4,"minecraft:oak_boat":1,"minecraft:spider_eye":1},"minecraft:picked_up":{"minecraft:wooden_axe":4,"minecraft:iron_chestplate":14,"minecraft:chainmail_boots":6,"minecraft:enchanted_book":6,"minecraft:brewing_stand":1,"minecraft:string":11,"minecraft:raw_copper":380,"minecraft:iron_leggings":8,"minecraft:oak_sign":1,"minecraft:cobbled_deepslate":2612,"minecraft:crimson_fence":1,"minecraft:spruce_planks":33,"minecraft:redstone_torch":7,"minecraft:rose_bush":2,"minecraft:cobblestone_slab":91,"minecraft:iron_pickaxe":3,"minecraft:furnace":2,"minecraft:iron_boots":12,"minecraft:stick":108,"minecraft:composter":4,"minecraft:oak_fence":24,"minecraft:torch":1073,"minecraft:porkchop":78,"minecraft:golden_axe":1,"minecraft:pointed_dripstone":45,"minecraft:diorite":13,"minecraft:golden_chestplate":1,"minecraft:rotten_flesh":165,"minecraft:cobblestone":4817,"minecraft:birch_log":641,"minecraft:leather_chestplate":1,"minecraft:feather":4,"minecraft:water_bucket":6,"minecraft:andesite":87,"minecraft:brown_wool":1,"minecraft:potato":7784,"minecraft:flint":25,"minecraft:tuff":158,"minecraft:lapis_lazuli":177,"minecraft:dirt":2734,"minecraft:name_tag":1,"minecraft:bone":89,"minecraft:bow":2,"minecraft:wheat_seeds":93,"minecraft:raw_gold":130,"minecraft:fletching_table":18,"minecraft:powered_rail":16,"minecraft:moss_block":8,"minecraft:oak_planks":420,"minecraft:cooked_porkchop":109,"minecraft:poisonous_potato":53,"minecraft:barrel":1,"minecraft:iron_hoe":5,"minecraft:diamond":141,"minecraft:granite":19,"minecraft:golden_apple":3,"minecraft:spruce_button":1,"minecraft:bread":17,"minecraft:oak_sapling":34,"minecraft:diamond_pickaxe":11,"minecraft:coarse_dirt":1,"minecraft:crafting_table":13,"minecraft:chicken":4,"minecraft:clay_ball":24,"minecraft:wooden_pickaxe":2,"minecraft:shield":13,"minecraft:iron_axe":4,"minecraft:iron_shovel":4,"minecraft:beef":8,"minecraft:oak_boat":17,"minecraft:poppy":10,"minecraft:lectern":392,"minecraft:minecart":11,"minecraft:chest":5,"minecraft:birch_sapling":7,"minecraft:egg":3,"minecraft:raw_iron":242,"minecraft:carrot":2758,"minecraft:redstone":88,"minecraft:arrow":119,"minecraft:pumpkin_pie":1,"minecraft:gold_ingot":3,"minecraft:glow_berries":9,"minecraft:mutton":48,"minecraft:white_wool":63,"minecraft:rail":154,"minecraft:stripped_oak_log":1,"minecraft:golden_carrot":14,"minecraft:glow_ink_sac":12,"minecraft:leather":15,"minecraft:birch_planks":1,"minecraft:oak_log":2316,"minecraft:yellow_bed":2,"minecraft:gunpowder":11,"minecraft:cobblestone_stairs":12,"minecraft:blue_bed":13,"minecraft:cooked_mutton":95,"minecraft:apple":20,"minecraft:iron_ingot":475,"minecraft:stone_pickaxe":1,"minecraft:iron_sword":8,"minecraft:book":74,"minecraft:oak_slab":1,"minecraft:dandelion":8,"minecraft:gravel":239,"minecraft:spruce_sapling":2,"minecraft:blast_furnace":1,"minecraft:white_bed":26,"minecraft:spruce_log":1309,"minecraft:spider_eye":11,"minecraft:stone_axe":1,"minecraft:iron_helmet":9,"minecraft:diamond_axe":2,"minecraft:gray_wool":1,"minecraft:oak_button":3,"minecraft:baked_potato":75,"minecraft:coal":1177,"minecraft:hopper":2},"minecraft:used":{"minecraft:moss_block":5,"minecraft:iron_shovel":1901,"minecraft:oak_sign":10,"minecraft:chest":34,"minecraft:shield":235,"minecraft:iron_sword":193,"minecraft:rotten_flesh":14,"minecraft:iron_chestplate":2,"minecraft:carrot":994,"minecraft:spruce_boat":1,"minecraft:lava_bucket":2,"minecraft:bow":4,"minecraft:furnace":16,"minecraft:potato":2637,"minecraft:diorite":1,"minecraft:stone_pickaxe":314,"minecraft:powered_rail":18,"minecraft:oak_planks":14,"minecraft:wooden_pickaxe":48,"minecraft:leather_chestplate":1,"minecraft:blue_bed":10,"minecraft:diamond_axe":4670,"minecraft:glow_berries":19,"minecraft:blast_furnace":1,"minecraft:redstone_torch":13,"minecraft:bread":24,"minecraft:lectern":394,"minecraft:andesite":2,"minecraft:oak_boat":19,"minecraft:bone_meal":81,"minecraft:oak_fence":227,"minecraft:crimson_fence":1,"minecraft:spruce_planks":17,"minecraft:cooked_chicken":2,"minecraft:torch":1314,"minecraft:dirt":1425,"minecraft:anvil":1,"minecraft:hopper":3,"minecraft:oak_fence_gate":4,"minecraft:iron_hoe":578,"minecraft:wooden_axe":37,"minecraft:bookshelf":9,"minecraft:iron_axe":843,"minecraft:barrel":4,"minecraft:golden_carrot":2,"minecraft:minecart":12,"minecraft:cobbled_deepslate":56,"minecraft:cooked_mutton":21,"minecraft:water_bucket":239,"minecraft:cobblestone_stairs":22,"minecraft:birch_planks":1,"minecraft:baked_potato":120,"minecraft:fletching_table":19,"minecraft:cobblestone_slab":141,"minecraft:rail":158,"minecraft:oak_slab":6,"minecraft:crafting_table":28,"minecraft:white_bed":38,"minecraft:oak_log":1,"minecraft:diamond_pickaxe":8526,"minecraft:apple":1,"minecraft:diamond_shovel":595,"minecraft:oak_button":7,"minecraft:iron_pickaxe":348,"minecraft:stone_axe":42,"minecraft:cobblestone":747,"minecraft:porkchop":5,"minecraft:cooked_porkchop":56,"minecraft:bucket":242,"minecraft:pumpkin_pie":1,"minecraft:yellow_bed":5},"minecraft:killed":{"minecraft:cave_spider":1,"minecraft:spider":11,"minecraft:skeleton":47,"minecraft:chicken":3,"minecraft:wolf":1,"minecraft:pig":20,"minecraft:zombie_villager":1,"minecraft:iron_golem":6,"minecraft:creeper":8,"minecraft:sheep":29,"minecraft:zombie":95,"minecraft:cow":6,"minecraft:horse":1,"minecraft:drowned":1,"minecraft:villager":2},"minecraft:broken":{"minecraft:iron_shovel":6,"minecraft:iron_boots":1,"minecraft:stone_pickaxe":1,"minecraft:diamond_pickaxe":2,"minecraft:iron_sword":1,"minecraft:wooden_axe":1,"minecraft:iron_hoe":2,"minecraft:shield":3,"minecraft:diamond_axe":1,"minecraft:iron_axe":2,"minecraft:iron_pickaxe":1,"minecraft:iron_helmet":1},"minecraft:mined":{"minecraft:spruce_planks":1,"minecraft:white_bed":21,"minecraft:farmland":1,"minecraft:cobblestone_stairs":13,"minecraft:cave_vines_plant":1,"minecraft:granite":10,"minecraft:grass_block":921,"minecraft:composter":4,"minecraft:hopper":2,"minecraft:spawner":1,"minecraft:iron_ore":83,"minecraft:cobbled_deepslate":11,"minecraft:fletching_table":17,"minecraft:deepslate_lapis_ore":4,"minecraft:cave_vines":3,"minecraft:dirt_path":19,"minecraft:oak_stairs":68,"minecraft:deepslate_redstone_ore":20,"minecraft:powder_snow":5,"minecraft:clay":4,"minecraft:torch":55,"minecraft:poppy":1,"minecraft:chest":5,"minecraft:cobblestone":264,"minecraft:oak_planks":35,"minecraft:wall_torch":51,"minecraft:white_terracotta":47,"minecraft:powered_rail":17,"minecraft:birch_log":592,"minecraft:grass":420,"minecraft:oak_log":2131,"minecraft:dirt":1103,"minecraft:oak_leaves":205,"minecraft:deepslate":3678,"minecraft:tuff":260,"minecraft:mossy_cobblestone":4,"minecraft:deepslate_diamond_ore":75,"minecraft:spruce_leaves":101,"minecraft:moss_block":9,"minecraft:large_fern":28,"minecraft:redstone_ore":1,"minecraft:oak_trapdoor":2,"minecraft:carrots":806,"minecraft:andesite":72,"minecraft:bookshelf":11,"minecraft:potatoes":2278,"minecraft:deepslate_iron_ore":117,"minecraft:cobblestone_slab":102,"minecraft:rail":152,"minecraft:stone":3654,"minecraft:white_wool":1,"minecraft:redstone_wall_torch":1,"minecraft:podzol":2,"minecraft:oak_slab":1,"minecraft:glass_pane":5,"minecraft:dandelion":5,"minecraft:oak_fence":29,"minecraft:crafting_table":6,"minecraft:rose_bush":2,"minecraft:lectern":392,"minecraft:tall_grass":18,"minecraft:copper_ore":46,"minecraft:lapis_ore":10,"minecraft:deepslate_gold_ore":41,"minecraft:diorite":3,"minecraft:blue_bed":8,"minecraft:birch_planks":1,"minecraft:redstone_torch":7,"minecraft:ice":3,"minecraft:spruce_log":1446,"minecraft:birch_leaves":11,"minecraft:yellow_bed":3,"minecraft:coal_ore":466,"minecraft:gravel":79,"minecraft:terracotta":2,"minecraft:crimson_fence":1,"minecraft:fern":8},"minecraft:custom":{"minecraft:interact_with_crafting_table":247,"minecraft:open_barrel":3,"minecraft:leave_game":34,"minecraft:time_since_death":273883,"minecraft:sprint_one_cm":3418997,"minecraft:damage_blocked_by_shield":15165,"minecraft:drop":637,"minecraft:talked_to_villager":739,"minecraft:play_time":1035074,"minecraft:deaths":12,"minecraft:jump":14011,"minecraft:walk_on_water_one_cm":63027,"minecraft:interact_with_furnace":291,"minecraft:traded_with_villager":900,"minecraft:sleep_in_bed":57,"minecraft:damage_dealt":41052,"minecraft:player_kills":1,"minecraft:crouch_one_cm":69301,"minecraft:horse_one_cm":3302,"minecraft:mob_kills":244,"minecraft:interact_with_anvil":14,"minecraft:inspect_hopper":10,"minecraft:interact_with_campfire":4,"minecraft:climb_one_cm":2744,"minecraft:walk_one_cm":3654256,"minecraft:sneak_time":22521,"minecraft:walk_under_water_one_cm":12469,"minecraft:boat_one_cm":117761,"minecraft:interact_with_blast_furnace":2,"minecraft:total_world_time":1035074,"minecraft:time_since_rest":9062,"minecraft:damage_taken":12329,"minecraft:minecart_one_cm":5436,"minecraft:swim_one_cm":98539,"minecraft:fly_one_cm":2644044,"minecraft:open_chest":1001,"minecraft:fall_one_cm":341569}},"DataVersion":3465}