{"stats":{"minecraft:custom":{"minecraft:time_since_rest":5802,"minecraft:sprint_one_cm":74088,"minecraft:walk_one_cm":49886,"minecraft:damage_taken":150,"minecraft:mob_kills":4,"minecraft:drop":3,"minecraft:damage_dealt":628,"minecraft:interact_with_crafting_table":4,"minecraft:player_kills":1,"minecraft:fly_one_cm":42238,"minecraft:crouch_one_cm":1212,"minecraft:play_time":17868,"minecraft:interact_with_campfire":4,"minecraft:sneak_time":624,"minecraft:jump":328,"minecraft:time_since_death":17868,"minecraft:sleep_in_bed":1,"minecraft:total_world_time":17868,"minecraft:fall_one_cm":7760},"minecraft:used":{"minecraft:cooked_mutton":3,"minecraft:wooden_axe":15,"minecraft:bread":2,"minecraft:stone_pickaxe":116,"minecraft:wooden_pickaxe":13,"minecraft:torch":8,"minecraft:stone_axe":14,"minecraft:dirt":4,"minecraft:crafting_table":2},"minecraft:crafted":{"minecraft:oak_planks":56,"minecraft:crafting_table":2,"minecraft:stick":48,"minecraft:wooden_pickaxe":1,"minecraft:stone_pickaxe":1,"minecraft:wooden_axe":1,"minecraft:torch":124,"minecraft:stone_axe":1},"minecraft:mined":{"minecraft:large_fern":3,"minecraft:grass":1,"minecraft:oak_log":20,"minecraft:grass_block":6,"minecraft:coal_ore":104,"minecraft:dirt":10,"minecraft:stone":25,"minecraft:oak_leaves":3},"minecraft:dropped":{"minecraft:stone_axe":1,"minecraft:oak_log":1,"minecraft:torch":60},"minecraft:killed":{"minecraft:sheep":2,"minecraft:zombie":1,"minecraft:chicken":1},"minecraft:picked_up":{"minecraft:stick":1,"minecraft:chicken":1,"minecraft:cooked_porkchop":7,"minecraft:oak_log":21,"minecraft:blue_bed":1,"minecraft:dirt":16,"minecraft:cooked_mutton":3,"minecraft:stone_axe":1,"minecraft:wheat_seeds":1,"minecraft:bread":5,"minecraft:oak_sapling":2,"minecraft:mutton":4,"minecraft:coal":108,"minecraft:white_wool":2,"minecraft:cobblestone":25}},"DataVersion":3465}