{"stats":{"minecraft:broken":{"minecraft:iron_shovel":6,"minecraft:diamond_helmet":2,"minecraft:iron_boots":1,"minecraft:stone_pickaxe":1,"minecraft:diamond_boots":1,"minecraft:diamond_pickaxe":2,"minecraft:iron_sword":1,"minecraft:wooden_axe":1,"minecraft:iron_hoe":5,"minecraft:diamond_chestplate":1,"minecraft:diamond_leggings":2,"minecraft:shield":3,"minecraft:diamond_axe":1,"minecraft:iron_axe":2,"minecraft:iron_pickaxe":2,"minecraft:iron_helmet":1},"minecraft:custom":{"minecraft:animals_bred":3,"minecraft:interact_with_crafting_table":367,"minecraft:open_barrel":3,"minecraft:leave_game":72,"minecraft:time_since_death":330727,"minecraft:sprint_one_cm":6969886,"minecraft:damage_blocked_by_shield":19875,"minecraft:drop":801,"minecraft:talked_to_villager":1659,"minecraft:play_time":2554055,"minecraft:deaths":35,"minecraft:jump":27571,"minecraft:interact_with_brewingstand":10,"minecraft:walk_on_water_one_cm":93042,"minecraft:enchant_item":8,"minecraft:interact_with_furnace":364,"minecraft:traded_with_villager":3238,"minecraft:sleep_in_bed":100,"minecraft:damage_dealt":59615,"minecraft:player_kills":3,"minecraft:crouch_one_cm":786655,"minecraft:horse_one_cm":3302,"minecraft:interact_with_anvil":35,"minecraft:mob_kills":338,"minecraft:inspect_hopper":105,"minecraft:interact_with_campfire":4,"minecraft:climb_one_cm":5515,"minecraft:walk_one_cm":6670470,"minecraft:sneak_time":175516,"minecraft:walk_under_water_one_cm":25145,"minecraft:boat_one_cm":263876,"minecraft:interact_with_blast_furnace":2,"minecraft:total_world_time":2554055,"minecraft:time_since_rest":29355,"minecraft:damage_taken":36519,"minecraft:minecart_one_cm":5436,"minecraft:swim_one_cm":244519,"minecraft:fly_one_cm":5271154,"minecraft:open_chest":2876,"minecraft:fall_one_cm":685868},"minecraft:mined":{"minecraft:spruce_planks":1,"minecraft:white_bed":25,"minecraft:farmland":1,"minecraft:cobblestone_stairs":17,"minecraft:obsidian":28,"minecraft:cave_vines_plant":1,"minecraft:granite":13,"minecraft:grass_block":1666,"minecraft:cracked_polished_blackstone_bricks":18,"minecraft:oak_pressure_plate":1,"minecraft:soul_soil":16,"minecraft:composter":8,"minecraft:hopper":2,"minecraft:oxeye_daisy":1,"minecraft:spawner":1,"minecraft:gilded_blackstone":1,"minecraft:polished_blackstone_bricks":53,"minecraft:tall_seagrass":13,"minecraft:magma_block":3905,"minecraft:iron_ore":83,"minecraft:turtle_egg":6,"minecraft:fire":13,"minecraft:cobbled_deepslate":11,"minecraft:deepslate_lapis_ore":4,"minecraft:fletching_table":24,"minecraft:twisting_vines":1,"minecraft:cave_vines":3,"minecraft:dirt_path":82,"minecraft:iron_bars":2,"minecraft:oak_stairs":227,"minecraft:iron_block":1,"minecraft:deepslate_redstone_ore":20,"minecraft:brown_mushroom":16,"minecraft:blackstone":60,"minecraft:kelp_plant":6,"minecraft:crimson_nylium":16,"minecraft:soul_fire":2,"minecraft:powder_snow":5,"minecraft:clay":4,"minecraft:torch":81,"minecraft:blast_furnace":12,"minecraft:poppy":4,"minecraft:chest":9,"minecraft:glass":491,"minecraft:nether_quartz_ore":18,"minecraft:cobblestone":933,"minecraft:oak_planks":159,"minecraft:sugar_cane":148,"minecraft:wall_torch":54,"minecraft:white_terracotta":47,"minecraft:seagrass":6,"minecraft:warped_nylium":25,"minecraft:powered_rail":32,"minecraft:birch_log":1727,"minecraft:lilac":9,"minecraft:smooth_stone_slab":15,"minecraft:grass":490,"minecraft:oak_log":5900,"minecraft:oak_fence_gate":2,"minecraft:sand":593,"minecraft:dirt":1901,"minecraft:netherrack":4754,"minecraft:deepslate":3692,"minecraft:oak_leaves":279,"minecraft:nether_gold_ore":36,"minecraft:tuff":260,"minecraft:mossy_cobblestone":26,"minecraft:deepslate_diamond_ore":75,"minecraft:oak_door":1,"minecraft:crimson_roots":1,"minecraft:spruce_leaves":121,"minecraft:moss_block":9,"minecraft:large_fern":32,"minecraft:redstone_ore":1,"minecraft:oak_trapdoor":34,"minecraft:furnace":2,"minecraft:carrots":1267,"minecraft:andesite":80,"minecraft:gold_block":5,"minecraft:bookshelf":35,"minecraft:potatoes":3930,"minecraft:cobblestone_slab":350,"minecraft:deepslate_iron_ore":117,"minecraft:rail":258,"minecraft:warped_stem":17,"minecraft:stripped_oak_log":18,"minecraft:warped_trapdoor":2,"minecraft:stone":3791,"minecraft:white_wool":1,"minecraft:redstone_wall_torch":1,"minecraft:podzol":2,"minecraft:oak_slab":1,"minecraft:glass_pane":12,"minecraft:soul_sand":4,"minecraft:dandelion":10,"minecraft:oak_fence":162,"minecraft:crafting_table":8,"minecraft:warped_roots":2,"minecraft:rose_bush":2,"minecraft:lectern":651,"minecraft:copper_ore":46,"minecraft:tall_grass":42,"minecraft:lapis_ore":10,"minecraft:deepslate_gold_ore":41,"minecraft:diorite":4,"minecraft:blue_bed":8,"minecraft:birch_planks":1,"minecraft:cobblestone_wall":1,"minecraft:redstone_torch":11,"minecraft:ice":3,"minecraft:spruce_log":2371,"minecraft:birch_leaves":18,"minecraft:yellow_bed":3,"minecraft:coal_ore":466,"minecraft:gravel":92,"minecraft:terracotta":2,"minecraft:crimson_fence":1,"minecraft:fern":9},"minecraft:picked_up":{"minecraft:wooden_axe":4,"minecraft:seagrass":13,"minecraft:iron_chestplate":16,"minecraft:chainmail_boots":7,"minecraft:lead":2,"minecraft:diamond_sword":1,"minecraft:turtle_egg":10,"minecraft:oak_stairs":134,"minecraft:potion":2,"minecraft:enchanted_book":6,"minecraft:crimson_planks":4,"minecraft:brewing_stand":2,"minecraft:string":16,"minecraft:soul_soil":52,"minecraft:raw_copper":380,"minecraft:iron_leggings":10,"minecraft:experience_bottle":192,"minecraft:oak_sign":1,"minecraft:diamond_leggings":8,"minecraft:gold_nugget":1094,"minecraft:cobbled_deepslate":2645,"minecraft:crimson_fence":6,"minecraft:spruce_planks":133,"minecraft:rose_bush":2,"minecraft:redstone_torch":15,"minecraft:cobblestone_slab":380,"minecraft:iron_pickaxe":13,"minecraft:crimson_sign":18,"minecraft:iron_boots":13,"minecraft:furnace":6,"minecraft:stick":187,"minecraft:composter":12,"minecraft:oak_fence":162,"minecraft:torch":1123,"minecraft:porkchop":147,"minecraft:golden_axe":1,"minecraft:pointed_dripstone":45,"minecraft:diorite":14,"minecraft:golden_chestplate":1,"minecraft:rotten_flesh":321,"minecraft:iron_block":1,"minecraft:blaze_rod":4,"minecraft:obsidian":27,"minecraft:cobblestone":5485,"minecraft:birch_log":1741,"minecraft:magma_block":7434,"minecraft:leather_chestplate":1,"minecraft:feather":6,"minecraft:lilac":8,"minecraft:water_bucket":6,"minecraft:andesite":95,"minecraft:brown_wool":1,"minecraft:potato":16930,"minecraft:flint":27,"minecraft:tuff":158,"minecraft:warped_trapdoor":6,"minecraft:lapis_lazuli":177,"minecraft:dirt":3975,"minecraft:name_tag":1,"minecraft:glass":844,"minecraft:bone":104,"minecraft:bow":10,"minecraft:stonecutter":3,"minecraft:wheat_seeds":116,"minecraft:raw_gold":130,"minecraft:fletching_table":25,"minecraft:diamond_helmet":5,"minecraft:powered_rail":35,"minecraft:moss_block":8,"minecraft:oak_planks":525,"minecraft:cooked_porkchop":109,"minecraft:poisonous_potato":80,"minecraft:sand":559,"minecraft:grass_block":1,"minecraft:barrel":1,"minecraft:mossy_cobblestone":21,"minecraft:iron_hoe":6,"minecraft:diamond":141,"minecraft:spruce_boat":1,"minecraft:cracked_polished_blackstone_bricks":17,"minecraft:granite":22,"minecraft:golden_apple":3,"minecraft:spruce_button":1,"minecraft:emerald":64,"minecraft:bread":17,"minecraft:oak_sapling":88,"minecraft:netherrack":2881,"minecraft:bricks":1,"minecraft:crimson_roots":3,"minecraft:diamond_pickaxe":17,"minecraft:coarse_dirt":1,"minecraft:crafting_table":18,"minecraft:chicken":5,"minecraft:clay_ball":56,"minecraft:brown_mushroom":16,"minecraft:wooden_pickaxe":2,"minecraft:gold_block":6,"minecraft:shield":16,"minecraft:cornflower":2,"minecraft:oak_trapdoor":18,"minecraft:iron_axe":6,"minecraft:flint_and_steel":1,"minecraft:iron_shovel":4,"minecraft:blackstone":51,"minecraft:beef":8,"minecraft:oak_boat":29,"minecraft:poppy":17,"minecraft:minecart":21,"minecraft:lectern":651,"minecraft:sugar_cane":237,"minecraft:chest":9,"minecraft:birch_sapling":14,"minecraft:egg":6,"minecraft:raw_iron":242,"minecraft:oak_door":2,"minecraft:polished_blackstone_bricks":61,"minecraft:carrot":5354,"minecraft:redstone":88,"minecraft:arrow":623,"minecraft:diamond_chestplate":8,"minecraft:pumpkin_pie":1,"minecraft:diamond_boots":6,"minecraft:gold_ingot":3,"minecraft:glow_berries":9,"minecraft:mutton":49,"minecraft:rail":280,"minecraft:white_wool":64,"minecraft:oxeye_daisy":1,"minecraft:stripped_oak_log":17,"minecraft:golden_carrot":120,"minecraft:glow_ink_sac":12,"minecraft:leather":22,"minecraft:birch_planks":1,"minecraft:oak_log":5983,"minecraft:golden_boots":1,"minecraft:yellow_bed":2,"minecraft:gunpowder":11,"minecraft:cobblestone_stairs":16,"minecraft:blue_bed":13,"minecraft:cooked_mutton":95,"minecraft:apple":24,"minecraft:kelp":25,"minecraft:warped_stem":17,"minecraft:iron_ingot":648,"minecraft:oak_fence_gate":2,"minecraft:stone_pickaxe":1,"minecraft:iron_sword":8,"minecraft:soul_sand":4,"minecraft:book":149,"minecraft:oak_slab":3,"minecraft:warped_fungus":1,"minecraft:quartz":11,"minecraft:dandelion":14,"minecraft:gravel":245,"minecraft:spruce_sapling":5,"minecraft:blast_furnace":13,"minecraft:white_bed":31,"minecraft:spruce_log":2184,"minecraft:spider_eye":14,"minecraft:diamond_shovel":2,"minecraft:stone_axe":1,"minecraft:iron_helmet":11,"minecraft:diamond_axe":13,"minecraft:gray_wool":2,"minecraft:warped_roots":3,"minecraft:oak_button":7,"minecraft:baked_potato":813,"minecraft:warped_nylium":4,"minecraft:coal":1179,"minecraft:hopper":63,"minecraft:ender_pearl":1},"minecraft:killed_by":{"minecraft:piglin_brute":2,"minecraft:creeper":5,"minecraft:zombie":2,"minecraft:player":1,"minecraft:iron_golem":1,"minecraft:hoglin":3,"minecraft:skeleton":5},"minecraft:used":{"minecraft:moss_block":5,"minecraft:iron_shovel":1901,"minecraft:oak_sign":10,"minecraft:ladder":3,"minecraft:shield":285,"minecraft:chest":47,"minecraft:iron_sword":193,"minecraft:rotten_flesh":14,"minecraft:iron_chestplate":2,"minecraft:soul_sand":2,"minecraft:carrot":1565,"minecraft:obsidian":20,"minecraft:glass":707,"minecraft:spruce_boat":1,"minecraft:lava_bucket":8,"minecraft:iron_helmet":1,"minecraft:magma_block":3728,"minecraft:bow":85,"minecraft:furnace":16,"minecraft:egg":1,"minecraft:potato":5025,"minecraft:diorite":2,"minecraft:diamond_boots":1,"minecraft:oak_planks":87,"minecraft:sugar_cane":143,"minecraft:stone_pickaxe":314,"minecraft:powered_rail":34,"minecraft:ender_pearl":1,"minecraft:leather_chestplate":1,"minecraft:wooden_pickaxe":48,"minecraft:composter":8,"minecraft:diamond_axe":11592,"minecraft:blue_bed":10,"minecraft:glow_berries":19,"minecraft:white_wool":1,"minecraft:sand":24,"minecraft:blast_furnace":12,"minecraft:redstone_torch":21,"minecraft:bread":40,"minecraft:lectern":661,"minecraft:diamond_sword":98,"minecraft:andesite":2,"minecraft:oak_boat":20,"minecraft:bone_meal":81,"minecraft:oak_fence":425,"minecraft:oak_trapdoor":136,"minecraft:enchanting_table":1,"minecraft:crimson_fence":1,"minecraft:flint_and_steel":4,"minecraft:spruce_planks":17,"minecraft:cooked_chicken":2,"minecraft:netherrack":1571,"minecraft:torch":1435,"minecraft:brewing_stand":1,"minecraft:dirt":2242,"minecraft:anvil":1,"minecraft:hopper":3,"minecraft:diamond_helmet":1,"minecraft:oak_fence_gate":6,"minecraft:iron_hoe":1419,"minecraft:wooden_axe":37,"minecraft:bookshelf":51,"minecraft:iron_axe":850,"minecraft:iron_block":1,"minecraft:barrel":4,"minecraft:diamond_chestplate":1,"minecraft:golden_carrot":15,"minecraft:minecart":13,"minecraft:turtle_egg":6,"minecraft:cobbled_deepslate":95,"minecraft:cooked_mutton":21,"minecraft:water_bucket":411,"minecraft:cobblestone_stairs":22,"minecraft:birch_planks":1,"minecraft:glass_bottle":3,"minecraft:baked_potato":500,"minecraft:fletching_table":27,"minecraft:cobblestone_slab":587,"minecraft:polished_blackstone_bricks":44,"minecraft:rail":287,"minecraft:crafting_table":33,"minecraft:oak_slab":6,"minecraft:white_bed":41,"minecraft:oak_log":3,"minecraft:diamond_pickaxe":20114,"minecraft:apple":1,"minecraft:warped_trapdoor":14,"minecraft:diamond_shovel":2784,"minecraft:iron_pickaxe":1340,"minecraft:oak_button":7,"minecraft:stone_axe":42,"minecraft:cobblestone":1195,"minecraft:porkchop":5,"minecraft:cooked_porkchop":56,"minecraft:bucket":438,"minecraft:pumpkin_pie":1,"minecraft:yellow_bed":5,"minecraft:diamond_leggings":2,"minecraft:splash_potion":3},"minecraft:killed":{"minecraft:cave_spider":1,"minecraft:zombified_piglin":4,"minecraft:spider":14,"minecraft:skeleton":54,"minecraft:chicken":4,"minecraft:cat":1,"minecraft:wolf":1,"minecraft:piglin":16,"minecraft:pig":20,"minecraft:zombie_villager":1,"minecraft:salmon":1,"minecraft:iron_golem":9,"minecraft:creeper":8,"minecraft:sheep":30,"minecraft:trader_llama":2,"minecraft:zombie":110,"minecraft:blaze":5,"minecraft:cow":9,"minecraft:horse":1,"minecraft:drowned":1,"minecraft:wandering_trader":1,"minecraft:hoglin":13,"minecraft:wither_skeleton":5,"minecraft:villager":3,"minecraft:enderman":8},"minecraft:crafted":{"minecraft:oak_planks":24440,"minecraft:barrel":3,"minecraft:cobblestone_slab":402,"minecraft:oak_sign":9,"minecraft:blaze_powder":2,"minecraft:cooked_chicken":2,"minecraft:cobblestone_stairs":40,"minecraft:stone":1,"minecraft:diamond_shovel":3,"minecraft:bookshelf":61,"minecraft:cooked_mutton":22,"minecraft:warped_planks":68,"minecraft:glass":494,"minecraft:hopper":46,"minecraft:diamond_helmet":6,"minecraft:diamond_leggings":6,"minecraft:bow":1,"minecraft:iron_boots":3,"minecraft:chest":135,"minecraft:oak_button":52,"minecraft:rail":80,"minecraft:birch_button":24,"minecraft:oak_fence":357,"minecraft:golden_boots":1,"minecraft:glass_bottle":3,"minecraft:oak_slab":84,"minecraft:emerald":3664,"minecraft:arrow":384,"minecraft:cooked_porkchop":48,"minecraft:diamond_axe":4,"minecraft:crafting_table":26,"minecraft:spruce_planks":15400,"minecraft:iron_helmet":4,"minecraft:wooden_pickaxe":1,"minecraft:baked_potato":617,"minecraft:fletching_table":4,"minecraft:gold_block":64,"minecraft:birch_planks":7324,"minecraft:lectern":10,"minecraft:iron_chestplate":3,"minecraft:diamond_pickaxe":5,"minecraft:charcoal":68,"minecraft:emerald_block":128,"minecraft:shield":17,"minecraft:stick":77988,"minecraft:iron_ingot":701,"minecraft:iron_pickaxe":10,"minecraft:iron_block":323,"minecraft:gold_ingot":582,"minecraft:redstone_torch":10,"minecraft:composter":4,"minecraft:shears":1,"minecraft:spruce_button":130,"minecraft:furnace":17,"minecraft:bone_meal":81,"minecraft:warped_trapdoor":20,"minecraft:oak_trapdoor":110,"minecraft:flint_and_steel":1,"minecraft:iron_axe":5,"minecraft:ladder":3,"minecraft:iron_hoe":15,"minecraft:spruce_slab":6,"minecraft:stone_pickaxe":4,"minecraft:diamond_boots":6,"minecraft:spruce_boat":1,"minecraft:minecart":3,"minecraft:sugar":6,"minecraft:diamond_sword":3,"minecraft:enchanting_table":1,"minecraft:powered_rail":12,"minecraft:iron_sword":2,"minecraft:bucket":30,"minecraft:stone_axe":2,"minecraft:enchanted_book":31,"minecraft:air":0,"minecraft:bread":1,"minecraft:oak_fence_gate":4,"minecraft:oak_boat":11,"minecraft:gold_nugget":18,"minecraft:chainmail_boots":21,"minecraft:fermented_spider_eye":6,"minecraft:wooden_axe":1,"minecraft:iron_shovel":10,"minecraft:iron_leggings":16,"minecraft:anvil":1,"minecraft:white_bed":16,"minecraft:torch":1652,"minecraft:diamond_chestplate":5},"minecraft:dropped":{"minecraft:iron_sword":1,"minecraft:porkchop":14,"minecraft:diamond_axe":2,"minecraft:warped_fungus":1,"minecraft:baked_potato":160,"minecraft:oak_log":2,"minecraft:glow_ink_sac":3,"minecraft:crafting_table":2,"minecraft:cooked_porkchop":1,"minecraft:leather":1,"minecraft:emerald":43,"minecraft:dirt":11,"minecraft:cornflower":1,"minecraft:mutton":1,"minecraft:sand":5,"minecraft:iron_pickaxe":2,"minecraft:bone":2,"minecraft:gravel":10,"minecraft:stone_axe":1,"minecraft:cobbled_deepslate":40,"minecraft:wheat":2,"minecraft:birch_sapling":1,"minecraft:rotten_flesh":38,"minecraft:oak_planks":7,"minecraft:diamond_shovel":1,"minecraft:warped_planks":4,"minecraft:carrot":780,"minecraft:poppy":589,"minecraft:chainmail_boots":9,"minecraft:arrow":51,"minecraft:glass":1,"minecraft:quartz":1,"minecraft:netherrack":34,"minecraft:egg":1,"minecraft:enchanted_book":2,"minecraft:iron_ingot":275,"minecraft:wheat_seeds":14,"minecraft:lilac":2,"minecraft:minecart":2,"minecraft:diamond_leggings":4,"minecraft:poisonous_potato":9,"minecraft:iron_helmet":1,"minecraft:feather":2,"minecraft:cobblestone":222,"minecraft:book":1,"minecraft:spruce_button":82,"minecraft:coal":226,"minecraft:stick":34,"minecraft:diorite":1,"minecraft:golden_carrot":53,"minecraft:torch":130,"minecraft:brown_wool":1,"minecraft:diamond_helmet":1,"minecraft:iron_leggings":14,"minecraft:iron_axe":3,"minecraft:string":6,"minecraft:spruce_sapling":5,"minecraft:furnace":1,"minecraft:warped_nylium":4,"minecraft:raw_copper":64,"minecraft:tuff":2,"minecraft:raw_iron":11,"minecraft:experience_bottle":192,"minecraft:chicken":1,"minecraft:iron_boots":4,"minecraft:blast_furnace":1,"minecraft:potato":2287,"minecraft:cobblestone_slab":7,"minecraft:shield":4,"minecraft:oak_button":2,"minecraft:diamond_chestplate":2,"minecraft:spruce_planks":12,"minecraft:diamond_pickaxe":6,"minecraft:iron_chestplate":4,"minecraft:oak_sapling":3,"minecraft:oak_boat":4,"minecraft:redstone_torch":1,"minecraft:spider_eye":2,"minecraft:diamond_boots":1,"minecraft:bow":3}},"DataVersion":3465}