{"stats":{"minecraft:broken":{"minecraft:iron_shovel":2,"minecraft:stone_pickaxe":1,"minecraft:shield":2,"minecraft:diamond_pickaxe":2,"minecraft:iron_axe":1,"minecraft:iron_sword":1,"minecraft:iron_pickaxe":1,"minecraft:iron_helmet":1,"minecraft:wooden_axe":1,"minecraft:iron_hoe":2},"minecraft:custom":{"minecraft:mob_kills":179,"minecraft:interact_with_crafting_table":123,"minecraft:interact_with_campfire":4,"minecraft:leave_game":12,"minecraft:time_since_death":93933,"minecraft:climb_one_cm":135,"minecraft:sprint_one_cm":1520557,"minecraft:walk_one_cm":1365833,"minecraft:damage_blocked_by_shield":10230,"minecraft:drop":79,"minecraft:talked_to_villager":86,"minecraft:play_time":468844,"minecraft:sneak_time":10436,"minecraft:deaths":10,"minecraft:walk_under_water_one_cm":10428,"minecraft:boat_one_cm":86712,"minecraft:jump":7973,"minecraft:interact_with_blast_furnace":2,"minecraft:walk_on_water_one_cm":31799,"minecraft:total_world_time":468844,"minecraft:interact_with_furnace":194,"minecraft:traded_with_villager":37,"minecraft:sleep_in_bed":27,"minecraft:time_since_rest":13676,"minecraft:damage_taken":9456,"minecraft:damage_dealt":27002,"minecraft:player_kills":1,"minecraft:swim_one_cm":93142,"minecraft:fly_one_cm":1277185,"minecraft:open_chest":221,"minecraft:crouch_one_cm":24321,"minecraft:fall_one_cm":204575,"minecraft:horse_one_cm":3302},"minecraft:mined":{"minecraft:tuff":122,"minecraft:spruce_planks":1,"minecraft:white_bed":11,"minecraft:farmland":1,"minecraft:mossy_cobblestone":4,"minecraft:deepslate_diamond_ore":29,"minecraft:cobblestone_stairs":13,"minecraft:cave_vines_plant":1,"minecraft:granite":6,"minecraft:grass_block":498,"minecraft:spruce_leaves":15,"minecraft:moss_block":9,"minecraft:spawner":1,"minecraft:large_fern":3,"minecraft:redstone_ore":1,"minecraft:oak_trapdoor":2,"minecraft:carrots":38,"minecraft:iron_ore":82,"minecraft:cobbled_deepslate":6,"minecraft:andesite":66,"minecraft:deepslate_lapis_ore":3,"minecraft:fletching_table":4,"minecraft:bookshelf":1,"minecraft:potatoes":149,"minecraft:cave_vines":3,"minecraft:deepslate_iron_ore":115,"minecraft:cobblestone_slab":47,"minecraft:rail":6,"minecraft:oak_stairs":68,"minecraft:stone":2268,"minecraft:white_wool":1,"minecraft:podzol":2,"minecraft:deepslate_redstone_ore":14,"minecraft:glass_pane":5,"minecraft:dandelion":3,"minecraft:powder_snow":5,"minecraft:clay":4,"minecraft:oak_fence":16,"minecraft:crafting_table":2,"minecraft:torch":11,"minecraft:poppy":1,"minecraft:chest":1,"minecraft:lectern":11,"minecraft:copper_ore":24,"minecraft:tall_grass":16,"minecraft:cobblestone":112,"minecraft:deepslate_gold_ore":22,"minecraft:lapis_ore":10,"minecraft:oak_planks":35,"minecraft:blue_bed":8,"minecraft:wall_torch":28,"minecraft:diorite":2,"minecraft:white_terracotta":47,"minecraft:birch_log":27,"minecraft:ice":3,"minecraft:spruce_log":78,"minecraft:birch_leaves":2,"minecraft:yellow_bed":2,"minecraft:grass":358,"minecraft:coal_ore":264,"minecraft:oak_log":208,"minecraft:gravel":57,"minecraft:dirt":265,"minecraft:terracotta":2,"minecraft:oak_leaves":33,"minecraft:deepslate":1904,"minecraft:fern":4},"minecraft:picked_up":{"minecraft:wooden_axe":4,"minecraft:iron_chestplate":12,"minecraft:coarse_dirt":1,"minecraft:crafting_table":8,"minecraft:chicken":4,"minecraft:clay_ball":24,"minecraft:wooden_pickaxe":2,"minecraft:enchanted_book":1,"minecraft:brewing_stand":1,"minecraft:shield":13,"minecraft:string":4,"minecraft:raw_copper":156,"minecraft:iron_axe":3,"minecraft:iron_leggings":7,"minecraft:iron_shovel":3,"minecraft:cobbled_deepslate":1877,"minecraft:spruce_planks":5,"minecraft:beef":8,"minecraft:oak_boat":6,"minecraft:cobblestone_slab":40,"minecraft:poppy":2,"minecraft:iron_pickaxe":3,"minecraft:lectern":11,"minecraft:chest":1,"minecraft:birch_sapling":5,"minecraft:furnace":2,"minecraft:iron_boots":11,"minecraft:egg":2,"minecraft:stick":88,"minecraft:raw_iron":231,"minecraft:oak_fence":12,"minecraft:torch":967,"minecraft:porkchop":78,"minecraft:golden_axe":1,"minecraft:pointed_dripstone":45,"minecraft:diorite":2,"minecraft:carrot":146,"minecraft:redstone":58,"minecraft:golden_chestplate":1,"minecraft:arrow":110,"minecraft:rotten_flesh":131,"minecraft:pumpkin_pie":1,"minecraft:gold_ingot":3,"minecraft:glow_berries":9,"minecraft:mutton":48,"minecraft:rail":6,"minecraft:white_wool":63,"minecraft:cobblestone":3385,"minecraft:stripped_oak_log":1,"minecraft:birch_log":102,"minecraft:feather":4,"minecraft:glow_ink_sac":12,"minecraft:water_bucket":6,"minecraft:andesite":83,"minecraft:leather":15,"minecraft:brown_wool":1,"minecraft:potato":592,"minecraft:flint":21,"minecraft:tuff":97,"minecraft:oak_log":466,"minecraft:yellow_bed":2,"minecraft:gunpowder":10,"minecraft:cobblestone_stairs":12,"minecraft:lapis_lazuli":177,"minecraft:blue_bed":13,"minecraft:dirt":1487,"minecraft:name_tag":1,"minecraft:cooked_mutton":95,"minecraft:bone":75,"minecraft:apple":16,"minecraft:bow":2,"minecraft:wheat_seeds":79,"minecraft:raw_gold":82,"minecraft:iron_ingot":58,"minecraft:stone_pickaxe":1,"minecraft:fletching_table":5,"minecraft:moss_block":8,"minecraft:iron_sword":8,"minecraft:oak_planks":385,"minecraft:book":4,"minecraft:cooked_porkchop":109,"minecraft:dandelion":6,"minecraft:poisonous_potato":3,"minecraft:gravel":233,"minecraft:white_bed":16,"minecraft:spruce_log":72,"minecraft:spider_eye":10,"minecraft:iron_hoe":5,"minecraft:diamond":38,"minecraft:stone_axe":1,"minecraft:iron_helmet":6,"minecraft:granite":16,"minecraft:golden_apple":3,"minecraft:gray_wool":1,"minecraft:bread":17,"minecraft:baked_potato":3,"minecraft:oak_sapling":16,"minecraft:coal":722,"minecraft:diamond_pickaxe":7},"minecraft:killed_by":{"minecraft:creeper":5,"minecraft:skeleton":5},"minecraft:used":{"minecraft:oak_fence":90,"minecraft:moss_block":5,"minecraft:iron_shovel":811,"minecraft:chest":11,"minecraft:spruce_planks":17,"minecraft:shield":146,"minecraft:iron_sword":193,"minecraft:cooked_chicken":2,"minecraft:rotten_flesh":14,"minecraft:iron_chestplate":1,"minecraft:torch":1001,"minecraft:dirt":285,"minecraft:carrot":144,"minecraft:oak_fence_gate":2,"minecraft:spruce_boat":1,"minecraft:iron_hoe":558,"minecraft:wooden_axe":37,"minecraft:iron_axe":513,"minecraft:bow":4,"minecraft:furnace":16,"minecraft:minecart":1,"minecraft:potato":506,"minecraft:cobbled_deepslate":43,"minecraft:cooked_mutton":21,"minecraft:water_bucket":219,"minecraft:diorite":1,"minecraft:cobblestone_stairs":22,"minecraft:diamond_axe":191,"minecraft:baked_potato":11,"minecraft:oak_planks":14,"minecraft:stone_pickaxe":314,"minecraft:blue_bed":10,"minecraft:wooden_pickaxe":48,"minecraft:fletching_table":3,"minecraft:cobblestone_slab":102,"minecraft:glow_berries":19,"minecraft:rail":81,"minecraft:crafting_table":22,"minecraft:white_bed":11,"minecraft:diamond_pickaxe":4520,"minecraft:diamond_shovel":89,"minecraft:bread":24,"minecraft:iron_pickaxe":346,"minecraft:lectern":12,"minecraft:stone_axe":42,"minecraft:cobblestone":454,"minecraft:porkchop":5,"minecraft:cooked_porkchop":53,"minecraft:andesite":2,"minecraft:bucket":219,"minecraft:pumpkin_pie":1,"minecraft:oak_boat":7,"minecraft:bone_meal":81},"minecraft:killed":{"minecraft:cave_spider":1,"minecraft:spider":7,"minecraft:skeleton":36,"minecraft:horse":1,"minecraft:chicken":3,"minecraft:wolf":1,"minecraft:pig":20,"minecraft:zombie_villager":1,"minecraft:creeper":4,"minecraft:sheep":29,"minecraft:zombie":60,"minecraft:cow":6},"minecraft:crafted":{"minecraft:oak_planks":644,"minecraft:cobblestone_slab":186,"minecraft:cooked_chicken":2,"minecraft:furnace":16,"minecraft:cobblestone_stairs":40,"minecraft:bone_meal":81,"minecraft:diamond_shovel":1,"minecraft:bookshelf":1,"minecraft:cooked_mutton":22,"minecraft:iron_boots":1,"minecraft:iron_axe":3,"minecraft:iron_hoe":2,"minecraft:stone_pickaxe":4,"minecraft:chest":10,"minecraft:spruce_boat":1,"minecraft:rail":80,"minecraft:oak_fence":114,"minecraft:minecart":1,"minecraft:oak_slab":6,"minecraft:diamond_axe":1,"minecraft:emerald":36,"minecraft:cooked_porkchop":48,"minecraft:crafting_table":18,"minecraft:spruce_planks":112,"minecraft:baked_potato":8,"minecraft:iron_helmet":2,"minecraft:wooden_pickaxe":1,"minecraft:iron_sword":1,"minecraft:bucket":1,"minecraft:stone_axe":2,"minecraft:enchanted_book":1,"minecraft:bread":1,"minecraft:air":0,"minecraft:oak_fence_gate":2,"minecraft:oak_boat":5,"minecraft:lectern":1,"minecraft:iron_chestplate":1,"minecraft:diamond_pickaxe":4,"minecraft:charcoal":63,"minecraft:shield":5,"minecraft:stick":536,"minecraft:iron_ingot":107,"minecraft:iron_pickaxe":2,"minecraft:wooden_axe":1,"minecraft:iron_shovel":3,"minecraft:iron_leggings":1,"minecraft:white_bed":2,"minecraft:torch":1228},"minecraft:dropped":{"minecraft:iron_ingot":32,"minecraft:iron_sword":1,"minecraft:wheat_seeds":11,"minecraft:oak_log":2,"minecraft:glow_ink_sac":3,"minecraft:crafting_table":1,"minecraft:cooked_porkchop":1,"minecraft:iron_helmet":1,"minecraft:cobblestone":119,"minecraft:leather":1,"minecraft:emerald":6,"minecraft:stick":2,"minecraft:torch":60,"minecraft:brown_wool":1,"minecraft:iron_leggings":1,"minecraft:iron_axe":1,"minecraft:string":2,"minecraft:gravel":4,"minecraft:stone_axe":1,"minecraft:cobbled_deepslate":11,"minecraft:tuff":2,"minecraft:wheat":2,"minecraft:rotten_flesh":4,"minecraft:oak_planks":1,"minecraft:iron_boots":4,"minecraft:shield":1,"minecraft:spruce_planks":3,"minecraft:diamond_pickaxe":2,"minecraft:iron_chestplate":3,"minecraft:spider_eye":1}},"DataVersion":3465}