{"stats":{"minecraft:dropped":{"minecraft:iron_sword":1,"minecraft:diamond_axe":1,"minecraft:oak_log":2,"minecraft:baked_potato":159,"minecraft:glow_ink_sac":3,"minecraft:crafting_table":1,"minecraft:cooked_porkchop":1,"minecraft:leather":1,"minecraft:emerald":43,"minecraft:dirt":7,"minecraft:mutton":1,"minecraft:iron_pickaxe":2,"minecraft:gravel":10,"minecraft:stone_axe":1,"minecraft:cobbled_deepslate":40,"minecraft:wheat":2,"minecraft:birch_sapling":1,"minecraft:rotten_flesh":38,"minecraft:oak_planks":1,"minecraft:carrot":779,"minecraft:poppy":589,"minecraft:chainmail_boots":9,"minecraft:arrow":5,"minecraft:netherrack":1,"minecraft:egg":1,"minecraft:enchanted_book":2,"minecraft:iron_ingot":231,"minecraft:wheat_seeds":12,"minecraft:lilac":1,"minecraft:minecart":2,"minecraft:diamond_leggings":4,"minecraft:poisonous_potato":9,"minecraft:iron_helmet":1,"minecraft:feather":2,"minecraft:cobblestone":222,"minecraft:spruce_button":82,"minecraft:coal":226,"minecraft:stick":14,"minecraft:diorite":1,"minecraft:golden_carrot":53,"minecraft:torch":128,"minecraft:brown_wool":1,"minecraft:diamond_helmet":1,"minecraft:iron_leggings":14,"minecraft:iron_axe":3,"minecraft:string":6,"minecraft:spruce_sapling":5,"minecraft:furnace":1,"minecraft:raw_copper":64,"minecraft:tuff":2,"minecraft:raw_iron":11,"minecraft:chicken":1,"minecraft:iron_boots":4,"minecraft:potato":2286,"minecraft:cobblestone_slab":2,"minecraft:shield":3,"minecraft:oak_button":2,"minecraft:diamond_chestplate":2,"minecraft:spruce_planks":12,"minecraft:diamond_pickaxe":5,"minecraft:iron_chestplate":4,"minecraft:oak_sapling":3,"minecraft:oak_boat":3,"minecraft:spider_eye":2,"minecraft:diamond_boots":1,"minecraft:bow":1},"minecraft:broken":{"minecraft:iron_shovel":6,"minecraft:iron_boots":1,"minecraft:stone_pickaxe":1,"minecraft:diamond_pickaxe":2,"minecraft:iron_sword":1,"minecraft:wooden_axe":1,"minecraft:iron_hoe":5,"minecraft:shield":3,"minecraft:diamond_axe":1,"minecraft:iron_axe":2,"minecraft:iron_pickaxe":1,"minecraft:iron_helmet":1},"minecraft:used":{"minecraft:moss_block":5,"minecraft:iron_shovel":1901,"minecraft:ladder":3,"minecraft:oak_sign":10,"minecraft:chest":37,"minecraft:shield":266,"minecraft:iron_sword":193,"minecraft:rotten_flesh":14,"minecraft:iron_chestplate":2,"minecraft:carrot":1273,"minecraft:spruce_boat":1,"minecraft:lava_bucket":8,"minecraft:iron_helmet":1,"minecraft:bow":76,"minecraft:furnace":16,"minecraft:potato":3831,"minecraft:diorite":2,"minecraft:oak_planks":31,"minecraft:stone_pickaxe":314,"minecraft:powered_rail":34,"minecraft:ender_pearl":1,"minecraft:wooden_pickaxe":48,"minecraft:leather_chestplate":1,"minecraft:composter":8,"minecraft:blue_bed":10,"minecraft:diamond_axe":7142,"minecraft:white_wool":1,"minecraft:glow_berries":19,"minecraft:blast_furnace":12,"minecraft:redstone_torch":21,"minecraft:bread":24,"minecraft:lectern":569,"minecraft:diamond_sword":63,"minecraft:andesite":2,"minecraft:oak_boat":19,"minecraft:bone_meal":81,"minecraft:oak_fence":425,"minecraft:enchanting_table":1,"minecraft:crimson_fence":1,"minecraft:flint_and_steel":2,"minecraft:spruce_planks":17,"minecraft:cooked_chicken":2,"minecraft:netherrack":86,"minecraft:torch":1431,"minecraft:dirt":2211,"minecraft:anvil":1,"minecraft:hopper":3,"minecraft:oak_fence_gate":6,"minecraft:iron_hoe":1417,"minecraft:wooden_axe":37,"minecraft:bookshelf":41,"minecraft:iron_axe":843,"minecraft:barrel":4,"minecraft:golden_carrot":13,"minecraft:minecart":13,"minecraft:cobbled_deepslate":91,"minecraft:cooked_mutton":21,"minecraft:water_bucket":411,"minecraft:cobblestone_stairs":22,"minecraft:birch_planks":1,"minecraft:baked_potato":230,"minecraft:fletching_table":24,"minecraft:cobblestone_slab":583,"minecraft:polished_blackstone_bricks":44,"minecraft:rail":287,"minecraft:oak_slab":6,"minecraft:crafting_table":30,"minecraft:white_bed":41,"minecraft:oak_log":1,"minecraft:diamond_pickaxe":10560,"minecraft:apple":1,"minecraft:diamond_shovel":2150,"minecraft:oak_button":7,"minecraft:iron_pickaxe":689,"minecraft:stone_axe":42,"minecraft:cobblestone":1175,"minecraft:porkchop":5,"minecraft:cooked_porkchop":56,"minecraft:bucket":438,"minecraft:pumpkin_pie":1,"minecraft:yellow_bed":5,"minecraft:diamond_leggings":1},"minecraft:picked_up":{"minecraft:wooden_axe":4,"minecraft:iron_chestplate":15,"minecraft:chainmail_boots":7,"minecraft:diamond_sword":1,"minecraft:oak_stairs":134,"minecraft:enchanted_book":6,"minecraft:crimson_planks":4,"minecraft:brewing_stand":2,"minecraft:string":14,"minecraft:raw_copper":380,"minecraft:iron_leggings":9,"minecraft:oak_sign":1,"minecraft:diamond_leggings":6,"minecraft:gold_nugget":23,"minecraft:cobbled_deepslate":2641,"minecraft:crimson_fence":6,"minecraft:spruce_planks":89,"minecraft:rose_bush":2,"minecraft:redstone_torch":15,"minecraft:cobblestone_slab":365,"minecraft:iron_pickaxe":7,"minecraft:furnace":6,"minecraft:crimson_sign":18,"minecraft:iron_boots":12,"minecraft:stick":140,"minecraft:composter":12,"minecraft:oak_fence":162,"minecraft:torch":1113,"minecraft:porkchop":104,"minecraft:golden_axe":1,"minecraft:pointed_dripstone":45,"minecraft:diorite":14,"minecraft:golden_chestplate":1,"minecraft:rotten_flesh":177,"minecraft:obsidian":11,"minecraft:cobblestone":5462,"minecraft:birch_log":805,"minecraft:magma_block":5,"minecraft:leather_chestplate":1,"minecraft:feather":6,"minecraft:lilac":1,"minecraft:water_bucket":6,"minecraft:andesite":95,"minecraft:brown_wool":1,"minecraft:potato":10465,"minecraft:flint":27,"minecraft:tuff":158,"minecraft:lapis_lazuli":177,"minecraft:dirt":3917,"minecraft:name_tag":1,"minecraft:glass":116,"minecraft:bone":94,"minecraft:bow":7,"minecraft:stonecutter":3,"minecraft:wheat_seeds":115,"minecraft:raw_gold":130,"minecraft:fletching_table":23,"minecraft:diamond_helmet":3,"minecraft:powered_rail":34,"minecraft:moss_block":8,"minecraft:oak_planks":504,"minecraft:cooked_porkchop":109,"minecraft:poisonous_potato":61,"minecraft:barrel":1,"minecraft:mossy_cobblestone":21,"minecraft:iron_hoe":5,"minecraft:diamond":141,"minecraft:spruce_boat":1,"minecraft:cracked_polished_blackstone_bricks":17,"minecraft:granite":22,"minecraft:golden_apple":3,"minecraft:spruce_button":1,"minecraft:bread":17,"minecraft:oak_sapling":65,"minecraft:netherrack":462,"minecraft:bricks":1,"minecraft:crimson_roots":3,"minecraft:diamond_pickaxe":11,"minecraft:coarse_dirt":1,"minecraft:crafting_table":18,"minecraft:chicken":5,"minecraft:clay_ball":56,"minecraft:wooden_pickaxe":2,"minecraft:gold_block":6,"minecraft:shield":15,"minecraft:cornflower":1,"minecraft:oak_trapdoor":4,"minecraft:iron_axe":5,"minecraft:flint_and_steel":1,"minecraft:iron_shovel":4,"minecraft:blackstone":51,"minecraft:beef":8,"minecraft:oak_boat":27,"minecraft:poppy":17,"minecraft:minecart":21,"minecraft:lectern":561,"minecraft:chest":6,"minecraft:birch_sapling":11,"minecraft:egg":4,"minecraft:raw_iron":242,"minecraft:oak_door":2,"minecraft:polished_blackstone_bricks":61,"minecraft:carrot":3880,"minecraft:redstone":88,"minecraft:arrow":526,"minecraft:diamond_chestplate":4,"minecraft:pumpkin_pie":1,"minecraft:diamond_boots":3,"minecraft:gold_ingot":3,"minecraft:glow_berries":9,"minecraft:mutton":49,"minecraft:rail":280,"minecraft:white_wool":64,"minecraft:oxeye_daisy":1,"minecraft:stripped_oak_log":15,"minecraft:golden_carrot":120,"minecraft:glow_ink_sac":12,"minecraft:leather":19,"minecraft:birch_planks":1,"minecraft:oak_log":2881,"minecraft:yellow_bed":2,"minecraft:gunpowder":11,"minecraft:cobblestone_stairs":16,"minecraft:blue_bed":13,"minecraft:cooked_mutton":95,"minecraft:apple":20,"minecraft:iron_ingot":505,"minecraft:oak_fence_gate":2,"minecraft:stone_pickaxe":1,"minecraft:iron_sword":8,"minecraft:soul_sand":2,"minecraft:book":134,"minecraft:oak_slab":3,"minecraft:warped_fungus":1,"minecraft:quartz":1,"minecraft:dandelion":14,"minecraft:gravel":245,"minecraft:spruce_sapling":5,"minecraft:blast_furnace":13,"minecraft:white_bed":31,"minecraft:spruce_log":2184,"minecraft:spider_eye":12,"minecraft:stone_axe":1,"minecraft:iron_helmet":10,"minecraft:diamond_axe":3,"minecraft:gray_wool":2,"minecraft:oak_button":7,"minecraft:baked_potato":492,"minecraft:warped_nylium":4,"minecraft:coal":1177,"minecraft:hopper":2,"minecraft:ender_pearl":1},"minecraft:crafted":{"minecraft:oak_planks":11996,"minecraft:barrel":3,"minecraft:cobblestone_slab":402,"minecraft:oak_sign":9,"minecraft:cooked_chicken":2,"minecraft:stone":1,"minecraft:cobblestone_stairs":40,"minecraft:diamond_shovel":3,"minecraft:bookshelf":49,"minecraft:cooked_mutton":22,"minecraft:hopper":1,"minecraft:diamond_helmet":4,"minecraft:bow":1,"minecraft:diamond_leggings":4,"minecraft:iron_boots":2,"minecraft:chest":32,"minecraft:oak_button":52,"minecraft:rail":80,"minecraft:birch_button":24,"minecraft:oak_fence":357,"minecraft:oak_slab":78,"minecraft:emerald":1843,"minecraft:arrow":384,"minecraft:cooked_porkchop":48,"minecraft:diamond_axe":4,"minecraft:crafting_table":23,"minecraft:spruce_planks":15400,"minecraft:iron_helmet":3,"minecraft:wooden_pickaxe":1,"minecraft:baked_potato":617,"minecraft:fletching_table":3,"minecraft:birch_planks":3580,"minecraft:lectern":8,"minecraft:iron_chestplate":2,"minecraft:diamond_pickaxe":5,"minecraft:charcoal":68,"minecraft:shield":15,"minecraft:stick":47868,"minecraft:iron_ingot":683,"minecraft:iron_pickaxe":7,"minecraft:iron_block":195,"minecraft:redstone_torch":10,"minecraft:composter":4,"minecraft:spruce_button":130,"minecraft:furnace":17,"minecraft:bone_meal":81,"minecraft:iron_axe":4,"minecraft:ladder":3,"minecraft:iron_hoe":15,"minecraft:stone_pickaxe":4,"minecraft:diamond_boots":4,"minecraft:spruce_boat":1,"minecraft:minecart":3,"minecraft:diamond_sword":3,"minecraft:enchanting_table":1,"minecraft:powered_rail":12,"minecraft:iron_sword":2,"minecraft:bucket":30,"minecraft:stone_axe":2,"minecraft:enchanted_book":26,"minecraft:air":0,"minecraft:bread":1,"minecraft:oak_fence_gate":4,"minecraft:oak_boat":10,"minecraft:chainmail_boots":21,"minecraft:wooden_axe":1,"minecraft:iron_shovel":10,"minecraft:iron_leggings":15,"minecraft:anvil":1,"minecraft:white_bed":16,"minecraft:torch":1652,"minecraft:diamond_chestplate":3},"minecraft:custom":{"minecraft:interact_with_crafting_table":317,"minecraft:open_barrel":3,"minecraft:leave_game":49,"minecraft:time_since_death":246171,"minecraft:sprint_one_cm":5064117,"minecraft:damage_blocked_by_shield":18555,"minecraft:drop":753,"minecraft:talked_to_villager":1199,"minecraft:play_time":1431342,"minecraft:deaths":19,"minecraft:jump":18847,"minecraft:walk_on_water_one_cm":67372,"minecraft:enchant_item":2,"minecraft:interact_with_furnace":292,"minecraft:traded_with_villager":1969,"minecraft:sleep_in_bed":74,"minecraft:damage_dealt":53044,"minecraft:player_kills":2,"minecraft:crouch_one_cm":164189,"minecraft:horse_one_cm":3302,"minecraft:interact_with_anvil":25,"minecraft:mob_kills":307,"minecraft:inspect_hopper":10,"minecraft:interact_with_campfire":4,"minecraft:climb_one_cm":3659,"minecraft:walk_one_cm":5338487,"minecraft:sneak_time":46433,"minecraft:walk_under_water_one_cm":12555,"minecraft:boat_one_cm":118056,"minecraft:interact_with_blast_furnace":2,"minecraft:total_world_time":1431342,"minecraft:time_since_rest":10377,"minecraft:damage_taken":18178,"minecraft:minecart_one_cm":5436,"minecraft:swim_one_cm":98814,"minecraft:fly_one_cm":3664228,"minecraft:open_chest":1581,"minecraft:fall_one_cm":440424},"minecraft:killed_by":{"minecraft:piglin_brute":2,"minecraft:creeper":5,"minecraft:zombie":1,"minecraft:player":1,"minecraft:iron_golem":1,"minecraft:hoglin":1,"minecraft:skeleton":5},"minecraft:mined":{"minecraft:spruce_planks":1,"minecraft:white_bed":25,"minecraft:farmland":1,"minecraft:cobblestone_stairs":17,"minecraft:obsidian":11,"minecraft:cave_vines_plant":1,"minecraft:granite":13,"minecraft:grass_block":1657,"minecraft:cracked_polished_blackstone_bricks":18,"minecraft:oak_pressure_plate":1,"minecraft:composter":8,"minecraft:hopper":2,"minecraft:oxeye_daisy":1,"minecraft:gilded_blackstone":1,"minecraft:spawner":1,"minecraft:polished_blackstone_bricks":53,"minecraft:magma_block":1,"minecraft:iron_ore":83,"minecraft:cobbled_deepslate":11,"minecraft:fire":4,"minecraft:deepslate_lapis_ore":4,"minecraft:fletching_table":22,"minecraft:twisting_vines":1,"minecraft:cave_vines":3,"minecraft:dirt_path":82,"minecraft:oak_stairs":225,"minecraft:iron_bars":2,"minecraft:deepslate_redstone_ore":20,"minecraft:blackstone":60,"minecraft:crimson_nylium":14,"minecraft:powder_snow":5,"minecraft:clay":4,"minecraft:torch":77,"minecraft:blast_furnace":12,"minecraft:poppy":4,"minecraft:chest":6,"minecraft:nether_quartz_ore":1,"minecraft:cobblestone":927,"minecraft:oak_planks":156,"minecraft:wall_torch":53,"minecraft:white_terracotta":47,"minecraft:powered_rail":32,"minecraft:birch_log":752,"minecraft:lilac":2,"minecraft:smooth_stone_slab":15,"minecraft:grass":466,"minecraft:oak_log":2712,"minecraft:oak_fence_gate":2,"minecraft:dirt":1877,"minecraft:netherrack":345,"minecraft:oak_leaves":229,"minecraft:deepslate":3678,"minecraft:nether_gold_ore":4,"minecraft:tuff":260,"minecraft:mossy_cobblestone":26,"minecraft:deepslate_diamond_ore":75,"minecraft:oak_door":1,"minecraft:crimson_roots":1,"minecraft:spruce_leaves":117,"minecraft:moss_block":9,"minecraft:large_fern":32,"minecraft:redstone_ore":1,"minecraft:oak_trapdoor":6,"minecraft:furnace":2,"minecraft:carrots":990,"minecraft:andesite":80,"minecraft:gold_block":5,"minecraft:bookshelf":30,"minecraft:potatoes":2737,"minecraft:cobblestone_slab":337,"minecraft:deepslate_iron_ore":117,"minecraft:rail":258,"minecraft:stripped_oak_log":16,"minecraft:stone":3770,"minecraft:white_wool":1,"minecraft:redstone_wall_torch":1,"minecraft:podzol":2,"minecraft:oak_slab":1,"minecraft:glass_pane":12,"minecraft:soul_sand":2,"minecraft:dandelion":10,"minecraft:oak_fence":162,"minecraft:crafting_table":8,"minecraft:rose_bush":2,"minecraft:lectern":561,"minecraft:copper_ore":46,"minecraft:tall_grass":42,"minecraft:lapis_ore":10,"minecraft:deepslate_gold_ore":41,"minecraft:diorite":4,"minecraft:blue_bed":8,"minecraft:birch_planks":1,"minecraft:cobblestone_wall":1,"minecraft:redstone_torch":11,"minecraft:ice":3,"minecraft:spruce_log":2371,"minecraft:birch_leaves":14,"minecraft:yellow_bed":3,"minecraft:coal_ore":466,"minecraft:gravel":87,"minecraft:terracotta":2,"minecraft:crimson_fence":1,"minecraft:fern":9},"minecraft:killed":{"minecraft:cave_spider":1,"minecraft:zombified_piglin":2,"minecraft:spider":11,"minecraft:skeleton":52,"minecraft:chicken":4,"minecraft:cat":1,"minecraft:wolf":1,"minecraft:piglin":15,"minecraft:pig":20,"minecraft:zombie_villager":1,"minecraft:iron_golem":9,"minecraft:creeper":8,"minecraft:sheep":30,"minecraft:zombie":107,"minecraft:cow":8,"minecraft:horse":1,"minecraft:drowned":1,"minecraft:hoglin":10,"minecraft:villager":3,"minecraft:enderman":7}},"DataVersion":3465}