{"stats":{"minecraft:mined":{"minecraft:waxed_cut_copper_slab":1,"minecraft:white_bed":7,"minecraft:potted_cactus":1,"minecraft:brewing_stand":1,"minecraft:granite":5,"minecraft:acacia_log":7,"minecraft:grass_block":7,"minecraft:chiseled_tuff_bricks":6,"minecraft:tuff_bricks":77,"minecraft:tall_seagrass":3,"minecraft:cobbled_deepslate":7,"minecraft:iron_ore":38,"minecraft:fire":2,"minecraft:tripwire":1,"minecraft:orange_bed":1,"minecraft:waxed_cut_copper":1,"minecraft:torch":3,"minecraft:dead_bush":2,"minecraft:cobblestone":106,"minecraft:sugar_cane":169,"minecraft:oak_planks":2,"minecraft:wall_torch":6,"minecraft:seagrass":1,"minecraft:waxed_copper_bulb":6,"minecraft:wheat":30,"minecraft:waxed_copper_block":22,"minecraft:oak_log":16,"minecraft:beetroots":3,"minecraft:dirt":10,"minecraft:tripwire_hook":1,"minecraft:dispenser":9,"minecraft:deepslate":67,"minecraft:oak_leaves":2,"minecraft:tuff":19,"minecraft:deepslate_diamond_ore":16,"minecraft:waxed_oxidized_chiseled_copper":1,"minecraft:spruce_leaves":2,"minecraft:red_mushroom":1,"minecraft:hay_block":61,"minecraft:waxed_oxidized_cut_copper":6,"minecraft:carrots":16,"minecraft:andesite":6,"minecraft:chiseled_tuff":1,"minecraft:bookshelf":9,"minecraft:potatoes":5,"minecraft:deepslate_iron_ore":40,"minecraft:stone":676,"minecraft:waxed_weathered_copper_bulb":1,"minecraft:oak_slab":1,"minecraft:acacia_leaves":1,"minecraft:glass_pane":2,"minecraft:short_grass":26,"minecraft:lectern":2,"minecraft:tall_grass":5,"minecraft:lapis_ore":4,"minecraft:deepslate_gold_ore":12,"minecraft:diorite":10,"minecraft:black_stained_glass":1,"minecraft:lime_bed":1,"minecraft:waxed_oxidized_copper_grate":3,"minecraft:spruce_log":747,"minecraft:yellow_bed":3,"minecraft:coal_ore":91,"minecraft:gravel":7,"minecraft:cobweb":5,"minecraft:acacia_planks":1,"minecraft:gold_ore":12},"minecraft:broken":{"minecraft:crossbow":1,"minecraft:iron_axe":1},"minecraft:custom":{"minecraft:interact_with_crafting_table":35,"minecraft:open_barrel":7,"minecraft:bell_ring":1,"minecraft:eat_cake_slice":4,"minecraft:leave_game":9,"minecraft:time_since_death":37304,"minecraft:sprint_one_cm":2027408,"minecraft:damage_blocked_by_shield":3397,"minecraft:drop":65,"minecraft:talked_to_villager":91,"minecraft:play_time":471878,"minecraft:deaths":22,"minecraft:jump":9702,"minecraft:walk_on_water_one_cm":37181,"minecraft:enchant_item":1,"minecraft:interact_with_furnace":59,"minecraft:traded_with_villager":182,"minecraft:sleep_in_bed":25,"minecraft:damage_dealt":27221,"minecraft:player_kills":1,"minecraft:crouch_one_cm":65397,"minecraft:interact_with_smoker":2,"minecraft:interact_with_smithing_table":1,"minecraft:mob_kills":209,"minecraft:interact_with_anvil":2,"minecraft:climb_one_cm":24912,"minecraft:walk_one_cm":1034921,"minecraft:raid_win":2,"minecraft:sneak_time":22646,"minecraft:walk_under_water_one_cm":19125,"minecraft:boat_one_cm":34,"minecraft:interact_with_blast_furnace":1,"minecraft:total_world_time":471878,"minecraft:raid_trigger":1,"minecraft:interact_with_stonecutter":1,"minecraft:time_since_rest":6380,"minecraft:damage_taken":16323,"minecraft:damage_absorbed":81,"minecraft:swim_one_cm":144437,"minecraft:fly_one_cm":2094939,"minecraft:open_chest":253,"minecraft:fall_one_cm":307568},"minecraft:used":{"minecraft:tuff_bricks":29,"minecraft:chest":10,"minecraft:shield":75,"minecraft:iron_chestplate":3,"minecraft:carrot":1,"minecraft:tuff":2,"minecraft:snowball":1,"minecraft:ominous_bottle":1,"minecraft:diorite":1,"minecraft:diamond_boots":2,"minecraft:stone_pickaxe":107,"minecraft:oak_planks":10,"minecraft:wooden_pickaxe":13,"minecraft:diamond_axe":783,"minecraft:sugar_cane":6,"minecraft:crossbow":2,"minecraft:bread":77,"minecraft:melon_slice":19,"minecraft:lectern":3,"minecraft:diamond_sword":275,"minecraft:andesite":3,"minecraft:air":1,"minecraft:bone_meal":53,"minecraft:waxed_copper_bulb":1,"minecraft:trident":417,"minecraft:dead_bush":3,"minecraft:cooked_chicken":4,"minecraft:trial_key":4,"minecraft:orange_bed":1,"minecraft:torch":211,"minecraft:dirt":4,"minecraft:diamond_helmet":1,"minecraft:iron_axe":138,"minecraft:iron_boots":2,"minecraft:totem_of_undying":2,"minecraft:diamond_chestplate":3,"minecraft:beef":2,"minecraft:cooked_beef":13,"minecraft:cobbled_deepslate":12,"minecraft:bamboo_planks":6,"minecraft:cooked_mutton":17,"minecraft:acacia_boat":2,"minecraft:baked_potato":91,"minecraft:waxed_oxidized_cut_copper":4,"minecraft:cobblestone_slab":4,"minecraft:waxed_copper_block":1,"minecraft:crafting_table":3,"minecraft:white_bed":1,"minecraft:cake":1,"minecraft:spruce_log":16,"minecraft:nether_gold_ore":1,"minecraft:diamond_pickaxe":739,"minecraft:ominous_trial_key":2,"minecraft:wind_charge":3,"minecraft:iron_pickaxe":404,"minecraft:spruce_sapling":37,"minecraft:stone_axe":146,"minecraft:cobblestone":333,"minecraft:potion":1,"minecraft:cooked_porkchop":19,"minecraft:yellow_bed":1,"minecraft:splash_potion":3,"minecraft:diamond_leggings":7},"minecraft:dropped":{"minecraft:porkchop":2,"minecraft:ominous_bottle":1,"minecraft:diamond_axe":1,"minecraft:diamond":2,"minecraft:crossbow":2,"minecraft:emerald":5,"minecraft:snowball":1,"minecraft:iron_pickaxe":2,"minecraft:white_wool":1,"minecraft:stone_axe":1,"minecraft:cooked_chicken":1,"minecraft:enchanted_golden_apple":4,"minecraft:carrot":15,"minecraft:poppy":3,"minecraft:trident":2,"minecraft:melon_seeds":1,"minecraft:beef":2,"minecraft:enchanted_book":5,"minecraft:water_bucket":1,"minecraft:bread":50,"minecraft:feather":4,"minecraft:granite":7,"minecraft:ominous_trial_key":2,"minecraft:golden_apple":1,"minecraft:torch":1,"minecraft:iron_axe":1,"minecraft:raw_iron":16,"minecraft:iron_hoe":2,"minecraft:diamond_sword":1,"minecraft:potato":12,"minecraft:shield":2,"minecraft:trial_key":6,"minecraft:iron_chestplate":1,"minecraft:andesite":3},"minecraft:picked_up":{"minecraft:iron_chestplate":7,"minecraft:flower_pot":1,"minecraft:diamond_sword":9,"minecraft:enchanted_book":5,"minecraft:potion":5,"minecraft:brewing_stand":1,"minecraft:string":12,"minecraft:waxed_cut_copper_slab":1,"minecraft:iron_leggings":4,"minecraft:diamond_leggings":14,"minecraft:cobbled_deepslate":169,"minecraft:trial_key":10,"minecraft:iron_pickaxe":14,"minecraft:enchanted_golden_apple":4,"minecraft:melon_slice":27,"minecraft:iron_boots":7,"minecraft:furnace":10,"minecraft:tipped_arrow":81,"minecraft:stick":45,"minecraft:torch":185,"minecraft:acacia_log":7,"minecraft:porkchop":4,"minecraft:diorite":14,"minecraft:orange_bed":2,"minecraft:nether_gold_ore":1,"minecraft:cactus":4,"minecraft:honey_bottle":1,"minecraft:rotten_flesh":80,"minecraft:waxed_cut_copper":1,"minecraft:obsidian":4,"minecraft:snowball":2,"minecraft:cobblestone":1311,"minecraft:feather":4,"minecraft:cooked_beef":38,"minecraft:water_bucket":5,"minecraft:andesite":28,"minecraft:potato":5,"minecraft:flint":2,"minecraft:tuff":44,"minecraft:acacia_boat":2,"minecraft:dirt":34,"minecraft:lapis_lazuli":25,"minecraft:bone":218,"minecraft:acacia_planks":55,"minecraft:bow":3,"minecraft:wheat_seeds":72,"minecraft:raw_gold":24,"minecraft:diamond_helmet":8,"minecraft:oak_planks":38,"minecraft:diamond_block":2,"minecraft:dispenser":24,"minecraft:sugar":3,"minecraft:diamond":24,"minecraft:waxed_oxidized_copper_grate":3,"minecraft:breeze_rod":45,"minecraft:crossbow":21,"minecraft:granite":25,"minecraft:bone_meal":48,"minecraft:golden_apple":1,"minecraft:bread":146,"minecraft:emerald":57,"minecraft:ominous_trial_key":4,"minecraft:diamond_pickaxe":10,"minecraft:waxed_oxidized_cut_copper":6,"minecraft:crafting_table":3,"minecraft:splash_potion":7,"minecraft:ominous_bottle":1,"minecraft:wooden_pickaxe":3,"minecraft:shield":12,"minecraft:wind_charge":29,"minecraft:iron_axe":14,"minecraft:beef":4,"minecraft:poppy":25,"minecraft:lectern":2,"minecraft:sugar_cane":337,"minecraft:egg":2,"minecraft:raw_iron":108,"minecraft:fire_charge":22,"minecraft:trident":12,"minecraft:carrot":16,"minecraft:redstone":325,"minecraft:waxed_oxidized_chiseled_copper":1,"minecraft:arrow":174,"minecraft:diamond_chestplate":11,"minecraft:diamond_boots":10,"minecraft:hay_block":61,"minecraft:saddle":1,"minecraft:flow_armor_trim_smithing_template":5,"minecraft:totem_of_undying":3,"minecraft:tuff_bricks":109,"minecraft:mutton":6,"minecraft:white_wool":2,"minecraft:rail":1,"minecraft:lime_bed":1,"minecraft:glow_ink_sac":3,"minecraft:leather":1,"minecraft:cut_sandstone":3,"minecraft:waxed_copper_bulb":6,"minecraft:waxed_copper_block":35,"minecraft:oak_log":13,"minecraft:chainmail_chestplate":1,"minecraft:yellow_bed":3,"minecraft:gunpowder":4,"minecraft:white_banner":11,"minecraft:cooked_mutton":23,"minecraft:stone_pickaxe":1,"minecraft:iron_ingot":42,"minecraft:cooked_chicken":18,"minecraft:glass_bottle":14,"minecraft:book":27,"minecraft:emerald_block":1,"minecraft:gravel":8,"minecraft:spruce_sapling":72,"minecraft:white_bed":7,"minecraft:spruce_log":742,"minecraft:stone_axe":6,"minecraft:iron_helmet":5,"minecraft:diamond_axe":12,"minecraft:oak_button":10,"minecraft:baked_potato":283,"minecraft:melon_seeds":1,"minecraft:coal":158,"minecraft:chiseled_tuff_bricks":11},"minecraft:crafted":{"minecraft:oak_planks":52,"minecraft:cobblestone_slab":18,"minecraft:bookshelf":1,"minecraft:cooked_mutton":14,"minecraft:diamond_leggings":1,"minecraft:iron_boots":1,"minecraft:chest":10,"minecraft:oak_slab":6,"minecraft:emerald":229,"minecraft:cooked_porkchop":9,"minecraft:diamond_axe":1,"minecraft:crafting_table":2,"minecraft:spruce_planks":2904,"minecraft:baked_potato":48,"minecraft:wooden_pickaxe":1,"minecraft:iron_helmet":1,"minecraft:lectern":1,"minecraft:diamond_pickaxe":1,"minecraft:shield":1,"minecraft:stick":5888,"minecraft:iron_ingot":15,"minecraft:iron_pickaxe":1,"minecraft:gold_ingot":46,"minecraft:bone_meal":78,"minecraft:iron_hoe":3,"minecraft:stone_pickaxe":2,"minecraft:diamond_boots":1,"minecraft:glistering_melon_slice":8,"minecraft:wheat":36,"minecraft:diamond_sword":1,"minecraft:stone_axe":1,"minecraft:enchanted_book":3,"minecraft:acacia_boat":2,"minecraft:bread":4,"minecraft:air":0,"minecraft:acacia_planks":56,"minecraft:torch":168},"minecraft:killed_by":{"minecraft:drowned":3,"minecraft:vindicator":5,"minecraft:zombie":10,"minecraft:vex":2,"minecraft:player":1,"minecraft:skeleton":1},"minecraft:killed":{"minecraft:witch":6,"minecraft:spider":7,"minecraft:skeleton":13,"minecraft:chicken":2,"minecraft:silverfish":3,"minecraft:pig":4,"minecraft:salmon":1,"minecraft:iron_golem":5,"minecraft:creeper":5,"minecraft:sheep":4,"minecraft:pillager":16,"minecraft:zombie":43,"minecraft:cow":1,"minecraft:evoker":1,"minecraft:vex":5,"minecraft:bogged":47,"minecraft:vindicator":9,"minecraft:horse":1,"minecraft:husk":15,"minecraft:ravager":2,"minecraft:breeze":12}},"DataVersion":3955}