{"stats":{"minecraft:dropped":{"minecraft:iron_sword":1,"minecraft:diamond_axe":1,"minecraft:oak_log":2,"minecraft:baked_potato":159,"minecraft:glow_ink_sac":3,"minecraft:crafting_table":1,"minecraft:cooked_porkchop":1,"minecraft:leather":1,"minecraft:emerald":43,"minecraft:dirt":6,"minecraft:mutton":1,"minecraft:iron_pickaxe":2,"minecraft:gravel":10,"minecraft:stone_axe":1,"minecraft:cobbled_deepslate":40,"minecraft:wheat":2,"minecraft:birch_sapling":1,"minecraft:rotten_flesh":38,"minecraft:oak_planks":1,"minecraft:carrot":778,"minecraft:poppy":589,"minecraft:chainmail_boots":9,"minecraft:arrow":5,"minecraft:netherrack":1,"minecraft:egg":1,"minecraft:enchanted_book":2,"minecraft:iron_ingot":231,"minecraft:wheat_seeds":12,"minecraft:lilac":1,"minecraft:minecart":2,"minecraft:diamond_leggings":4,"minecraft:poisonous_potato":9,"minecraft:iron_helmet":1,"minecraft:feather":2,"minecraft:cobblestone":222,"minecraft:spruce_button":82,"minecraft:coal":226,"minecraft:stick":14,"minecraft:diorite":1,"minecraft:golden_carrot":53,"minecraft:torch":128,"minecraft:brown_wool":1,"minecraft:diamond_helmet":1,"minecraft:iron_leggings":14,"minecraft:iron_axe":3,"minecraft:string":6,"minecraft:spruce_sapling":5,"minecraft:furnace":1,"minecraft:raw_copper":64,"minecraft:tuff":2,"minecraft:raw_iron":11,"minecraft:chicken":1,"minecraft:iron_boots":4,"minecraft:potato":2285,"minecraft:cobblestone_slab":2,"minecraft:shield":3,"minecraft:oak_button":2,"minecraft:diamond_chestplate":2,"minecraft:spruce_planks":12,"minecraft:diamond_pickaxe":5,"minecraft:iron_chestplate":4,"minecraft:oak_sapling":3,"minecraft:oak_boat":3,"minecraft:spider_eye":1,"minecraft:diamond_boots":1,"minecraft:bow":1},"minecraft:broken":{"minecraft:iron_shovel":6,"minecraft:iron_boots":1,"minecraft:stone_pickaxe":1,"minecraft:diamond_pickaxe":2,"minecraft:iron_sword":1,"minecraft:wooden_axe":1,"minecraft:iron_hoe":2,"minecraft:shield":3,"minecraft:diamond_axe":1,"minecraft:iron_axe":2,"minecraft:iron_pickaxe":1,"minecraft:iron_helmet":1},"minecraft:used":{"minecraft:moss_block":5,"minecraft:iron_shovel":1901,"minecraft:oak_sign":10,"minecraft:chest":37,"minecraft:shield":260,"minecraft:iron_sword":193,"minecraft:rotten_flesh":14,"minecraft:iron_chestplate":2,"minecraft:carrot":994,"minecraft:spruce_boat":1,"minecraft:lava_bucket":8,"minecraft:iron_helmet":1,"minecraft:bow":61,"minecraft:furnace":16,"minecraft:potato":2637,"minecraft:diorite":2,"minecraft:oak_planks":31,"minecraft:stone_pickaxe":314,"minecraft:powered_rail":27,"minecraft:wooden_pickaxe":48,"minecraft:leather_chestplate":1,"minecraft:blue_bed":10,"minecraft:diamond_axe":6507,"minecraft:white_wool":1,"minecraft:glow_berries":19,"minecraft:blast_furnace":2,"minecraft:redstone_torch":21,"minecraft:bread":24,"minecraft:lectern":486,"minecraft:diamond_sword":63,"minecraft:andesite":2,"minecraft:oak_boat":19,"minecraft:bone_meal":81,"minecraft:oak_fence":227,"minecraft:enchanting_table":1,"minecraft:crimson_fence":1,"minecraft:flint_and_steel":2,"minecraft:spruce_planks":17,"minecraft:cooked_chicken":2,"minecraft:netherrack":86,"minecraft:torch":1362,"minecraft:dirt":1445,"minecraft:anvil":1,"minecraft:hopper":3,"minecraft:oak_fence_gate":4,"minecraft:iron_hoe":578,"minecraft:wooden_axe":37,"minecraft:bookshelf":38,"minecraft:iron_axe":843,"minecraft:barrel":4,"minecraft:golden_carrot":13,"minecraft:minecart":13,"minecraft:cobbled_deepslate":91,"minecraft:cooked_mutton":21,"minecraft:water_bucket":240,"minecraft:cobblestone_stairs":22,"minecraft:birch_planks":1,"minecraft:baked_potato":186,"minecraft:fletching_table":24,"minecraft:cobblestone_slab":569,"minecraft:polished_blackstone_bricks":44,"minecraft:rail":245,"minecraft:oak_slab":6,"minecraft:crafting_table":29,"minecraft:white_bed":41,"minecraft:oak_log":1,"minecraft:diamond_pickaxe":9385,"minecraft:apple":1,"minecraft:diamond_shovel":595,"minecraft:oak_button":7,"minecraft:iron_pickaxe":689,"minecraft:stone_axe":42,"minecraft:cobblestone":1119,"minecraft:porkchop":5,"minecraft:cooked_porkchop":56,"minecraft:bucket":265,"minecraft:pumpkin_pie":1,"minecraft:yellow_bed":5,"minecraft:diamond_leggings":1},"minecraft:picked_up":{"minecraft:wooden_axe":4,"minecraft:iron_chestplate":15,"minecraft:chainmail_boots":7,"minecraft:diamond_sword":1,"minecraft:enchanted_book":6,"minecraft:brewing_stand":2,"minecraft:crimson_planks":4,"minecraft:string":13,"minecraft:raw_copper":380,"minecraft:iron_leggings":9,"minecraft:oak_sign":1,"minecraft:diamond_leggings":6,"minecraft:cobbled_deepslate":2641,"minecraft:crimson_fence":6,"minecraft:spruce_planks":89,"minecraft:rose_bush":2,"minecraft:redstone_torch":14,"minecraft:cobblestone_slab":353,"minecraft:iron_pickaxe":7,"minecraft:furnace":6,"minecraft:crimson_sign":18,"minecraft:iron_boots":12,"minecraft:stick":140,"minecraft:composter":8,"minecraft:oak_fence":33,"minecraft:torch":1091,"minecraft:porkchop":104,"minecraft:golden_axe":1,"minecraft:pointed_dripstone":45,"minecraft:diorite":14,"minecraft:golden_chestplate":1,"minecraft:rotten_flesh":175,"minecraft:obsidian":11,"minecraft:cobblestone":5394,"minecraft:birch_log":805,"minecraft:magma_block":5,"minecraft:leather_chestplate":1,"minecraft:feather":6,"minecraft:lilac":1,"minecraft:water_bucket":6,"minecraft:andesite":95,"minecraft:brown_wool":1,"minecraft:potato":7959,"minecraft:flint":27,"minecraft:tuff":158,"minecraft:lapis_lazuli":177,"minecraft:dirt":3039,"minecraft:name_tag":1,"minecraft:glass":116,"minecraft:bone":92,"minecraft:stonecutter":3,"minecraft:bow":7,"minecraft:wheat_seeds":93,"minecraft:raw_gold":130,"minecraft:fletching_table":23,"minecraft:diamond_helmet":3,"minecraft:powered_rail":26,"minecraft:moss_block":8,"minecraft:oak_planks":424,"minecraft:cooked_porkchop":109,"minecraft:poisonous_potato":53,"minecraft:barrel":1,"minecraft:iron_hoe":5,"minecraft:diamond":141,"minecraft:spruce_boat":1,"minecraft:cracked_polished_blackstone_bricks":17,"minecraft:granite":22,"minecraft:golden_apple":3,"minecraft:spruce_button":1,"minecraft:bread":17,"minecraft:oak_sapling":65,"minecraft:netherrack":307,"minecraft:bricks":1,"minecraft:crimson_roots":3,"minecraft:diamond_pickaxe":11,"minecraft:coarse_dirt":1,"minecraft:crafting_table":18,"minecraft:chicken":5,"minecraft:clay_ball":56,"minecraft:wooden_pickaxe":2,"minecraft:gold_block":6,"minecraft:shield":15,"minecraft:iron_axe":5,"minecraft:flint_and_steel":1,"minecraft:iron_shovel":4,"minecraft:blackstone":51,"minecraft:beef":8,"minecraft:oak_boat":27,"minecraft:poppy":13,"minecraft:minecart":21,"minecraft:lectern":479,"minecraft:chest":6,"minecraft:birch_sapling":11,"minecraft:egg":4,"minecraft:raw_iron":242,"minecraft:polished_blackstone_bricks":61,"minecraft:carrot":2885,"minecraft:redstone":88,"minecraft:arrow":526,"minecraft:diamond_chestplate":4,"minecraft:pumpkin_pie":1,"minecraft:diamond_boots":3,"minecraft:gold_ingot":3,"minecraft:glow_berries":9,"minecraft:mutton":49,"minecraft:rail":238,"minecraft:white_wool":64,"minecraft:stripped_oak_log":1,"minecraft:golden_carrot":120,"minecraft:glow_ink_sac":12,"minecraft:leather":19,"minecraft:birch_planks":1,"minecraft:oak_log":2821,"minecraft:yellow_bed":2,"minecraft:gunpowder":11,"minecraft:cobblestone_stairs":12,"minecraft:blue_bed":13,"minecraft:cooked_mutton":95,"minecraft:apple":20,"minecraft:iron_ingot":505,"minecraft:stone_pickaxe":1,"minecraft:iron_sword":8,"minecraft:soul_sand":2,"minecraft:book":122,"minecraft:oak_slab":3,"minecraft:dandelion":8,"minecraft:gravel":245,"minecraft:spruce_sapling":5,"minecraft:blast_furnace":2,"minecraft:white_bed":31,"minecraft:spruce_log":2184,"minecraft:spider_eye":11,"minecraft:stone_axe":1,"minecraft:iron_helmet":10,"minecraft:diamond_axe":3,"minecraft:gray_wool":2,"minecraft:oak_button":7,"minecraft:baked_potato":492,"minecraft:coal":1177,"minecraft:hopper":2},"minecraft:crafted":{"minecraft:oak_planks":11700,"minecraft:barrel":3,"minecraft:cobblestone_slab":396,"minecraft:oak_sign":9,"minecraft:cooked_chicken":2,"minecraft:stone":1,"minecraft:cobblestone_stairs":40,"minecraft:diamond_shovel":2,"minecraft:bookshelf":45,"minecraft:cooked_mutton":22,"minecraft:hopper":1,"minecraft:diamond_helmet":4,"minecraft:diamond_leggings":4,"minecraft:iron_boots":2,"minecraft:chest":32,"minecraft:oak_button":52,"minecraft:rail":80,"minecraft:birch_button":24,"minecraft:oak_fence":213,"minecraft:oak_slab":48,"minecraft:emerald":1608,"minecraft:arrow":384,"minecraft:cooked_porkchop":48,"minecraft:diamond_axe":4,"minecraft:crafting_table":21,"minecraft:spruce_planks":15400,"minecraft:iron_helmet":3,"minecraft:wooden_pickaxe":1,"minecraft:baked_potato":617,"minecraft:fletching_table":3,"minecraft:birch_planks":3540,"minecraft:lectern":7,"minecraft:iron_chestplate":2,"minecraft:diamond_pickaxe":5,"minecraft:charcoal":68,"minecraft:shield":13,"minecraft:stick":47636,"minecraft:iron_ingot":107,"minecraft:iron_pickaxe":7,"minecraft:iron_block":195,"minecraft:redstone_torch":10,"minecraft:spruce_button":130,"minecraft:furnace":17,"minecraft:bone_meal":81,"minecraft:iron_axe":4,"minecraft:iron_hoe":3,"minecraft:stone_pickaxe":4,"minecraft:diamond_boots":4,"minecraft:spruce_boat":1,"minecraft:minecart":3,"minecraft:diamond_sword":3,"minecraft:enchanting_table":1,"minecraft:powered_rail":12,"minecraft:iron_sword":2,"minecraft:bucket":21,"minecraft:stone_axe":2,"minecraft:enchanted_book":16,"minecraft:air":0,"minecraft:bread":1,"minecraft:oak_fence_gate":4,"minecraft:oak_boat":10,"minecraft:chainmail_boots":21,"minecraft:wooden_axe":1,"minecraft:iron_shovel":10,"minecraft:iron_leggings":15,"minecraft:anvil":1,"minecraft:white_bed":16,"minecraft:torch":1532,"minecraft:diamond_chestplate":3},"minecraft:custom":{"minecraft:interact_with_crafting_table":297,"minecraft:open_barrel":3,"minecraft:leave_game":39,"minecraft:time_since_death":99318,"minecraft:sprint_one_cm":4387412,"minecraft:damage_blocked_by_shield":17865,"minecraft:drop":749,"minecraft:talked_to_villager":1039,"minecraft:play_time":1284489,"minecraft:deaths":19,"minecraft:jump":16854,"minecraft:walk_on_water_one_cm":63563,"minecraft:enchant_item":2,"minecraft:interact_with_furnace":292,"minecraft:traded_with_villager":1720,"minecraft:sleep_in_bed":66,"minecraft:damage_dealt":49326,"minecraft:player_kills":2,"minecraft:crouch_one_cm":148372,"minecraft:horse_one_cm":3302,"minecraft:interact_with_anvil":15,"minecraft:mob_kills":292,"minecraft:inspect_hopper":10,"minecraft:interact_with_campfire":4,"minecraft:climb_one_cm":2777,"minecraft:walk_one_cm":4570212,"minecraft:sneak_time":42907,"minecraft:walk_under_water_one_cm":12555,"minecraft:boat_one_cm":118056,"minecraft:interact_with_blast_furnace":2,"minecraft:total_world_time":1284489,"minecraft:time_since_rest":18707,"minecraft:damage_taken":17147,"minecraft:minecart_one_cm":5436,"minecraft:swim_one_cm":98814,"minecraft:fly_one_cm":3196219,"minecraft:open_chest":1356,"minecraft:fall_one_cm":404197},"minecraft:killed_by":{"minecraft:piglin_brute":2,"minecraft:creeper":5,"minecraft:zombie":1,"minecraft:player":1,"minecraft:iron_golem":1,"minecraft:hoglin":1,"minecraft:skeleton":5},"minecraft:mined":{"minecraft:spruce_planks":1,"minecraft:white_bed":25,"minecraft:farmland":1,"minecraft:cobblestone_stairs":13,"minecraft:obsidian":11,"minecraft:cave_vines_plant":1,"minecraft:granite":13,"minecraft:grass_block":925,"minecraft:cracked_polished_blackstone_bricks":18,"minecraft:composter":4,"minecraft:hopper":2,"minecraft:gilded_blackstone":1,"minecraft:spawner":1,"minecraft:polished_blackstone_bricks":53,"minecraft:magma_block":1,"minecraft:iron_ore":83,"minecraft:cobbled_deepslate":11,"minecraft:fire":4,"minecraft:fletching_table":22,"minecraft:deepslate_lapis_ore":4,"minecraft:cave_vines":3,"minecraft:dirt_path":19,"minecraft:oak_stairs":68,"minecraft:deepslate_redstone_ore":20,"minecraft:blackstone":60,"minecraft:crimson_nylium":10,"minecraft:powder_snow":5,"minecraft:clay":4,"minecraft:torch":67,"minecraft:blast_furnace":1,"minecraft:poppy":1,"minecraft:chest":5,"minecraft:cobblestone":722,"minecraft:oak_planks":39,"minecraft:wall_torch":53,"minecraft:white_terracotta":47,"minecraft:powered_rail":24,"minecraft:birch_log":752,"minecraft:lilac":2,"minecraft:grass":427,"minecraft:oak_log":2652,"minecraft:dirt":1122,"minecraft:netherrack":185,"minecraft:oak_leaves":229,"minecraft:deepslate":3678,"minecraft:nether_gold_ore":1,"minecraft:tuff":260,"minecraft:mossy_cobblestone":4,"minecraft:deepslate_diamond_ore":75,"minecraft:crimson_roots":1,"minecraft:spruce_leaves":117,"minecraft:moss_block":9,"minecraft:large_fern":32,"minecraft:redstone_ore":1,"minecraft:oak_trapdoor":2,"minecraft:carrots":806,"minecraft:andesite":80,"minecraft:gold_block":5,"minecraft:bookshelf":26,"minecraft:potatoes":2278,"minecraft:deepslate_iron_ore":117,"minecraft:cobblestone_slab":326,"minecraft:rail":216,"minecraft:stone":3736,"minecraft:white_wool":1,"minecraft:redstone_wall_torch":1,"minecraft:podzol":2,"minecraft:oak_slab":1,"minecraft:glass_pane":5,"minecraft:soul_sand":2,"minecraft:dandelion":5,"minecraft:oak_fence":29,"minecraft:crafting_table":8,"minecraft:rose_bush":2,"minecraft:lectern":479,"minecraft:copper_ore":46,"minecraft:tall_grass":18,"minecraft:lapis_ore":10,"minecraft:deepslate_gold_ore":41,"minecraft:diorite":4,"minecraft:blue_bed":8,"minecraft:birch_planks":1,"minecraft:redstone_torch":10,"minecraft:ice":3,"minecraft:spruce_log":2371,"minecraft:birch_leaves":14,"minecraft:yellow_bed":3,"minecraft:coal_ore":466,"minecraft:gravel":87,"minecraft:terracotta":2,"minecraft:crimson_fence":1,"minecraft:fern":9},"minecraft:killed":{"minecraft:cave_spider":1,"minecraft:zombified_piglin":2,"minecraft:spider":11,"minecraft:skeleton":50,"minecraft:chicken":4,"minecraft:wolf":1,"minecraft:piglin":14,"minecraft:pig":20,"minecraft:zombie_villager":1,"minecraft:iron_golem":8,"minecraft:creeper":8,"minecraft:sheep":30,"minecraft:zombie":105,"minecraft:cow":8,"minecraft:horse":1,"minecraft:drowned":1,"minecraft:hoglin":10,"minecraft:villager":3}},"DataVersion":3465}