{"stats":{"minecraft:crafted":{"minecraft:oak_planks":52,"minecraft:cooked_mutton":14,"minecraft:diamond_leggings":1,"minecraft:iron_boots":1,"minecraft:stone_pickaxe":2,"minecraft:chest":4,"minecraft:diamond_boots":1,"minecraft:wheat":36,"minecraft:diamond_sword":1,"minecraft:emerald":112,"minecraft:cooked_porkchop":9,"minecraft:crafting_table":2,"minecraft:spruce_planks":1888,"minecraft:wooden_pickaxe":1,"minecraft:iron_helmet":1,"minecraft:stone_axe":1,"minecraft:bread":4,"minecraft:acacia_boat":2,"minecraft:air":0,"minecraft:diamond_pickaxe":1,"minecraft:stick":3856,"minecraft:iron_ingot":15,"minecraft:iron_pickaxe":1,"minecraft:gold_ingot":46,"minecraft:acacia_planks":40,"minecraft:torch":168},"minecraft:used":{"minecraft:tuff_bricks":26,"minecraft:trident":1,"minecraft:dead_bush":3,"minecraft:chest":4,"minecraft:shield":44,"minecraft:cooked_chicken":2,"minecraft:trial_key":4,"minecraft:iron_chestplate":3,"minecraft:orange_bed":1,"minecraft:torch":204,"minecraft:tuff":2,"minecraft:snowball":1,"minecraft:iron_axe":138,"minecraft:iron_boots":2,"minecraft:diamond_chestplate":1,"minecraft:beef":2,"minecraft:cobbled_deepslate":11,"minecraft:bamboo_planks":6,"minecraft:cooked_mutton":14,"minecraft:acacia_boat":2,"minecraft:diorite":1,"minecraft:baked_potato":12,"minecraft:stone_pickaxe":107,"minecraft:oak_planks":10,"minecraft:wooden_pickaxe":13,"minecraft:diamond_axe":491,"minecraft:crafting_table":3,"minecraft:cake":1,"minecraft:spruce_log":14,"minecraft:nether_gold_ore":1,"minecraft:diamond_pickaxe":181,"minecraft:wind_charge":3,"minecraft:bread":73,"minecraft:iron_pickaxe":404,"minecraft:spruce_sapling":28,"minecraft:stone_axe":146,"minecraft:diamond_sword":109,"minecraft:cobblestone":179,"minecraft:cooked_porkchop":19,"minecraft:andesite":3,"minecraft:splash_potion":3,"minecraft:bone_meal":48},"minecraft:custom":{"minecraft:mob_kills":94,"minecraft:interact_with_crafting_table":21,"minecraft:open_barrel":6,"minecraft:bell_ring":1,"minecraft:eat_cake_slice":4,"minecraft:leave_game":6,"minecraft:time_since_death":102598,"minecraft:climb_one_cm":6229,"minecraft:sprint_one_cm":1072759,"minecraft:walk_one_cm":469895,"minecraft:damage_blocked_by_shield":2212,"minecraft:drop":34,"minecraft:talked_to_villager":53,"minecraft:play_time":243694,"minecraft:sneak_time":12155,"minecraft:deaths":7,"minecraft:walk_under_water_one_cm":13540,"minecraft:boat_one_cm":34,"minecraft:jump":4921,"minecraft:walk_on_water_one_cm":18612,"minecraft:total_world_time":243694,"minecraft:interact_with_furnace":41,"minecraft:traded_with_villager":115,"minecraft:sleep_in_bed":12,"minecraft:time_since_rest":2983,"minecraft:damage_taken":7537,"minecraft:damage_dealt":16261,"minecraft:swim_one_cm":69167,"minecraft:player_kills":1,"minecraft:fly_one_cm":1011853,"minecraft:open_chest":114,"minecraft:crouch_one_cm":36615,"minecraft:fall_one_cm":134403},"minecraft:broken":{"minecraft:iron_axe":1},"minecraft:dropped":{"minecraft:bread":50,"minecraft:diamond_axe":1,"minecraft:granite":7,"minecraft:golden_apple":1,"minecraft:torch":1,"minecraft:snowball":1,"minecraft:iron_axe":1,"minecraft:iron_pickaxe":2,"minecraft:white_wool":1,"minecraft:stone_axe":1,"minecraft:cooked_chicken":1,"minecraft:raw_iron":16,"minecraft:carrot":15,"minecraft:potato":12,"minecraft:shield":1,"minecraft:trial_key":4,"minecraft:iron_chestplate":1,"minecraft:andesite":3,"minecraft:melon_seeds":1,"minecraft:beef":2},"minecraft:killed_by":{"minecraft:player":1,"minecraft:skeleton":1,"minecraft:zombie":5},"minecraft:killed":{"minecraft:bogged":30,"minecraft:spider":6,"minecraft:skeleton":8,"minecraft:husk":7,"minecraft:pig":2,"minecraft:sheep":1,"minecraft:zombie":33,"minecraft:breeze":5,"minecraft:cow":1},"minecraft:picked_up":{"minecraft:waxed_oxidized_cut_copper":4,"minecraft:crafting_table":3,"minecraft:iron_chestplate":7,"minecraft:splash_potion":7,"minecraft:flower_pot":1,"minecraft:wooden_pickaxe":3,"minecraft:potion":2,"minecraft:brewing_stand":1,"minecraft:shield":7,"minecraft:wind_charge":8,"minecraft:string":7,"minecraft:waxed_cut_copper_slab":1,"minecraft:iron_axe":6,"minecraft:iron_leggings":4,"minecraft:cobbled_deepslate":168,"minecraft:beef":4,"minecraft:trial_key":10,"minecraft:iron_pickaxe":14,"minecraft:melon_slice":27,"minecraft:furnace":10,"minecraft:iron_boots":7,"minecraft:egg":1,"minecraft:tipped_arrow":24,"minecraft:stick":29,"minecraft:raw_iron":108,"minecraft:torch":178,"minecraft:acacia_log":7,"minecraft:fire_charge":22,"minecraft:porkchop":2,"minecraft:diorite":14,"minecraft:trident":1,"minecraft:carrot":15,"minecraft:waxed_oxidized_chiseled_copper":1,"minecraft:honey_bottle":1,"minecraft:orange_bed":2,"minecraft:arrow":78,"minecraft:nether_gold_ore":1,"minecraft:cactus":4,"minecraft:diamond_chestplate":2,"minecraft:rotten_flesh":52,"minecraft:hay_block":61,"minecraft:waxed_cut_copper":1,"minecraft:tuff_bricks":106,"minecraft:obsidian":4,"minecraft:mutton":2,"minecraft:cobblestone":252,"minecraft:snowball":2,"minecraft:rail":1,"minecraft:white_wool":1,"minecraft:lime_bed":1,"minecraft:glow_ink_sac":3,"minecraft:water_bucket":4,"minecraft:andesite":28,"minecraft:cut_sandstone":3,"minecraft:leather":1,"minecraft:potato":5,"minecraft:waxed_copper_bulb":5,"minecraft:flint":1,"minecraft:tuff":44,"minecraft:oak_log":13,"minecraft:waxed_copper_block":34,"minecraft:yellow_bed":2,"minecraft:acacia_boat":2,"minecraft:lapis_lazuli":25,"minecraft:dirt":20,"minecraft:bone":51,"minecraft:acacia_planks":55,"minecraft:bow":3,"minecraft:wheat_seeds":53,"minecraft:raw_gold":24,"minecraft:iron_ingot":4,"minecraft:stone_pickaxe":1,"minecraft:cooked_chicken":8,"minecraft:oak_planks":32,"minecraft:gravel":3,"minecraft:spruce_sapling":61,"minecraft:white_bed":6,"minecraft:spruce_log":486,"minecraft:dispenser":24,"minecraft:diamond":22,"minecraft:stone_axe":6,"minecraft:waxed_oxidized_copper_grate":3,"minecraft:granite":25,"minecraft:iron_helmet":5,"minecraft:breeze_rod":10,"minecraft:diamond_axe":2,"minecraft:bone_meal":48,"minecraft:golden_apple":1,"minecraft:emerald":10,"minecraft:bread":145,"minecraft:oak_button":10,"minecraft:baked_potato":17,"minecraft:melon_seeds":1,"minecraft:coal":158,"minecraft:chiseled_tuff_bricks":9,"minecraft:diamond_pickaxe":1},"minecraft:mined":{"minecraft:waxed_cut_copper_slab":1,"minecraft:tuff":19,"minecraft:white_bed":6,"minecraft:deepslate_diamond_ore":16,"minecraft:potted_cactus":1,"minecraft:brewing_stand":1,"minecraft:waxed_oxidized_chiseled_copper":1,"minecraft:granite":5,"minecraft:acacia_log":7,"minecraft:grass_block":7,"minecraft:spruce_leaves":1,"minecraft:chiseled_tuff_bricks":5,"minecraft:tuff_bricks":75,"minecraft:hay_block":61,"minecraft:tall_seagrass":3,"minecraft:waxed_oxidized_cut_copper":5,"minecraft:carrots":16,"minecraft:iron_ore":38,"minecraft:cobbled_deepslate":6,"minecraft:andesite":6,"minecraft:chiseled_tuff":1,"minecraft:potatoes":5,"minecraft:deepslate_iron_ore":40,"minecraft:waxed_weathered_copper_bulb":1,"minecraft:stone":217,"minecraft:tripwire":1,"minecraft:orange_bed":1,"minecraft:waxed_cut_copper":1,"minecraft:acacia_leaves":1,"minecraft:torch":2,"minecraft:short_grass":6,"minecraft:dead_bush":2,"minecraft:cobblestone":22,"minecraft:lapis_ore":4,"minecraft:deepslate_gold_ore":12,"minecraft:oak_planks":1,"minecraft:diorite":10,"minecraft:wall_torch":5,"minecraft:seagrass":1,"minecraft:black_stained_glass":1,"minecraft:waxed_copper_bulb":5,"minecraft:lime_bed":1,"minecraft:waxed_oxidized_copper_grate":3,"minecraft:wheat":30,"minecraft:spruce_log":490,"minecraft:waxed_copper_block":21,"minecraft:yellow_bed":2,"minecraft:oak_log":16,"minecraft:coal_ore":91,"minecraft:beetroots":3,"minecraft:gravel":1,"minecraft:dirt":6,"minecraft:tripwire_hook":1,"minecraft:acacia_planks":1,"minecraft:dispenser":9,"minecraft:gold_ore":12,"minecraft:oak_leaves":2,"minecraft:deepslate":67}},"DataVersion":3955}