{"stats":{"minecraft:used":{"minecraft:moss_block":5,"minecraft:iron_shovel":1901,"minecraft:oak_sign":10,"minecraft:ladder":3,"minecraft:chest":46,"minecraft:shield":268,"minecraft:iron_sword":193,"minecraft:rotten_flesh":14,"minecraft:iron_chestplate":2,"minecraft:carrot":1560,"minecraft:obsidian":20,"minecraft:glass":247,"minecraft:spruce_boat":1,"minecraft:lava_bucket":8,"minecraft:iron_helmet":1,"minecraft:magma_block":3179,"minecraft:bow":85,"minecraft:furnace":16,"minecraft:potato":5025,"minecraft:diorite":2,"minecraft:oak_planks":43,"minecraft:stone_pickaxe":314,"minecraft:powered_rail":34,"minecraft:ender_pearl":1,"minecraft:wooden_pickaxe":48,"minecraft:leather_chestplate":1,"minecraft:composter":8,"minecraft:blue_bed":10,"minecraft:diamond_axe":7604,"minecraft:white_wool":1,"minecraft:glow_berries":19,"minecraft:sand":24,"minecraft:blast_furnace":12,"minecraft:redstone_torch":21,"minecraft:bread":40,"minecraft:lectern":657,"minecraft:diamond_sword":63,"minecraft:andesite":2,"minecraft:oak_boat":20,"minecraft:bone_meal":81,"minecraft:oak_fence":425,"minecraft:oak_trapdoor":122,"minecraft:enchanting_table":1,"minecraft:crimson_fence":1,"minecraft:flint_and_steel":4,"minecraft:spruce_planks":17,"minecraft:cooked_chicken":2,"minecraft:netherrack":1000,"minecraft:torch":1435,"minecraft:brewing_stand":1,"minecraft:dirt":2242,"minecraft:anvil":1,"minecraft:hopper":3,"minecraft:oak_fence_gate":6,"minecraft:iron_hoe":1419,"minecraft:wooden_axe":37,"minecraft:bookshelf":41,"minecraft:iron_axe":843,"minecraft:barrel":4,"minecraft:golden_carrot":13,"minecraft:minecart":13,"minecraft:turtle_egg":6,"minecraft:cobbled_deepslate":95,"minecraft:cooked_mutton":21,"minecraft:water_bucket":411,"minecraft:cobblestone_stairs":22,"minecraft:birch_planks":1,"minecraft:glass_bottle":3,"minecraft:baked_potato":384,"minecraft:fletching_table":24,"minecraft:cobblestone_slab":587,"minecraft:polished_blackstone_bricks":44,"minecraft:rail":287,"minecraft:oak_slab":6,"minecraft:crafting_table":32,"minecraft:white_bed":41,"minecraft:oak_log":1,"minecraft:diamond_pickaxe":20087,"minecraft:apple":1,"minecraft:warped_trapdoor":14,"minecraft:diamond_shovel":2784,"minecraft:oak_button":7,"minecraft:iron_pickaxe":716,"minecraft:stone_axe":42,"minecraft:cobblestone":1195,"minecraft:porkchop":5,"minecraft:cooked_porkchop":56,"minecraft:bucket":438,"minecraft:pumpkin_pie":1,"minecraft:yellow_bed":5,"minecraft:diamond_leggings":1},"minecraft:killed":{"minecraft:cave_spider":1,"minecraft:zombified_piglin":4,"minecraft:spider":13,"minecraft:skeleton":52,"minecraft:chicken":4,"minecraft:cat":1,"minecraft:wolf":1,"minecraft:piglin":16,"minecraft:pig":20,"minecraft:zombie_villager":1,"minecraft:salmon":1,"minecraft:iron_golem":9,"minecraft:creeper":8,"minecraft:sheep":30,"minecraft:trader_llama":2,"minecraft:zombie":108,"minecraft:cow":9,"minecraft:horse":1,"minecraft:drowned":1,"minecraft:wandering_trader":1,"minecraft:hoglin":10,"minecraft:villager":3,"minecraft:enderman":7},"minecraft:custom":{"minecraft:animals_bred":3,"minecraft:interact_with_crafting_table":339,"minecraft:open_barrel":3,"minecraft:leave_game":59,"minecraft:time_since_death":61915,"minecraft:sprint_one_cm":5965029,"minecraft:damage_blocked_by_shield":18675,"minecraft:drop":792,"minecraft:talked_to_villager":1359,"minecraft:play_time":2005827,"minecraft:deaths":26,"minecraft:jump":23494,"minecraft:interact_with_brewingstand":4,"minecraft:walk_on_water_one_cm":90603,"minecraft:enchant_item":2,"minecraft:interact_with_furnace":350,"minecraft:traded_with_villager":2173,"minecraft:sleep_in_bed":88,"minecraft:damage_dealt":54765,"minecraft:player_kills":3,"minecraft:crouch_one_cm":599180,"minecraft:horse_one_cm":3302,"minecraft:interact_with_anvil":30,"minecraft:mob_kills":318,"minecraft:inspect_hopper":99,"minecraft:interact_with_campfire":4,"minecraft:climb_one_cm":5181,"minecraft:walk_one_cm":6089625,"minecraft:sneak_time":131964,"minecraft:walk_under_water_one_cm":25003,"minecraft:boat_one_cm":263876,"minecraft:interact_with_blast_furnace":2,"minecraft:total_world_time":2005827,"minecraft:time_since_rest":61993,"minecraft:damage_taken":28344,"minecraft:minecart_one_cm":5436,"minecraft:swim_one_cm":231142,"minecraft:fly_one_cm":4511959,"minecraft:open_chest":2090,"minecraft:fall_one_cm":577438},"minecraft:mined":{"minecraft:spruce_planks":1,"minecraft:white_bed":25,"minecraft:farmland":1,"minecraft:cobblestone_stairs":17,"minecraft:obsidian":28,"minecraft:cave_vines_plant":1,"minecraft:granite":13,"minecraft:grass_block":1666,"minecraft:cracked_polished_blackstone_bricks":18,"minecraft:oak_pressure_plate":1,"minecraft:composter":8,"minecraft:hopper":2,"minecraft:oxeye_daisy":1,"minecraft:spawner":1,"minecraft:gilded_blackstone":1,"minecraft:polished_blackstone_bricks":53,"minecraft:tall_seagrass":13,"minecraft:magma_block":3896,"minecraft:iron_ore":83,"minecraft:turtle_egg":6,"minecraft:fire":6,"minecraft:cobbled_deepslate":11,"minecraft:deepslate_lapis_ore":4,"minecraft:fletching_table":22,"minecraft:twisting_vines":1,"minecraft:cave_vines":3,"minecraft:dirt_path":82,"minecraft:iron_bars":2,"minecraft:oak_stairs":226,"minecraft:deepslate_redstone_ore":20,"minecraft:brown_mushroom":16,"minecraft:blackstone":60,"minecraft:kelp_plant":6,"minecraft:crimson_nylium":16,"minecraft:powder_snow":5,"minecraft:clay":4,"minecraft:torch":81,"minecraft:blast_furnace":12,"minecraft:poppy":4,"minecraft:chest":9,"minecraft:glass":256,"minecraft:nether_quartz_ore":8,"minecraft:cobblestone":933,"minecraft:oak_planks":158,"minecraft:sugar_cane":5,"minecraft:wall_torch":54,"minecraft:white_terracotta":47,"minecraft:seagrass":6,"minecraft:warped_nylium":25,"minecraft:powered_rail":32,"minecraft:birch_log":752,"minecraft:lilac":2,"minecraft:smooth_stone_slab":15,"minecraft:grass":468,"minecraft:oak_log":2997,"minecraft:oak_fence_gate":2,"minecraft:sand":593,"minecraft:dirt":1900,"minecraft:netherrack":4357,"minecraft:oak_leaves":239,"minecraft:deepslate":3692,"minecraft:nether_gold_ore":34,"minecraft:tuff":260,"minecraft:mossy_cobblestone":26,"minecraft:deepslate_diamond_ore":75,"minecraft:oak_door":1,"minecraft:crimson_roots":1,"minecraft:spruce_leaves":121,"minecraft:moss_block":9,"minecraft:large_fern":32,"minecraft:redstone_ore":1,"minecraft:oak_trapdoor":32,"minecraft:furnace":2,"minecraft:carrots":1267,"minecraft:andesite":80,"minecraft:gold_block":5,"minecraft:bookshelf":30,"minecraft:potatoes":3930,"minecraft:cobblestone_slab":350,"minecraft:deepslate_iron_ore":117,"minecraft:rail":258,"minecraft:warped_stem":17,"minecraft:stripped_oak_log":16,"minecraft:warped_trapdoor":2,"minecraft:stone":3791,"minecraft:white_wool":1,"minecraft:redstone_wall_torch":1,"minecraft:podzol":2,"minecraft:oak_slab":1,"minecraft:glass_pane":12,"minecraft:soul_sand":2,"minecraft:dandelion":10,"minecraft:oak_fence":162,"minecraft:crafting_table":8,"minecraft:warped_roots":2,"minecraft:rose_bush":2,"minecraft:lectern":648,"minecraft:copper_ore":46,"minecraft:tall_grass":42,"minecraft:lapis_ore":10,"minecraft:deepslate_gold_ore":41,"minecraft:diorite":4,"minecraft:blue_bed":8,"minecraft:birch_planks":1,"minecraft:cobblestone_wall":1,"minecraft:redstone_torch":11,"minecraft:ice":3,"minecraft:spruce_log":2371,"minecraft:birch_leaves":14,"minecraft:yellow_bed":3,"minecraft:coal_ore":466,"minecraft:gravel":92,"minecraft:terracotta":2,"minecraft:crimson_fence":1,"minecraft:fern":9},"minecraft:dropped":{"minecraft:iron_sword":1,"minecraft:porkchop":14,"minecraft:diamond_axe":1,"minecraft:warped_fungus":1,"minecraft:baked_potato":160,"minecraft:oak_log":2,"minecraft:glow_ink_sac":3,"minecraft:crafting_table":2,"minecraft:cooked_porkchop":1,"minecraft:leather":1,"minecraft:emerald":43,"minecraft:dirt":11,"minecraft:cornflower":1,"minecraft:mutton":1,"minecraft:sand":5,"minecraft:iron_pickaxe":2,"minecraft:bone":2,"minecraft:gravel":10,"minecraft:stone_axe":1,"minecraft:cobbled_deepslate":40,"minecraft:wheat":2,"minecraft:birch_sapling":1,"minecraft:rotten_flesh":38,"minecraft:oak_planks":7,"minecraft:diamond_shovel":1,"minecraft:warped_planks":4,"minecraft:carrot":780,"minecraft:poppy":589,"minecraft:chainmail_boots":9,"minecraft:arrow":51,"minecraft:quartz":1,"minecraft:netherrack":30,"minecraft:egg":1,"minecraft:enchanted_book":2,"minecraft:iron_ingot":275,"minecraft:wheat_seeds":14,"minecraft:lilac":1,"minecraft:minecart":2,"minecraft:diamond_leggings":4,"minecraft:poisonous_potato":9,"minecraft:iron_helmet":1,"minecraft:feather":2,"minecraft:cobblestone":222,"minecraft:book":1,"minecraft:spruce_button":82,"minecraft:coal":226,"minecraft:stick":32,"minecraft:diorite":1,"minecraft:golden_carrot":53,"minecraft:torch":130,"minecraft:brown_wool":1,"minecraft:diamond_helmet":1,"minecraft:iron_leggings":14,"minecraft:iron_axe":3,"minecraft:string":6,"minecraft:spruce_sapling":5,"minecraft:furnace":1,"minecraft:warped_nylium":4,"minecraft:raw_copper":64,"minecraft:tuff":2,"minecraft:raw_iron":11,"minecraft:experience_bottle":192,"minecraft:chicken":1,"minecraft:iron_boots":4,"minecraft:blast_furnace":1,"minecraft:potato":2287,"minecraft:cobblestone_slab":6,"minecraft:shield":4,"minecraft:oak_button":2,"minecraft:diamond_chestplate":2,"minecraft:spruce_planks":12,"minecraft:diamond_pickaxe":6,"minecraft:iron_chestplate":4,"minecraft:oak_sapling":3,"minecraft:oak_boat":4,"minecraft:redstone_torch":1,"minecraft:spider_eye":2,"minecraft:diamond_boots":1,"minecraft:bow":3},"minecraft:broken":{"minecraft:iron_shovel":6,"minecraft:diamond_helmet":2,"minecraft:iron_boots":1,"minecraft:stone_pickaxe":1,"minecraft:diamond_boots":1,"minecraft:diamond_pickaxe":2,"minecraft:iron_sword":1,"minecraft:wooden_axe":1,"minecraft:iron_hoe":5,"minecraft:diamond_chestplate":1,"minecraft:diamond_leggings":2,"minecraft:shield":3,"minecraft:diamond_axe":1,"minecraft:iron_axe":2,"minecraft:iron_pickaxe":1,"minecraft:iron_helmet":1},"minecraft:killed_by":{"minecraft:piglin_brute":2,"minecraft:creeper":5,"minecraft:zombie":1,"minecraft:player":1,"minecraft:iron_golem":1,"minecraft:hoglin":1,"minecraft:skeleton":5},"minecraft:picked_up":{"minecraft:wooden_axe":4,"minecraft:seagrass":13,"minecraft:iron_chestplate":15,"minecraft:chainmail_boots":7,"minecraft:lead":2,"minecraft:diamond_sword":1,"minecraft:turtle_egg":10,"minecraft:oak_stairs":134,"minecraft:potion":2,"minecraft:enchanted_book":6,"minecraft:crimson_planks":4,"minecraft:brewing_stand":2,"minecraft:string":14,"minecraft:raw_copper":380,"minecraft:iron_leggings":9,"minecraft:experience_bottle":192,"minecraft:oak_sign":1,"minecraft:diamond_leggings":8,"minecraft:gold_nugget":226,"minecraft:cobbled_deepslate":2645,"minecraft:crimson_fence":6,"minecraft:spruce_planks":89,"minecraft:rose_bush":2,"minecraft:redstone_torch":15,"minecraft:cobblestone_slab":377,"minecraft:iron_pickaxe":11,"minecraft:crimson_sign":18,"minecraft:iron_boots":12,"minecraft:furnace":6,"minecraft:stick":167,"minecraft:composter":12,"minecraft:oak_fence":162,"minecraft:torch":1123,"minecraft:porkchop":132,"minecraft:golden_axe":1,"minecraft:pointed_dripstone":45,"minecraft:diorite":14,"minecraft:golden_chestplate":1,"minecraft:rotten_flesh":179,"minecraft:obsidian":27,"minecraft:cobblestone":5485,"minecraft:birch_log":805,"minecraft:magma_block":7429,"minecraft:leather_chestplate":1,"minecraft:feather":6,"minecraft:lilac":1,"minecraft:water_bucket":6,"minecraft:andesite":95,"minecraft:brown_wool":1,"minecraft:potato":16930,"minecraft:flint":27,"minecraft:tuff":158,"minecraft:warped_trapdoor":6,"minecraft:lapis_lazuli":177,"minecraft:dirt":3973,"minecraft:name_tag":1,"minecraft:glass":486,"minecraft:bone":94,"minecraft:bow":10,"minecraft:stonecutter":3,"minecraft:wheat_seeds":115,"minecraft:raw_gold":130,"minecraft:fletching_table":23,"minecraft:diamond_helmet":5,"minecraft:powered_rail":35,"minecraft:moss_block":8,"minecraft:oak_planks":524,"minecraft:cooked_porkchop":109,"minecraft:poisonous_potato":80,"minecraft:sand":559,"minecraft:barrel":1,"minecraft:mossy_cobblestone":21,"minecraft:iron_hoe":5,"minecraft:diamond":141,"minecraft:spruce_boat":1,"minecraft:cracked_polished_blackstone_bricks":17,"minecraft:granite":22,"minecraft:golden_apple":3,"minecraft:spruce_button":1,"minecraft:bread":17,"minecraft:oak_sapling":65,"minecraft:netherrack":2119,"minecraft:bricks":1,"minecraft:crimson_roots":3,"minecraft:diamond_pickaxe":17,"minecraft:coarse_dirt":1,"minecraft:crafting_table":18,"minecraft:chicken":5,"minecraft:clay_ball":56,"minecraft:brown_mushroom":16,"minecraft:wooden_pickaxe":2,"minecraft:gold_block":6,"minecraft:shield":16,"minecraft:cornflower":2,"minecraft:oak_trapdoor":17,"minecraft:iron_axe":5,"minecraft:flint_and_steel":1,"minecraft:iron_shovel":4,"minecraft:blackstone":51,"minecraft:beef":8,"minecraft:oak_boat":29,"minecraft:poppy":17,"minecraft:minecart":21,"minecraft:lectern":648,"minecraft:sugar_cane":9,"minecraft:chest":9,"minecraft:birch_sapling":11,"minecraft:egg":4,"minecraft:raw_iron":242,"minecraft:oak_door":2,"minecraft:polished_blackstone_bricks":61,"minecraft:carrot":5354,"minecraft:redstone":88,"minecraft:arrow":623,"minecraft:diamond_chestplate":8,"minecraft:pumpkin_pie":1,"minecraft:diamond_boots":6,"minecraft:gold_ingot":3,"minecraft:glow_berries":9,"minecraft:mutton":49,"minecraft:rail":280,"minecraft:white_wool":64,"minecraft:oxeye_daisy":1,"minecraft:stripped_oak_log":15,"minecraft:golden_carrot":120,"minecraft:glow_ink_sac":12,"minecraft:leather":19,"minecraft:birch_planks":1,"minecraft:oak_log":3154,"minecraft:yellow_bed":2,"minecraft:gunpowder":11,"minecraft:cobblestone_stairs":16,"minecraft:blue_bed":13,"minecraft:cooked_mutton":95,"minecraft:apple":20,"minecraft:kelp":25,"minecraft:warped_stem":17,"minecraft:iron_ingot":614,"minecraft:oak_fence_gate":2,"minecraft:stone_pickaxe":1,"minecraft:iron_sword":8,"minecraft:soul_sand":2,"minecraft:book":134,"minecraft:oak_slab":3,"minecraft:warped_fungus":1,"minecraft:quartz":1,"minecraft:dandelion":14,"minecraft:gravel":245,"minecraft:spruce_sapling":5,"minecraft:blast_furnace":13,"minecraft:white_bed":31,"minecraft:spruce_log":2184,"minecraft:spider_eye":14,"minecraft:diamond_shovel":2,"minecraft:stone_axe":1,"minecraft:iron_helmet":10,"minecraft:diamond_axe":7,"minecraft:gray_wool":2,"minecraft:warped_roots":3,"minecraft:oak_button":7,"minecraft:baked_potato":584,"minecraft:warped_nylium":4,"minecraft:coal":1177,"minecraft:hopper":63,"minecraft:ender_pearl":1},"minecraft:crafted":{"minecraft:oak_planks":13124,"minecraft:barrel":3,"minecraft:cobblestone_slab":402,"minecraft:oak_sign":9,"minecraft:cooked_chicken":2,"minecraft:stone":1,"minecraft:cobblestone_stairs":40,"minecraft:diamond_shovel":3,"minecraft:bookshelf":50,"minecraft:cooked_mutton":22,"minecraft:warped_planks":68,"minecraft:glass":430,"minecraft:hopper":46,"minecraft:diamond_helmet":5,"minecraft:bow":1,"minecraft:diamond_leggings":5,"minecraft:iron_boots":2,"minecraft:chest":134,"minecraft:oak_button":52,"minecraft:rail":80,"minecraft:birch_button":24,"minecraft:oak_fence":357,"minecraft:glass_bottle":3,"minecraft:oak_slab":84,"minecraft:emerald":2041,"minecraft:arrow":384,"minecraft:cooked_porkchop":48,"minecraft:diamond_axe":4,"minecraft:crafting_table":25,"minecraft:spruce_planks":15400,"minecraft:iron_helmet":3,"minecraft:wooden_pickaxe":1,"minecraft:baked_potato":617,"minecraft:fletching_table":3,"minecraft:birch_planks":3580,"minecraft:lectern":9,"minecraft:iron_chestplate":2,"minecraft:diamond_pickaxe":5,"minecraft:charcoal":68,"minecraft:shield":15,"minecraft:stick":47868,"minecraft:iron_ingot":683,"minecraft:iron_pickaxe":8,"minecraft:iron_block":195,"minecraft:gold_ingot":128,"minecraft:redstone_torch":10,"minecraft:composter":4,"minecraft:shears":1,"minecraft:spruce_button":130,"minecraft:furnace":17,"minecraft:bone_meal":81,"minecraft:warped_trapdoor":20,"minecraft:oak_trapdoor":110,"minecraft:flint_and_steel":1,"minecraft:iron_axe":4,"minecraft:ladder":3,"minecraft:iron_hoe":15,"minecraft:stone_pickaxe":4,"minecraft:diamond_boots":5,"minecraft:spruce_boat":1,"minecraft:minecart":3,"minecraft:sugar":6,"minecraft:diamond_sword":3,"minecraft:enchanting_table":1,"minecraft:powered_rail":12,"minecraft:iron_sword":2,"minecraft:bucket":30,"minecraft:stone_axe":2,"minecraft:enchanted_book":27,"minecraft:air":0,"minecraft:bread":1,"minecraft:oak_fence_gate":4,"minecraft:oak_boat":11,"minecraft:chainmail_boots":21,"minecraft:fermented_spider_eye":6,"minecraft:wooden_axe":1,"minecraft:iron_shovel":10,"minecraft:iron_leggings":15,"minecraft:anvil":1,"minecraft:white_bed":16,"minecraft:torch":1652,"minecraft:diamond_chestplate":4}},"DataVersion":3465}