{"stats":{"minecraft:custom":{"minecraft:mob_kills":54,"minecraft:interact_with_crafting_table":46,"minecraft:interact_with_campfire":4,"minecraft:leave_game":2,"minecraft:time_since_death":93059,"minecraft:climb_one_cm":135,"minecraft:sprint_one_cm":468210,"minecraft:walk_one_cm":267790,"minecraft:damage_blocked_by_shield":3135,"minecraft:drop":45,"minecraft:play_time":128557,"minecraft:deaths":3,"minecraft:sneak_time":6885,"minecraft:walk_under_water_one_cm":5824,"minecraft:jump":2807,"minecraft:walk_on_water_one_cm":14009,"minecraft:total_world_time":128557,"minecraft:interact_with_furnace":118,"minecraft:sleep_in_bed":8,"minecraft:time_since_rest":9654,"minecraft:damage_taken":3055,"minecraft:damage_dealt":9018,"minecraft:swim_one_cm":20870,"minecraft:fly_one_cm":326537,"minecraft:player_kills":1,"minecraft:open_chest":9,"minecraft:crouch_one_cm":15020,"minecraft:fall_one_cm":72603},"minecraft:killed_by":{"minecraft:skeleton":3},"minecraft:broken":{"minecraft:stone_pickaxe":1,"minecraft:shield":1,"minecraft:wooden_axe":1},"minecraft:used":{"minecraft:moss_block":5,"minecraft:chest":1,"minecraft:spruce_planks":16,"minecraft:shield":59,"minecraft:cooked_chicken":2,"minecraft:rotten_flesh":8,"minecraft:iron_chestplate":1,"minecraft:torch":407,"minecraft:dirt":16,"minecraft:wooden_axe":37,"minecraft:iron_axe":149,"minecraft:bow":4,"minecraft:furnace":11,"minecraft:cobbled_deepslate":33,"minecraft:cooked_mutton":3,"minecraft:diorite":1,"minecraft:stone_pickaxe":314,"minecraft:baked_potato":3,"minecraft:oak_planks":14,"minecraft:wooden_pickaxe":48,"minecraft:blue_bed":9,"minecraft:glow_berries":19,"minecraft:crafting_table":13,"minecraft:diamond_pickaxe":202,"minecraft:bread":13,"minecraft:iron_pickaxe":91,"minecraft:stone_axe":42,"minecraft:cobblestone":147,"minecraft:cooked_porkchop":14,"minecraft:porkchop":5,"minecraft:andesite":2,"minecraft:pumpkin_pie":1},"minecraft:crafted":{"minecraft:oak_planks":144,"minecraft:cooked_chicken":2,"minecraft:furnace":11,"minecraft:iron_boots":1,"minecraft:iron_axe":1,"minecraft:stone_pickaxe":4,"minecraft:chest":1,"minecraft:cooked_porkchop":9,"minecraft:crafting_table":10,"minecraft:spruce_planks":28,"minecraft:wooden_pickaxe":1,"minecraft:iron_helmet":2,"minecraft:stone_axe":2,"minecraft:bread":1,"minecraft:air":0,"minecraft:iron_chestplate":1,"minecraft:diamond_pickaxe":2,"minecraft:shield":2,"minecraft:stick":184,"minecraft:iron_ingot":107,"minecraft:iron_pickaxe":2,"minecraft:wooden_axe":1,"minecraft:iron_leggings":1,"minecraft:torch":476},"minecraft:mined":{"minecraft:tuff":12,"minecraft:deepslate_diamond_ore":10,"minecraft:cave_vines_plant":1,"minecraft:granite":4,"minecraft:grass_block":6,"minecraft:spruce_leaves":4,"minecraft:moss_block":9,"minecraft:spawner":1,"minecraft:large_fern":3,"minecraft:redstone_ore":1,"minecraft:iron_ore":54,"minecraft:cobbled_deepslate":6,"minecraft:andesite":16,"minecraft:cave_vines":3,"minecraft:deepslate_iron_ore":61,"minecraft:stone":244,"minecraft:white_wool":1,"minecraft:podzol":2,"minecraft:crafting_table":1,"minecraft:tall_grass":2,"minecraft:cobblestone":6,"minecraft:lapis_ore":10,"minecraft:oak_planks":25,"minecraft:diorite":2,"minecraft:blue_bed":7,"minecraft:wall_torch":4,"minecraft:spruce_log":45,"minecraft:grass":3,"minecraft:oak_log":20,"minecraft:coal_ore":144,"minecraft:gravel":2,"minecraft:dirt":17,"minecraft:oak_leaves":3,"minecraft:deepslate":63,"minecraft:fern":1},"minecraft:dropped":{"minecraft:iron_ingot":32,"minecraft:oak_log":1,"minecraft:iron_helmet":1,"minecraft:torch":60,"minecraft:iron_leggings":1,"minecraft:iron_axe":1,"minecraft:gravel":2,"minecraft:stone_axe":1,"minecraft:rotten_flesh":4,"minecraft:iron_boots":3,"minecraft:iron_chestplate":3,"minecraft:diamond_pickaxe":1},"minecraft:killed":{"minecraft:cave_spider":1,"minecraft:skeleton":15,"minecraft:chicken":3,"minecraft:pig":8,"minecraft:zombie_villager":1,"minecraft:creeper":3,"minecraft:sheep":2,"minecraft:zombie":19},"minecraft:picked_up":{"minecraft:wooden_axe":3,"minecraft:crafting_table":3,"minecraft:iron_chestplate":6,"minecraft:chicken":3,"minecraft:wooden_pickaxe":2,"minecraft:iron_axe":2,"minecraft:raw_copper":5,"minecraft:iron_leggings":1,"minecraft:cobbled_deepslate":69,"minecraft:egg":2,"minecraft:iron_boots":3,"minecraft:stick":16,"minecraft:raw_iron":113,"minecraft:torch":98,"minecraft:porkchop":39,"minecraft:pointed_dripstone":20,"minecraft:diorite":2,"minecraft:redstone":20,"minecraft:golden_chestplate":1,"minecraft:arrow":22,"minecraft:rotten_flesh":19,"minecraft:pumpkin_pie":1,"minecraft:glow_berries":9,"minecraft:mutton":4,"minecraft:white_wool":3,"minecraft:cobblestone":325,"minecraft:feather":4,"minecraft:glow_ink_sac":3,"minecraft:andesite":18,"minecraft:tuff":16,"minecraft:oak_log":43,"minecraft:gunpowder":5,"minecraft:blue_bed":13,"minecraft:lapis_lazuli":61,"minecraft:dirt":25,"minecraft:cooked_mutton":3,"minecraft:bone":17,"minecraft:bow":1,"minecraft:wheat_seeds":6,"minecraft:stone_pickaxe":1,"minecraft:iron_ingot":14,"minecraft:moss_block":8,"minecraft:oak_planks":37,"minecraft:cooked_porkchop":7,"minecraft:gravel":12,"minecraft:spruce_log":41,"minecraft:diamond":10,"minecraft:stone_axe":1,"minecraft:granite":4,"minecraft:golden_apple":1,"minecraft:bread":6,"minecraft:baked_potato":3,"minecraft:oak_sapling":2,"minecraft:coal":460}},"DataVersion":3465}