{"stats":{"minecraft:crafted":{"minecraft:oak_planks":8588,"minecraft:cobblestone_slab":198,"minecraft:barrel":3,"minecraft:oak_sign":9,"minecraft:cooked_chicken":2,"minecraft:stone":1,"minecraft:cobblestone_stairs":40,"minecraft:diamond_shovel":1,"minecraft:bookshelf":11,"minecraft:cooked_mutton":22,"minecraft:hopper":1,"minecraft:iron_boots":2,"minecraft:chest":24,"minecraft:oak_button":8,"minecraft:rail":80,"minecraft:birch_button":24,"minecraft:oak_fence":213,"minecraft:oak_slab":24,"minecraft:emerald":593,"minecraft:arrow":384,"minecraft:cooked_porkchop":48,"minecraft:diamond_axe":3,"minecraft:crafting_table":20,"minecraft:spruce_planks":528,"minecraft:baked_potato":417,"minecraft:wooden_pickaxe":1,"minecraft:iron_helmet":3,"minecraft:fletching_table":3,"minecraft:birch_planks":2640,"minecraft:lectern":2,"minecraft:iron_chestplate":2,"minecraft:diamond_pickaxe":5,"minecraft:charcoal":68,"minecraft:shield":6,"minecraft:stick":21324,"minecraft:iron_ingot":107,"minecraft:iron_pickaxe":4,"minecraft:iron_block":67,"minecraft:redstone_torch":10,"minecraft:spruce_button":17,"minecraft:furnace":16,"minecraft:bone_meal":81,"minecraft:iron_axe":4,"minecraft:iron_hoe":3,"minecraft:stone_pickaxe":4,"minecraft:spruce_boat":1,"minecraft:minecart":3,"minecraft:powered_rail":12,"minecraft:iron_sword":1,"minecraft:bucket":4,"minecraft:stone_axe":2,"minecraft:enchanted_book":10,"minecraft:bread":1,"minecraft:air":0,"minecraft:oak_fence_gate":4,"minecraft:oak_boat":10,"minecraft:wooden_axe":1,"minecraft:iron_shovel":10,"minecraft:iron_leggings":2,"minecraft:anvil":1,"minecraft:white_bed":15,"minecraft:torch":1324},"minecraft:killed_by":{"minecraft:creeper":5,"minecraft:iron_golem":1,"minecraft:skeleton":5},"minecraft:dropped":{"minecraft:iron_sword":1,"minecraft:oak_log":2,"minecraft:baked_potato":37,"minecraft:glow_ink_sac":3,"minecraft:crafting_table":1,"minecraft:cooked_porkchop":1,"minecraft:leather":1,"minecraft:emerald":6,"minecraft:dirt":2,"minecraft:gravel":4,"minecraft:stone_axe":1,"minecraft:cobbled_deepslate":11,"minecraft:wheat":2,"minecraft:rotten_flesh":12,"minecraft:oak_planks":1,"minecraft:poppy":52,"minecraft:iron_ingot":231,"minecraft:wheat_seeds":12,"minecraft:poisonous_potato":9,"minecraft:iron_helmet":1,"minecraft:cobblestone":119,"minecraft:spruce_button":18,"minecraft:coal":226,"minecraft:stick":7,"minecraft:torch":128,"minecraft:brown_wool":1,"minecraft:iron_leggings":1,"minecraft:iron_axe":2,"minecraft:string":2,"minecraft:tuff":2,"minecraft:raw_iron":7,"minecraft:iron_boots":4,"minecraft:potato":852,"minecraft:shield":1,"minecraft:oak_button":2,"minecraft:spruce_planks":4,"minecraft:diamond_pickaxe":4,"minecraft:iron_chestplate":3,"minecraft:oak_boat":1,"minecraft:spider_eye":1},"minecraft:picked_up":{"minecraft:wooden_axe":4,"minecraft:iron_chestplate":13,"minecraft:chainmail_boots":6,"minecraft:enchanted_book":3,"minecraft:brewing_stand":1,"minecraft:string":9,"minecraft:raw_copper":167,"minecraft:iron_leggings":8,"minecraft:oak_sign":1,"minecraft:cobbled_deepslate":2411,"minecraft:spruce_planks":5,"minecraft:redstone_torch":4,"minecraft:rose_bush":2,"minecraft:cobblestone_slab":76,"minecraft:iron_pickaxe":3,"minecraft:furnace":2,"minecraft:iron_boots":12,"minecraft:stick":103,"minecraft:composter":4,"minecraft:oak_fence":24,"minecraft:torch":1050,"minecraft:porkchop":78,"minecraft:golden_axe":1,"minecraft:pointed_dripstone":45,"minecraft:diorite":3,"minecraft:golden_chestplate":1,"minecraft:rotten_flesh":164,"minecraft:cobblestone":3797,"minecraft:birch_log":637,"minecraft:leather_chestplate":1,"minecraft:feather":4,"minecraft:water_bucket":6,"minecraft:andesite":84,"minecraft:brown_wool":1,"minecraft:potato":6062,"minecraft:flint":23,"minecraft:tuff":151,"minecraft:lapis_lazuli":177,"minecraft:dirt":2308,"minecraft:name_tag":1,"minecraft:bone":89,"minecraft:bow":2,"minecraft:wheat_seeds":93,"minecraft:raw_gold":97,"minecraft:fletching_table":18,"minecraft:powered_rail":9,"minecraft:moss_block":8,"minecraft:oak_planks":420,"minecraft:cooked_porkchop":109,"minecraft:poisonous_potato":42,"minecraft:barrel":1,"minecraft:iron_hoe":5,"minecraft:diamond":109,"minecraft:granite":16,"minecraft:golden_apple":3,"minecraft:spruce_button":1,"minecraft:bread":17,"minecraft:oak_sapling":33,"minecraft:diamond_pickaxe":10,"minecraft:crafting_table":13,"minecraft:coarse_dirt":1,"minecraft:chicken":4,"minecraft:clay_ball":24,"minecraft:wooden_pickaxe":2,"minecraft:shield":13,"minecraft:iron_axe":4,"minecraft:iron_shovel":4,"minecraft:beef":8,"minecraft:oak_boat":17,"minecraft:poppy":10,"minecraft:lectern":392,"minecraft:minecart":11,"minecraft:chest":4,"minecraft:birch_sapling":7,"minecraft:egg":3,"minecraft:raw_iron":239,"minecraft:carrot":2076,"minecraft:redstone":83,"minecraft:arrow":119,"minecraft:pumpkin_pie":1,"minecraft:gold_ingot":3,"minecraft:glow_berries":9,"minecraft:mutton":48,"minecraft:white_wool":63,"minecraft:rail":115,"minecraft:stripped_oak_log":1,"minecraft:golden_carrot":14,"minecraft:glow_ink_sac":12,"minecraft:leather":15,"minecraft:birch_planks":1,"minecraft:oak_log":2272,"minecraft:yellow_bed":2,"minecraft:gunpowder":11,"minecraft:cobblestone_stairs":12,"minecraft:blue_bed":13,"minecraft:cooked_mutton":95,"minecraft:apple":20,"minecraft:iron_ingot":475,"minecraft:stone_pickaxe":1,"minecraft:iron_sword":8,"minecraft:book":74,"minecraft:oak_slab":1,"minecraft:dandelion":8,"minecraft:gravel":239,"minecraft:blast_furnace":1,"minecraft:white_bed":20,"minecraft:spruce_log":143,"minecraft:spider_eye":11,"minecraft:stone_axe":1,"minecraft:iron_helmet":9,"minecraft:diamond_axe":1,"minecraft:gray_wool":1,"minecraft:oak_button":3,"minecraft:baked_potato":75,"minecraft:coal":1122,"minecraft:hopper":2},"minecraft:used":{"minecraft:moss_block":5,"minecraft:iron_shovel":1901,"minecraft:oak_sign":10,"minecraft:chest":27,"minecraft:shield":235,"minecraft:iron_sword":193,"minecraft:rotten_flesh":14,"minecraft:iron_chestplate":2,"minecraft:carrot":809,"minecraft:spruce_boat":1,"minecraft:lava_bucket":2,"minecraft:bow":4,"minecraft:furnace":16,"minecraft:potato":2177,"minecraft:diorite":1,"minecraft:stone_pickaxe":314,"minecraft:powered_rail":18,"minecraft:oak_planks":14,"minecraft:wooden_pickaxe":48,"minecraft:leather_chestplate":1,"minecraft:blue_bed":10,"minecraft:diamond_axe":3209,"minecraft:glow_berries":19,"minecraft:blast_furnace":1,"minecraft:redstone_torch":13,"minecraft:bread":24,"minecraft:lectern":394,"minecraft:andesite":2,"minecraft:oak_boat":19,"minecraft:bone_meal":81,"minecraft:oak_fence":227,"minecraft:spruce_planks":17,"minecraft:cooked_chicken":2,"minecraft:torch":1272,"minecraft:dirt":850,"minecraft:anvil":1,"minecraft:hopper":3,"minecraft:oak_fence_gate":4,"minecraft:iron_hoe":576,"minecraft:wooden_axe":37,"minecraft:bookshelf":9,"minecraft:iron_axe":843,"minecraft:barrel":4,"minecraft:golden_carrot":2,"minecraft:minecart":12,"minecraft:cobbled_deepslate":54,"minecraft:cooked_mutton":21,"minecraft:water_bucket":239,"minecraft:cobblestone_stairs":22,"minecraft:birch_planks":1,"minecraft:baked_potato":103,"minecraft:fletching_table":19,"minecraft:cobblestone_slab":129,"minecraft:rail":158,"minecraft:oak_slab":6,"minecraft:crafting_table":28,"minecraft:white_bed":30,"minecraft:oak_log":1,"minecraft:diamond_pickaxe":6517,"minecraft:apple":1,"minecraft:diamond_shovel":89,"minecraft:oak_button":7,"minecraft:iron_pickaxe":348,"minecraft:stone_axe":42,"minecraft:cobblestone":557,"minecraft:porkchop":5,"minecraft:cooked_porkchop":56,"minecraft:bucket":242,"minecraft:yellow_bed":2,"minecraft:pumpkin_pie":1},"minecraft:killed":{"minecraft:cave_spider":1,"minecraft:spider":11,"minecraft:skeleton":47,"minecraft:chicken":3,"minecraft:wolf":1,"minecraft:pig":20,"minecraft:zombie_villager":1,"minecraft:iron_golem":6,"minecraft:creeper":8,"minecraft:sheep":29,"minecraft:zombie":94,"minecraft:cow":6,"minecraft:horse":1,"minecraft:drowned":1,"minecraft:villager":2},"minecraft:broken":{"minecraft:iron_shovel":6,"minecraft:iron_boots":1,"minecraft:stone_pickaxe":1,"minecraft:diamond_pickaxe":2,"minecraft:iron_sword":1,"minecraft:wooden_axe":1,"minecraft:iron_hoe":2,"minecraft:shield":3,"minecraft:diamond_axe":1,"minecraft:iron_axe":2,"minecraft:iron_pickaxe":1,"minecraft:iron_helmet":1},"minecraft:mined":{"minecraft:spruce_planks":1,"minecraft:white_bed":15,"minecraft:farmland":1,"minecraft:cobblestone_stairs":13,"minecraft:cave_vines_plant":1,"minecraft:granite":6,"minecraft:grass_block":915,"minecraft:composter":4,"minecraft:hopper":2,"minecraft:spawner":1,"minecraft:iron_ore":83,"minecraft:cobbled_deepslate":11,"minecraft:fletching_table":17,"minecraft:deepslate_lapis_ore":3,"minecraft:cave_vines":3,"minecraft:dirt_path":19,"minecraft:oak_stairs":68,"minecraft:deepslate_redstone_ore":18,"minecraft:powder_snow":5,"minecraft:clay":4,"minecraft:torch":49,"minecraft:poppy":1,"minecraft:chest":4,"minecraft:cobblestone":199,"minecraft:oak_planks":35,"minecraft:wall_torch":37,"minecraft:white_terracotta":47,"minecraft:powered_rail":9,"minecraft:birch_log":587,"minecraft:grass":420,"minecraft:oak_log":2085,"minecraft:dirt":601,"minecraft:oak_leaves":194,"minecraft:deepslate":3053,"minecraft:tuff":234,"minecraft:mossy_cobblestone":4,"minecraft:deepslate_diamond_ore":61,"minecraft:spruce_leaves":25,"minecraft:moss_block":9,"minecraft:large_fern":7,"minecraft:redstone_ore":1,"minecraft:oak_trapdoor":2,"minecraft:carrots":622,"minecraft:andesite":67,"minecraft:bookshelf":11,"minecraft:potatoes":1817,"minecraft:deepslate_iron_ore":116,"minecraft:cobblestone_slab":84,"minecraft:rail":112,"minecraft:stone":2522,"minecraft:white_wool":1,"minecraft:redstone_wall_torch":1,"minecraft:podzol":2,"minecraft:oak_slab":1,"minecraft:glass_pane":5,"minecraft:dandelion":5,"minecraft:oak_fence":29,"minecraft:crafting_table":6,"minecraft:rose_bush":2,"minecraft:lectern":392,"minecraft:tall_grass":18,"minecraft:copper_ore":25,"minecraft:lapis_ore":10,"minecraft:deepslate_gold_ore":28,"minecraft:diorite":3,"minecraft:blue_bed":8,"minecraft:birch_planks":1,"minecraft:redstone_torch":3,"minecraft:ice":3,"minecraft:spruce_log":153,"minecraft:birch_leaves":11,"minecraft:yellow_bed":3,"minecraft:coal_ore":444,"minecraft:gravel":70,"minecraft:terracotta":2,"minecraft:fern":5},"minecraft:custom":{"minecraft:interact_with_crafting_table":221,"minecraft:open_barrel":3,"minecraft:leave_game":28,"minecraft:time_since_death":138986,"minecraft:sprint_one_cm":2971120,"minecraft:damage_blocked_by_shield":15165,"minecraft:drop":598,"minecraft:talked_to_villager":680,"minecraft:play_time":900177,"minecraft:deaths":12,"minecraft:jump":12789,"minecraft:walk_on_water_one_cm":59089,"minecraft:interact_with_furnace":278,"minecraft:traded_with_villager":636,"minecraft:sleep_in_bed":49,"minecraft:damage_dealt":40825,"minecraft:player_kills":1,"minecraft:crouch_one_cm":59637,"minecraft:horse_one_cm":3302,"minecraft:mob_kills":243,"minecraft:interact_with_anvil":12,"minecraft:inspect_hopper":10,"minecraft:interact_with_campfire":4,"minecraft:climb_one_cm":2744,"minecraft:walk_one_cm":3159139,"minecraft:sneak_time":20031,"minecraft:walk_under_water_one_cm":12469,"minecraft:boat_one_cm":117761,"minecraft:interact_with_blast_furnace":2,"minecraft:total_world_time":900177,"minecraft:time_since_rest":46271,"minecraft:damage_taken":12257,"minecraft:minecart_one_cm":5436,"minecraft:swim_one_cm":98539,"minecraft:fly_one_cm":2389283,"minecraft:open_chest":800,"minecraft:fall_one_cm":323815}},"DataVersion":3465}