{"stats":{"minecraft:custom":{"minecraft:interact_with_furnace":78,"minecraft:mob_kills":35,"minecraft:interact_with_crafting_table":32,"minecraft:interact_with_campfire":4,"minecraft:time_since_death":48370,"minecraft:sleep_in_bed":4,"minecraft:time_since_rest":32263,"minecraft:sprint_one_cm":327068,"minecraft:damage_taken":2407,"minecraft:walk_one_cm":165182,"minecraft:damage_blocked_by_shield":1890,"minecraft:drop":3,"minecraft:damage_dealt":5815,"minecraft:swim_one_cm":20870,"minecraft:fly_one_cm":235501,"minecraft:player_kills":1,"minecraft:open_chest":9,"minecraft:crouch_one_cm":12976,"minecraft:play_time":83868,"minecraft:deaths":3,"minecraft:sneak_time":5829,"minecraft:walk_under_water_one_cm":5824,"minecraft:jump":1786,"minecraft:walk_on_water_one_cm":10744,"minecraft:total_world_time":83868,"minecraft:fall_one_cm":56632},"minecraft:killed_by":{"minecraft:skeleton":3},"minecraft:broken":{"minecraft:stone_pickaxe":1,"minecraft:wooden_axe":1},"minecraft:used":{"minecraft:moss_block":1,"minecraft:cooked_mutton":3,"minecraft:diorite":1,"minecraft:stone_pickaxe":314,"minecraft:oak_planks":14,"minecraft:shield":30,"minecraft:chest":1,"minecraft:spruce_planks":16,"minecraft:wooden_pickaxe":48,"minecraft:blue_bed":4,"minecraft:iron_chestplate":1,"minecraft:glow_berries":10,"minecraft:torch":272,"minecraft:dirt":16,"minecraft:crafting_table":9,"minecraft:wooden_axe":37,"minecraft:iron_axe":37,"minecraft:bread":6,"minecraft:iron_pickaxe":55,"minecraft:stone_axe":42,"minecraft:cobblestone":41,"minecraft:cooked_porkchop":14,"minecraft:furnace":8,"minecraft:porkchop":5,"minecraft:andesite":2,"minecraft:pumpkin_pie":1},"minecraft:crafted":{"minecraft:oak_planks":144,"minecraft:cooked_porkchop":9,"minecraft:crafting_table":7,"minecraft:spruce_planks":28,"minecraft:iron_helmet":1,"minecraft:wooden_pickaxe":1,"minecraft:furnace":8,"minecraft:stone_axe":2,"minecraft:air":0,"minecraft:iron_boots":1,"minecraft:iron_chestplate":1,"minecraft:shield":1,"minecraft:iron_axe":1,"minecraft:stick":148,"minecraft:iron_ingot":44,"minecraft:iron_pickaxe":2,"minecraft:stone_pickaxe":4,"minecraft:wooden_axe":1,"minecraft:chest":1,"minecraft:iron_leggings":1,"minecraft:torch":476},"minecraft:mined":{"minecraft:podzol":1,"minecraft:tuff":9,"minecraft:deepslate_diamond_ore":5,"minecraft:crafting_table":1,"minecraft:granite":4,"minecraft:grass_block":6,"minecraft:tall_grass":2,"minecraft:cobblestone":1,"minecraft:spruce_leaves":4,"minecraft:moss_block":6,"minecraft:wall_torch":1,"minecraft:blue_bed":4,"minecraft:spawner":1,"minecraft:large_fern":3,"minecraft:iron_ore":30,"minecraft:spruce_log":8,"minecraft:andesite":1,"minecraft:grass":3,"minecraft:coal_ore":118,"minecraft:oak_log":20,"minecraft:cave_vines":2,"minecraft:deepslate_iron_ore":37,"minecraft:gravel":2,"minecraft:dirt":13,"minecraft:stone":152,"minecraft:white_wool":1,"minecraft:oak_leaves":3,"minecraft:deepslate":46},"minecraft:dropped":{"minecraft:stone_axe":1,"minecraft:oak_log":1,"minecraft:torch":60},"minecraft:killed":{"minecraft:cave_spider":1,"minecraft:pig":8,"minecraft:creeper":2,"minecraft:sheep":2,"minecraft:skeleton":10,"minecraft:zombie":9,"minecraft:chicken":3},"minecraft:picked_up":{"minecraft:wooden_axe":3,"minecraft:crafting_table":3,"minecraft:iron_chestplate":3,"minecraft:feather":4,"minecraft:chicken":3,"minecraft:glow_ink_sac":3,"minecraft:andesite":3,"minecraft:wooden_pickaxe":2,"minecraft:tuff":13,"minecraft:oak_log":43,"minecraft:gunpowder":5,"minecraft:dirt":20,"minecraft:blue_bed":8,"minecraft:raw_copper":5,"minecraft:cooked_mutton":3,"minecraft:bone":9,"minecraft:bow":1,"minecraft:wheat_seeds":6,"minecraft:cobbled_deepslate":45,"minecraft:stone_pickaxe":1,"minecraft:moss_block":4,"minecraft:iron_boots":1,"minecraft:egg":2,"minecraft:raw_iron":67,"minecraft:stick":16,"minecraft:cooked_porkchop":7,"minecraft:torch":94,"minecraft:gravel":10,"minecraft:porkchop":39,"minecraft:pointed_dripstone":20,"minecraft:diorite":1,"minecraft:spruce_log":7,"minecraft:arrow":16,"minecraft:rotten_flesh":6,"minecraft:diamond":5,"minecraft:stone_axe":1,"minecraft:pumpkin_pie":1,"minecraft:granite":4,"minecraft:golden_apple":1,"minecraft:bread":6,"minecraft:baked_potato":3,"minecraft:oak_sapling":2,"minecraft:glow_berries":3,"minecraft:mutton":4,"minecraft:coal":434,"minecraft:white_wool":3,"minecraft:cobblestone":159}},"DataVersion":3465}