{"stats":{"minecraft:crafted":{"minecraft:oak_planks":5908,"minecraft:cobblestone_slab":186,"minecraft:oak_sign":9,"minecraft:barrel":3,"minecraft:cooked_chicken":2,"minecraft:cobblestone_stairs":40,"minecraft:diamond_shovel":1,"minecraft:bookshelf":3,"minecraft:cooked_mutton":22,"minecraft:hopper":1,"minecraft:iron_boots":2,"minecraft:chest":24,"minecraft:oak_button":8,"minecraft:rail":80,"minecraft:birch_button":24,"minecraft:oak_fence":213,"minecraft:oak_slab":24,"minecraft:emerald":191,"minecraft:cooked_porkchop":48,"minecraft:diamond_axe":3,"minecraft:crafting_table":19,"minecraft:spruce_planks":528,"minecraft:wooden_pickaxe":1,"minecraft:baked_potato":108,"minecraft:iron_helmet":3,"minecraft:fletching_table":2,"minecraft:birch_planks":2200,"minecraft:lectern":2,"minecraft:iron_chestplate":2,"minecraft:diamond_pickaxe":5,"minecraft:charcoal":68,"minecraft:shield":5,"minecraft:stick":12028,"minecraft:iron_ingot":107,"minecraft:iron_pickaxe":3,"minecraft:redstone_torch":10,"minecraft:spruce_button":17,"minecraft:furnace":16,"minecraft:bone_meal":81,"minecraft:iron_axe":4,"minecraft:iron_hoe":3,"minecraft:stone_pickaxe":4,"minecraft:spruce_boat":1,"minecraft:minecart":2,"minecraft:powered_rail":12,"minecraft:iron_sword":1,"minecraft:bucket":3,"minecraft:stone_axe":2,"minecraft:enchanted_book":5,"minecraft:bread":1,"minecraft:air":0,"minecraft:oak_fence_gate":4,"minecraft:oak_boat":8,"minecraft:wooden_axe":1,"minecraft:iron_shovel":10,"minecraft:iron_leggings":2,"minecraft:white_bed":15,"minecraft:torch":1228},"minecraft:killed_by":{"minecraft:creeper":5,"minecraft:skeleton":5},"minecraft:dropped":{"minecraft:iron_sword":1,"minecraft:oak_log":2,"minecraft:baked_potato":37,"minecraft:glow_ink_sac":3,"minecraft:crafting_table":1,"minecraft:cooked_porkchop":1,"minecraft:leather":1,"minecraft:emerald":6,"minecraft:dirt":2,"minecraft:gravel":4,"minecraft:stone_axe":1,"minecraft:cobbled_deepslate":11,"minecraft:wheat":2,"minecraft:rotten_flesh":12,"minecraft:oak_planks":1,"minecraft:poppy":52,"minecraft:iron_ingot":231,"minecraft:wheat_seeds":11,"minecraft:poisonous_potato":9,"minecraft:iron_helmet":1,"minecraft:cobblestone":119,"minecraft:spruce_button":18,"minecraft:stick":7,"minecraft:torch":60,"minecraft:brown_wool":1,"minecraft:iron_leggings":1,"minecraft:iron_axe":1,"minecraft:string":2,"minecraft:tuff":2,"minecraft:iron_boots":4,"minecraft:potato":852,"minecraft:shield":1,"minecraft:oak_button":2,"minecraft:spruce_planks":4,"minecraft:iron_chestplate":3,"minecraft:diamond_pickaxe":2,"minecraft:spider_eye":1},"minecraft:picked_up":{"minecraft:wooden_axe":4,"minecraft:iron_chestplate":12,"minecraft:enchanted_book":1,"minecraft:brewing_stand":1,"minecraft:string":7,"minecraft:raw_copper":156,"minecraft:iron_leggings":7,"minecraft:oak_sign":1,"minecraft:cobbled_deepslate":1877,"minecraft:spruce_planks":5,"minecraft:redstone_torch":4,"minecraft:cobblestone_slab":52,"minecraft:iron_pickaxe":3,"minecraft:furnace":2,"minecraft:iron_boots":11,"minecraft:stick":96,"minecraft:composter":4,"minecraft:oak_fence":24,"minecraft:torch":1004,"minecraft:porkchop":78,"minecraft:golden_axe":1,"minecraft:pointed_dripstone":45,"minecraft:diorite":2,"minecraft:golden_chestplate":1,"minecraft:rotten_flesh":154,"minecraft:cobblestone":3620,"minecraft:birch_log":527,"minecraft:feather":4,"minecraft:water_bucket":6,"minecraft:andesite":84,"minecraft:brown_wool":1,"minecraft:potato":6062,"minecraft:flint":21,"minecraft:tuff":97,"minecraft:dirt":2281,"minecraft:lapis_lazuli":177,"minecraft:name_tag":1,"minecraft:bone":82,"minecraft:bow":2,"minecraft:wheat_seeds":90,"minecraft:raw_gold":82,"minecraft:fletching_table":10,"minecraft:powered_rail":8,"minecraft:moss_block":8,"minecraft:oak_planks":385,"minecraft:cooked_porkchop":109,"minecraft:poisonous_potato":42,"minecraft:barrel":1,"minecraft:iron_hoe":5,"minecraft:diamond":38,"minecraft:granite":16,"minecraft:golden_apple":3,"minecraft:spruce_button":1,"minecraft:bread":17,"minecraft:oak_sapling":23,"minecraft:diamond_pickaxe":7,"minecraft:crafting_table":11,"minecraft:coarse_dirt":1,"minecraft:chicken":4,"minecraft:clay_ball":24,"minecraft:wooden_pickaxe":2,"minecraft:shield":13,"minecraft:iron_axe":3,"minecraft:iron_shovel":3,"minecraft:beef":8,"minecraft:oak_boat":13,"minecraft:poppy":9,"minecraft:minecart":9,"minecraft:lectern":390,"minecraft:chest":2,"minecraft:birch_sapling":6,"minecraft:egg":3,"minecraft:raw_iron":231,"minecraft:carrot":2076,"minecraft:redstone":58,"minecraft:arrow":114,"minecraft:pumpkin_pie":1,"minecraft:gold_ingot":3,"minecraft:glow_berries":9,"minecraft:mutton":48,"minecraft:white_wool":63,"minecraft:rail":106,"minecraft:stripped_oak_log":1,"minecraft:glow_ink_sac":12,"minecraft:leather":15,"minecraft:birch_planks":1,"minecraft:oak_log":1858,"minecraft:yellow_bed":2,"minecraft:gunpowder":11,"minecraft:cobblestone_stairs":12,"minecraft:blue_bed":13,"minecraft:cooked_mutton":95,"minecraft:apple":18,"minecraft:iron_ingot":472,"minecraft:stone_pickaxe":1,"minecraft:iron_sword":8,"minecraft:book":10,"minecraft:oak_slab":1,"minecraft:dandelion":7,"minecraft:gravel":233,"minecraft:white_bed":18,"minecraft:spruce_log":143,"minecraft:spider_eye":11,"minecraft:stone_axe":1,"minecraft:iron_helmet":6,"minecraft:gray_wool":1,"minecraft:oak_button":3,"minecraft:baked_potato":40,"minecraft:coal":722,"minecraft:hopper":2},"minecraft:used":{"minecraft:moss_block":5,"minecraft:iron_shovel":1900,"minecraft:oak_sign":10,"minecraft:chest":25,"minecraft:shield":150,"minecraft:iron_sword":193,"minecraft:rotten_flesh":14,"minecraft:iron_chestplate":1,"minecraft:carrot":809,"minecraft:spruce_boat":1,"minecraft:lava_bucket":2,"minecraft:bow":4,"minecraft:furnace":16,"minecraft:potato":2177,"minecraft:diorite":1,"minecraft:stone_pickaxe":314,"minecraft:powered_rail":17,"minecraft:oak_planks":14,"minecraft:wooden_pickaxe":48,"minecraft:blue_bed":10,"minecraft:diamond_axe":2593,"minecraft:glow_berries":19,"minecraft:redstone_torch":13,"minecraft:bread":24,"minecraft:lectern":392,"minecraft:andesite":2,"minecraft:oak_boat":15,"minecraft:bone_meal":81,"minecraft:oak_fence":227,"minecraft:spruce_planks":17,"minecraft:cooked_chicken":2,"minecraft:torch":1071,"minecraft:dirt":825,"minecraft:hopper":3,"minecraft:oak_fence_gate":4,"minecraft:iron_hoe":576,"minecraft:wooden_axe":37,"minecraft:bookshelf":1,"minecraft:iron_axe":784,"minecraft:barrel":4,"minecraft:minecart":10,"minecraft:cobbled_deepslate":43,"minecraft:cooked_mutton":21,"minecraft:water_bucket":237,"minecraft:cobblestone_stairs":22,"minecraft:birch_planks":1,"minecraft:baked_potato":66,"minecraft:fletching_table":10,"minecraft:cobblestone_slab":114,"minecraft:rail":150,"minecraft:oak_slab":6,"minecraft:crafting_table":25,"minecraft:white_bed":29,"minecraft:oak_log":1,"minecraft:diamond_pickaxe":4873,"minecraft:apple":1,"minecraft:diamond_shovel":89,"minecraft:oak_button":7,"minecraft:iron_pickaxe":348,"minecraft:stone_axe":42,"minecraft:cobblestone":503,"minecraft:cooked_porkchop":56,"minecraft:porkchop":5,"minecraft:bucket":239,"minecraft:yellow_bed":2,"minecraft:pumpkin_pie":1},"minecraft:killed":{"minecraft:cave_spider":1,"minecraft:spider":9,"minecraft:skeleton":40,"minecraft:chicken":3,"minecraft:wolf":1,"minecraft:pig":20,"minecraft:zombie_villager":1,"minecraft:iron_golem":4,"minecraft:creeper":8,"minecraft:sheep":29,"minecraft:zombie":81,"minecraft:cow":6,"minecraft:horse":1,"minecraft:drowned":1,"minecraft:villager":2},"minecraft:broken":{"minecraft:iron_shovel":6,"minecraft:iron_boots":1,"minecraft:stone_pickaxe":1,"minecraft:diamond_pickaxe":2,"minecraft:iron_sword":1,"minecraft:wooden_axe":1,"minecraft:iron_hoe":2,"minecraft:shield":2,"minecraft:iron_axe":2,"minecraft:iron_pickaxe":1,"minecraft:iron_helmet":1},"minecraft:mined":{"minecraft:spruce_planks":1,"minecraft:white_bed":13,"minecraft:farmland":1,"minecraft:cobblestone_stairs":13,"minecraft:cave_vines_plant":1,"minecraft:granite":6,"minecraft:grass_block":915,"minecraft:composter":4,"minecraft:hopper":2,"minecraft:spawner":1,"minecraft:iron_ore":82,"minecraft:cobbled_deepslate":6,"minecraft:fletching_table":9,"minecraft:deepslate_lapis_ore":3,"minecraft:cave_vines":3,"minecraft:dirt_path":19,"minecraft:oak_stairs":68,"minecraft:deepslate_redstone_ore":14,"minecraft:powder_snow":5,"minecraft:clay":4,"minecraft:torch":47,"minecraft:poppy":1,"minecraft:chest":2,"minecraft:cobblestone":160,"minecraft:oak_planks":35,"minecraft:wall_torch":31,"minecraft:white_terracotta":47,"minecraft:powered_rail":8,"minecraft:birch_log":472,"minecraft:grass":415,"minecraft:oak_log":1657,"minecraft:dirt":596,"minecraft:oak_leaves":158,"minecraft:deepslate":1904,"minecraft:tuff":122,"minecraft:mossy_cobblestone":4,"minecraft:deepslate_diamond_ore":29,"minecraft:spruce_leaves":25,"minecraft:moss_block":9,"minecraft:large_fern":7,"minecraft:redstone_ore":1,"minecraft:oak_trapdoor":2,"minecraft:carrots":622,"minecraft:andesite":67,"minecraft:bookshelf":3,"minecraft:potatoes":1817,"minecraft:cobblestone_slab":60,"minecraft:deepslate_iron_ore":115,"minecraft:rail":104,"minecraft:stone":2455,"minecraft:white_wool":1,"minecraft:redstone_wall_torch":1,"minecraft:podzol":2,"minecraft:oak_slab":1,"minecraft:glass_pane":5,"minecraft:dandelion":4,"minecraft:oak_fence":29,"minecraft:crafting_table":5,"minecraft:lectern":390,"minecraft:tall_grass":16,"minecraft:copper_ore":24,"minecraft:lapis_ore":10,"minecraft:deepslate_gold_ore":22,"minecraft:diorite":2,"minecraft:blue_bed":8,"minecraft:birch_planks":1,"minecraft:redstone_torch":3,"minecraft:ice":3,"minecraft:spruce_log":153,"minecraft:birch_leaves":10,"minecraft:yellow_bed":2,"minecraft:coal_ore":264,"minecraft:gravel":57,"minecraft:terracotta":2,"minecraft:fern":5},"minecraft:custom":{"minecraft:interact_with_crafting_table":191,"minecraft:open_barrel":3,"minecraft:leave_game":18,"minecraft:time_since_death":253686,"minecraft:sprint_one_cm":2430806,"minecraft:damage_blocked_by_shield":10410,"minecraft:drop":580,"minecraft:talked_to_villager":578,"minecraft:play_time":754584,"minecraft:deaths":11,"minecraft:jump":10773,"minecraft:walk_on_water_one_cm":42543,"minecraft:interact_with_furnace":217,"minecraft:traded_with_villager":197,"minecraft:sleep_in_bed":41,"minecraft:damage_dealt":35738,"minecraft:player_kills":1,"minecraft:crouch_one_cm":51462,"minecraft:horse_one_cm":3302,"minecraft:mob_kills":217,"minecraft:interact_with_anvil":4,"minecraft:inspect_hopper":10,"minecraft:interact_with_campfire":4,"minecraft:climb_one_cm":1962,"minecraft:walk_one_cm":2776799,"minecraft:sneak_time":17457,"minecraft:walk_under_water_one_cm":12248,"minecraft:boat_one_cm":112862,"minecraft:interact_with_blast_furnace":2,"minecraft:total_world_time":754584,"minecraft:time_since_rest":7887,"minecraft:damage_taken":10950,"minecraft:minecart_one_cm":5436,"minecraft:swim_one_cm":96649,"minecraft:fly_one_cm":1919517,"minecraft:open_chest":611,"minecraft:fall_one_cm":274711}},"DataVersion":3465}