{"stats":{"minecraft:custom":{"minecraft:mob_kills":108,"minecraft:interact_with_crafting_table":68,"minecraft:interact_with_campfire":4,"minecraft:leave_game":3,"minecraft:time_since_death":163928,"minecraft:climb_one_cm":135,"minecraft:sprint_one_cm":739519,"minecraft:walk_one_cm":442242,"minecraft:damage_blocked_by_shield":3135,"minecraft:drop":56,"minecraft:talked_to_villager":2,"minecraft:play_time":199426,"minecraft:deaths":3,"minecraft:sneak_time":7453,"minecraft:walk_under_water_one_cm":7778,"minecraft:boat_one_cm":68305,"minecraft:jump":4169,"minecraft:interact_with_blast_furnace":2,"minecraft:walk_on_water_one_cm":18064,"minecraft:total_world_time":199426,"minecraft:interact_with_furnace":162,"minecraft:sleep_in_bed":13,"minecraft:time_since_rest":6100,"minecraft:damage_taken":3791,"minecraft:damage_dealt":14341,"minecraft:swim_one_cm":64468,"minecraft:player_kills":1,"minecraft:fly_one_cm":630400,"minecraft:open_chest":30,"minecraft:crouch_one_cm":15793,"minecraft:fall_one_cm":105136},"minecraft:killed_by":{"minecraft:skeleton":3},"minecraft:broken":{"minecraft:iron_shovel":1,"minecraft:stone_pickaxe":1,"minecraft:shield":1,"minecraft:iron_axe":1,"minecraft:wooden_axe":1},"minecraft:used":{"minecraft:oak_fence":84,"minecraft:moss_block":5,"minecraft:iron_shovel":351,"minecraft:chest":4,"minecraft:spruce_planks":17,"minecraft:shield":59,"minecraft:cooked_chicken":2,"minecraft:rotten_flesh":14,"minecraft:iron_chestplate":1,"minecraft:torch":411,"minecraft:dirt":46,"minecraft:oak_fence_gate":2,"minecraft:spruce_boat":1,"minecraft:wooden_axe":37,"minecraft:iron_axe":344,"minecraft:bow":4,"minecraft:furnace":16,"minecraft:cobbled_deepslate":33,"minecraft:cooked_mutton":9,"minecraft:diorite":1,"minecraft:stone_pickaxe":314,"minecraft:baked_potato":3,"minecraft:oak_planks":14,"minecraft:wooden_pickaxe":48,"minecraft:blue_bed":10,"minecraft:glow_berries":19,"minecraft:crafting_table":19,"minecraft:white_bed":5,"minecraft:diamond_pickaxe":770,"minecraft:bread":13,"minecraft:iron_pickaxe":91,"minecraft:stone_axe":42,"minecraft:cobblestone":183,"minecraft:porkchop":5,"minecraft:cooked_porkchop":22,"minecraft:andesite":2,"minecraft:pumpkin_pie":1},"minecraft:crafted":{"minecraft:oak_planks":332,"minecraft:cooked_chicken":2,"minecraft:furnace":16,"minecraft:cooked_mutton":22,"minecraft:iron_boots":1,"minecraft:iron_axe":2,"minecraft:stone_pickaxe":4,"minecraft:chest":3,"minecraft:spruce_boat":1,"minecraft:oak_fence":87,"minecraft:cooked_porkchop":39,"minecraft:crafting_table":14,"minecraft:spruce_planks":96,"minecraft:iron_helmet":2,"minecraft:wooden_pickaxe":1,"minecraft:stone_axe":2,"minecraft:bread":1,"minecraft:air":0,"minecraft:oak_fence_gate":2,"minecraft:iron_chestplate":1,"minecraft:diamond_pickaxe":2,"minecraft:shield":2,"minecraft:stick":288,"minecraft:iron_ingot":107,"minecraft:iron_pickaxe":2,"minecraft:wooden_axe":1,"minecraft:iron_shovel":2,"minecraft:iron_leggings":1,"minecraft:white_bed":2,"minecraft:torch":616},"minecraft:mined":{"minecraft:tuff":12,"minecraft:spruce_planks":1,"minecraft:white_bed":3,"minecraft:deepslate_diamond_ore":10,"minecraft:cave_vines_plant":1,"minecraft:granite":4,"minecraft:grass_block":240,"minecraft:spruce_leaves":7,"minecraft:moss_block":9,"minecraft:spawner":1,"minecraft:large_fern":3,"minecraft:redstone_ore":1,"minecraft:iron_ore":54,"minecraft:cobbled_deepslate":6,"minecraft:andesite":16,"minecraft:cave_vines":3,"minecraft:deepslate_iron_ore":61,"minecraft:stone":729,"minecraft:white_wool":1,"minecraft:podzol":2,"minecraft:dandelion":1,"minecraft:powder_snow":5,"minecraft:oak_fence":5,"minecraft:crafting_table":2,"minecraft:poppy":1,"minecraft:chest":1,"minecraft:copper_ore":8,"minecraft:tall_grass":14,"minecraft:cobblestone":9,"minecraft:lapis_ore":10,"minecraft:oak_planks":25,"minecraft:diorite":2,"minecraft:blue_bed":8,"minecraft:wall_torch":5,"minecraft:birch_log":11,"minecraft:ice":3,"minecraft:spruce_log":45,"minecraft:birch_leaves":1,"minecraft:grass":190,"minecraft:oak_log":68,"minecraft:coal_ore":215,"minecraft:gravel":2,"minecraft:dirt":90,"minecraft:oak_leaves":15,"minecraft:deepslate":63,"minecraft:fern":3},"minecraft:dropped":{"minecraft:iron_ingot":32,"minecraft:wheat_seeds":2,"minecraft:oak_log":1,"minecraft:glow_ink_sac":3,"minecraft:iron_helmet":1,"minecraft:cobblestone":55,"minecraft:leather":1,"minecraft:torch":60,"minecraft:brown_wool":1,"minecraft:iron_leggings":1,"minecraft:iron_axe":1,"minecraft:gravel":4,"minecraft:stone_axe":1,"minecraft:tuff":1,"minecraft:wheat":2,"minecraft:rotten_flesh":4,"minecraft:iron_boots":3,"minecraft:oak_planks":1,"minecraft:spruce_planks":1,"minecraft:iron_chestplate":3,"minecraft:diamond_pickaxe":1},"minecraft:killed":{"minecraft:cave_spider":1,"minecraft:skeleton":16,"minecraft:chicken":3,"minecraft:wolf":1,"minecraft:pig":20,"minecraft:zombie_villager":1,"minecraft:creeper":3,"minecraft:sheep":25,"minecraft:zombie":24,"minecraft:cow":6},"minecraft:picked_up":{"minecraft:wooden_axe":3,"minecraft:crafting_table":5,"minecraft:iron_chestplate":6,"minecraft:chicken":3,"minecraft:wooden_pickaxe":2,"minecraft:iron_axe":2,"minecraft:raw_copper":29,"minecraft:iron_leggings":1,"minecraft:cobbled_deepslate":69,"minecraft:spruce_planks":1,"minecraft:beef":8,"minecraft:poppy":1,"minecraft:chest":1,"minecraft:birch_sapling":1,"minecraft:egg":2,"minecraft:iron_boots":3,"minecraft:stick":17,"minecraft:raw_iron":113,"minecraft:oak_fence":1,"minecraft:torch":99,"minecraft:porkchop":69,"minecraft:pointed_dripstone":20,"minecraft:diorite":2,"minecraft:redstone":20,"minecraft:golden_chestplate":1,"minecraft:arrow":22,"minecraft:rotten_flesh":19,"minecraft:pumpkin_pie":1,"minecraft:glow_berries":9,"minecraft:mutton":44,"minecraft:white_wool":25,"minecraft:cobblestone":851,"minecraft:birch_log":11,"minecraft:feather":4,"minecraft:glow_ink_sac":6,"minecraft:andesite":18,"minecraft:brown_wool":1,"minecraft:leather":1,"minecraft:tuff":16,"minecraft:oak_log":92,"minecraft:gunpowder":5,"minecraft:lapis_lazuli":61,"minecraft:dirt":326,"minecraft:blue_bed":13,"minecraft:cooked_mutton":3,"minecraft:bone":18,"minecraft:bow":1,"minecraft:wheat_seeds":27,"minecraft:stone_pickaxe":1,"minecraft:iron_ingot":14,"minecraft:moss_block":8,"minecraft:oak_planks":37,"minecraft:cooked_porkchop":7,"minecraft:dandelion":2,"minecraft:gravel":12,"minecraft:white_bed":3,"minecraft:spruce_log":41,"minecraft:diamond":10,"minecraft:stone_axe":1,"minecraft:granite":4,"minecraft:golden_apple":1,"minecraft:bread":6,"minecraft:baked_potato":3,"minecraft:oak_sapling":3,"minecraft:coal":531}},"DataVersion":3465}